The files belonging to this database system will be owned by user "postgres".
This user must also own the server process.

Using language tag "en-US" for ICU locale "en_US.UTF-8".
The database cluster will be initialized with this locale configuration:
  locale provider:   icu
  default collation: en-US
  LC_COLLATE:  en_US.UTF-8
  LC_CTYPE:    en_US.UTF-8
  LC_MESSAGES: en_US.UTF-8
  LC_MONETARY: en_US.UTF-8
  LC_NUMERIC:  en_US.UTF-8
  LC_TIME:     en_US.UTF-8
The default text search configuration will be set to "english".

Data page checksums are disabled.

fixing permissions on existing directory /var/lib/postgresql/data ... ok
creating subdirectories ... ok
selecting dynamic shared memory implementation ... posix
selecting default "max_connections" ... 100
selecting default "shared_buffers" ... 128MB
selecting default time zone ... UTC
creating configuration files ... ok
running bootstrap script ... ok
performing post-bootstrap initialization ... ok
initdb: warning: enabling "trust" authentication for local connections
initdb: hint: You can change this by editing pg_hba.conf or using the option -A, or --auth-local and --auth-host, the next time you run initdb.
syncing data to disk ... ok


Success. You can now start the database server using:

    /nix/var/nix/profiles/default/bin/pg_ctl -D /var/lib/postgresql/data -l logfile start

waiting for server to start.... 2026-10-03 20:47:38.907 UTC [53] LOG:  pgaudit extension initialized
 2026-10-03 20:47:38.924 UTC [53] LOG:  pgsodium primary server secret key loaded
 2026-10-03 20:47:38.931 UTC [53] LOG:  vault primary server secret key loaded
 2026-10-03 20:47:38.963 UTC [53] LOG:  starting PostgreSQL 17.6 on x86_64-pc-linux-gnu, compiled by gcc (GCC) 15.2.0, 64-bit
 2026-10-03 20:47:38.967 UTC [53] LOG:  listening on Unix socket "/var/run/postgresql/.s.PGSQL.5432"
 2026-10-03 20:47:38.982 UTC [63] LOG:  database system was shut down at 2026-10-03 20:47:34 UTC
 2026-10-03 20:47:39.000 UTC [53] LOG:  database system is ready to accept connections
 2026-10-03 20:47:39.007 UTC [67] LOG:  pg_cron scheduler started
 done
server started

/usr/local/bin/docker-entrypoint.sh: running /docker-entrypoint-initdb.d/00-roles.sql
[local] 2026-10-03 20:47:39.127 UTC [73] supabase_admin@postgres LOG:  statement: create role postgres login nosuperuser inherit createrole nocreatedb noreplication bypassrls password 'postgres';
CREATE ROLE
[local] 2026-10-03 20:47:39.138 UTC [73] supabase_admin@postgres LOG:  statement: create role anon nologin nosuperuser inherit nocreaterole nocreatedb noreplication nobypassrls;
CREATE ROLE
[local] 2026-10-03 20:47:39.142 UTC [73] supabase_admin@postgres LOG:  statement: create role authenticated nologin nosuperuser inherit nocreaterole nocreatedb noreplication nobypassrls;
CREATE ROLE
[local] 2026-10-03 20:47:39.146 UTC [73] supabase_admin@postgres LOG:  statement: create role service_role nologin nosuperuser inherit nocreaterole nocreatedb noreplication bypassrls;
CREATE ROLE
[local] 2026-10-03 20:47:39.151 UTC [73] supabase_admin@postgres LOG:  statement: create role authenticator login nosuperuser noinherit nocreaterole nocreatedb noreplication nobypassrls password 'postgres';
CREATE ROLE
[local] 2026-10-03 20:47:39.159 UTC [73] supabase_admin@postgres LOG:  statement: create role supabase_auth_admin login nosuperuser noinherit nocreaterole nocreatedb noreplication nobypassrls password 'postgres';
CREATE ROLE
[local] 2026-10-03 20:47:39.167 UTC [73] supabase_admin@postgres LOG:  statement: alter database postgres owner to postgres;
ALTER DATABASE
[local] 2026-10-03 20:47:39.172 UTC [73] supabase_admin@postgres LOG:  statement: grant anon, authenticated, service_role, authenticator to postgres with admin option;
GRANT ROLE
[local] 2026-10-03 20:47:39.178 UTC [73] supabase_admin@postgres LOG:  statement: grant anon, authenticated, service_role to authenticator with inherit false, set true;
GRANT ROLE
[local] 2026-10-03 20:47:39.184 UTC [73] supabase_admin@postgres LOG:  statement: create schema auth authorization supabase_admin;
CREATE SCHEMA
[local] 2026-10-03 20:47:39.188 UTC [73] supabase_admin@postgres LOG:  statement: grant usage on schema auth to postgres, anon, authenticated, service_role;
GRANT
[local] 2026-10-03 20:47:39.193 UTC [73] supabase_admin@postgres LOG:  statement: grant all on schema auth to supabase_auth_admin;
GRANT
[local] 2026-10-03 20:47:39.197 UTC [73] supabase_admin@postgres LOG:  statement: create table auth.users (
	  id uuid primary key
	);
CREATE TABLE
[local] 2026-10-03 20:47:39.209 UTC [73] supabase_admin@postgres LOG:  statement: alter table auth.users owner to supabase_auth_admin;
ALTER TABLE
[local] 2026-10-03 20:47:39.214 UTC [73] supabase_admin@postgres LOG:  statement: grant all on table auth.users to supabase_auth_admin;
GRANT
[local] 2026-10-03 20:47:39.218 UTC [73] supabase_admin@postgres LOG:  statement: grant select, references on table auth.users to postgres with grant option;
GRANT
[local] 2026-10-03 20:47:39.223 UTC [73] supabase_admin@postgres LOG:  statement: create function auth.uid() returns uuid
	language sql stable
	as $$
	  select coalesce(
	    nullif(current_setting('request.jwt.claim.sub', true), ''),
	    (nullif(current_setting('request.jwt.claims', true), '')::jsonb ->> 'sub')
	  )::uuid
	$$;
CREATE FUNCTION
[local] 2026-10-03 20:47:39.228 UTC [73] supabase_admin@postgres LOG:  statement: alter function auth.uid() owner to supabase_auth_admin;
ALTER FUNCTION


waiting for server to shut down.... 2026-10-03 20:47:39.239 UTC [53] LOG:  received fast shutdown request
 2026-10-03 20:47:39.242 UTC [53] LOG:  aborting any active transactions
 2026-10-03 20:47:39.243 UTC [67] LOG:  pg_cron scheduler shutting down
 2026-10-03 20:47:39.244 UTC [53] LOG:  background worker "logical replication launcher" (PID 68) exited with exit code 1
 2026-10-03 20:47:39.245 UTC [53] LOG:  background worker "pg_net 0.20.0 worker" (PID 66) exited with exit code 1
 2026-10-03 20:47:39.245 UTC [53] LOG:  background worker "pg_cron launcher" (PID 67) exited with exit code 1
 2026-10-03 20:47:39.245 UTC [61] LOG:  shutting down
 2026-10-03 20:47:39.249 UTC [61] LOG:  checkpoint starting: shutdown immediate
 2026-10-03 20:47:39.495 UTC [61] LOG:  checkpoint complete: wrote 61 buffers (0.4%); 0 WAL file(s) added, 0 removed, 0 recycled; write=0.002 s, sync=0.220 s, total=0.250 s; sync files=55, longest=0.006 s, average=0.004 s; distance=175 kB, estimate=175 kB; lsn=0/1516D80, redo lsn=0/1516D80
 2026-10-03 20:47:39.517 UTC [53] LOG:  database system is shut down
 done
server stopped

PostgreSQL init process complete; ready for start up.

 2026-10-03 20:47:39.563 UTC [1] LOG:  pgaudit extension initialized
 2026-10-03 20:47:39.569 UTC [1] LOG:  pgsodium primary server secret key loaded
 2026-10-03 20:47:39.572 UTC [1] LOG:  vault primary server secret key loaded
 2026-10-03 20:47:39.604 UTC [1] LOG:  starting PostgreSQL 17.6 on x86_64-pc-linux-gnu, compiled by gcc (GCC) 15.2.0, 64-bit
 2026-10-03 20:47:39.604 UTC [1] LOG:  listening on IPv4 address "0.0.0.0", port 5432
 2026-10-03 20:47:39.604 UTC [1] LOG:  listening on IPv6 address "::", port 5432
 2026-10-03 20:47:39.617 UTC [1] LOG:  listening on Unix socket "/var/run/postgresql/.s.PGSQL.5432"
 2026-10-03 20:47:39.627 UTC [88] LOG:  database system was shut down at 2026-10-03 20:47:39 UTC
 2026-10-03 20:47:39.636 UTC [1] LOG:  database system is ready to accept connections
 2026-10-03 20:47:39.641 UTC [92] LOG:  pg_cron scheduler started
172.17.0.1 2026-10-03 20:47:40.613 UTC [95] postgres@postgres LOG:  statement: create role app_ledger nologin noinherit nobypassrls
172.17.0.1 2026-10-03 20:47:40.621 UTC [95] postgres@postgres LOG:  statement: grant "app_ledger" to "postgres"
172.17.0.1 2026-10-03 20:47:40.628 UTC [95] postgres@postgres LOG:  statement: create role app_assistant_ro nologin noinherit nobypassrls
172.17.0.1 2026-10-03 20:47:40.634 UTC [95] postgres@postgres LOG:  statement: grant "app_assistant_ro" to "postgres"
172.17.0.1 2026-10-03 20:47:40.640 UTC [95] postgres@postgres LOG:  statement: create role brain_vector_worker nologin noinherit nobypassrls
172.17.0.1 2026-10-03 20:47:40.649 UTC [95] postgres@postgres LOG:  statement: grant "brain_vector_worker" to "postgres"
172.17.0.1 2026-10-03 20:47:40.661 UTC [95] postgres@postgres LOG:  statement: create extension if not exists vector
172.17.0.1 2026-10-03 20:47:40.699 UTC [95] postgres@postgres LOG:  statement: create extension if not exists pg_trgm
172.17.0.1 2026-10-03 20:47:40.751 UTC [96] supabase_admin@postgres LOG:  statement: CREATE SCHEMA IF NOT EXISTS public;
172.17.0.1 2026-10-03 20:47:40.751 UTC [96] supabase_admin@postgres LOG:  statement: COMMENT ON SCHEMA public IS 'standard public schema';
172.17.0.1 2026-10-03 20:47:40.752 UTC [96] supabase_admin@postgres LOG:  statement: CREATE FUNCTION public.ack_brain_vector_job(chunk_id uuid, generation text, revision bigint) RETURNS boolean
	    LANGUAGE plpgsql SECURITY DEFINER
	    AS $$
	declare
	  acked public.brain_vector_outbox%rowtype;
	  indexed_hash text;
	  indexed_generation text;
	begin
	  delete from public.brain_vector_outbox o
	  where o.chunk_id = ack_brain_vector_job.chunk_id
	    and o.collection_generation = ack_brain_vector_job.generation
	    and o.revision = ack_brain_vector_job.revision
	    and o.status = 'running'
	  returning o.* into acked;
	
	  if not found then
	    return false;
	  end if;
	
	  indexed_hash := case
	    when acked.desired_operation = 'upsert' then acked.desired_content_hash
	  end;
	  indexed_generation := case
	    when acked.desired_operation = 'upsert' then acked.collection_generation
	  end;
	
	  update public.knowledge_chunks chunk
	  set vector_indexed_hash = indexed_hash,
	      vector_indexed_generation = indexed_generation
	  where chunk.id = ack_brain_vector_job.chunk_id
	    and chunk.org_id = acked.org_id
	    and (
	      chunk.vector_indexed_hash is distinct from indexed_hash
	      or chunk.vector_indexed_generation is distinct from indexed_generation
	    );
	
	  update public.knowledge_chunks chunk
	  set embedding = null,
	      embedding_model = null,
	      updated_at = now()
	  from public.brain_vector_generations active
	  where active.generation = ack_brain_vector_job.generation
	    and active.is_active
	    and active.storage_mode = 'qdrant'
	    and chunk.id = ack_brain_vector_job.chunk_id
	    and chunk.org_id = acked.org_id
	    and (chunk.embedding is not null or chunk.embedding_model is not null);
	
	  return true;
	end;
	$$;
172.17.0.1 2026-10-03 20:47:40.752 UTC [96] supabase_admin@postgres LOG:  statement: CREATE FUNCTION public.brain_vector_app_generation_mode() RETURNS text
	    LANGUAGE sql STABLE SECURITY DEFINER
	    AS $$
	  select generation.storage_mode
	  from public.brain_vector_generations generation
	  where generation.is_active and generation.enqueue_enabled
	  limit 1;
	$$;
172.17.0.1 2026-10-03 20:47:40.753 UTC [96] supabase_admin@postgres LOG:  statement: CREATE FUNCTION public.brain_vector_app_source_pending_count(p_source_id uuid) RETURNS bigint
	    LANGUAGE sql STABLE SECURITY DEFINER
	    AS $$
	  with active as (
	    select generation.generation
	    from public.brain_vector_generations generation
	    where generation.is_active and generation.enqueue_enabled
	    limit 1
	  )
	  select count(*)
	  from public.knowledge_chunks chunk
	  left join public.brain_vector_outbox job
	    on job.chunk_id = chunk.id
	    and job.collection_generation = (select generation from active)
	  where chunk.org_id = current_setting('app.current_org_id', true)
	    and chunk.source_id = p_source_id
	    and (
	      job.status in ('queued', 'running', 'dead')
	      or chunk.vector_indexed_hash is distinct from chunk.content_hash
	      or chunk.vector_indexed_generation is distinct from (select generation from active)
	    );
	$$;
172.17.0.1 2026-10-03 20:47:40.753 UTC [96] supabase_admin@postgres LOG:  statement: CREATE FUNCTION public.brain_vector_app_source_state(p_source_id uuid) RETURNS text
	    LANGUAGE sql STABLE SECURITY DEFINER
	    AS $$
	  with active as (
	    select generation.generation
	    from public.brain_vector_generations generation
	    where generation.is_active and generation.enqueue_enabled
	    limit 1
	  )
	  select case
	    when count(*) filter (where job.status = 'dead') > 0 then 'failed'
	    when count(*) filter (
	      where job.status in ('queued', 'running')
	        or chunk.vector_indexed_hash is distinct from chunk.content_hash
	        or chunk.vector_indexed_generation is distinct from (select generation from active)
	    ) > 0 then 'queued'
	    else 'ready'
	  end
	  from public.knowledge_chunks chunk
	  left join public.brain_vector_outbox job
	    on job.chunk_id = chunk.id
	    and job.collection_generation = (select generation from active)
	  where chunk.org_id = current_setting('app.current_org_id', true)
	    and chunk.source_id = p_source_id;
	$$;
172.17.0.1 2026-10-03 20:47:40.753 UTC [96] supabase_admin@postgres LOG:  statement: CREATE FUNCTION public.brain_vector_worker_status(p_generation text) RETURNS TABLE(queued bigint, running bigint, dead bigint, oldest_queued_at timestamp with time zone, canonical_chunks bigint, last_reconcile_at timestamp with time zone)
	    LANGUAGE plpgsql SECURITY DEFINER
	    AS $$
	begin
	  if not exists (
	    select 1 from public.brain_vector_generations g where g.generation = p_generation
	  ) then
	    raise exception 'unknown brain vector generation: %', p_generation using errcode = '22023';
	  end if;
	
	  return query
	  select
	    count(*) filter (where o.status = 'queued')::bigint,
	    count(*) filter (where o.status = 'running')::bigint,
	    count(*) filter (where o.status = 'dead')::bigint,
	    min(o.available_at) filter (where o.status = 'queued'),
	    (
	      select count(*)::bigint
	      from public.knowledge_chunks k
	      join public.brain_vector_generations g on g.generation = p_generation
	      where g.storage_mode = 'qdrant'
	         or (k.embedding is not null and k.embedding_model = g.embedding_model)
	    ),
	    (
	      select s.last_completed_at
	      from public.brain_vector_reconcile_state s
	      where s.collection_generation = p_generation
	    )
	  from public.brain_vector_outbox o
	  where o.collection_generation = p_generation;
	end;
	$$;
172.17.0.1 2026-10-03 20:47:40.754 UTC [96] supabase_admin@postgres LOG:  statement: CREATE FUNCTION public.claim_brain_vector_jobs(p_generation text, worker_id text, job_limit integer DEFAULT 100, lease_seconds integer DEFAULT 60) RETURNS TABLE(chunk_id uuid, org_id text, generation text, operation text, revision bigint, attempts integer, source_id uuid, document_id uuid, kind text, occurred_at timestamp with time zone, content_hash text, embedding_model text, embedding text, chunk_text text, context_prefix text)
	    LANGUAGE sql SECURITY DEFINER
	    AS $$
	  with claimed as (
	    select o.chunk_id, o.collection_generation
	    from public.brain_vector_outbox o
	    where o.collection_generation = p_generation
	    and (
	      (o.status = 'queued' and o.available_at <= now())
	      or (o.status = 'running' and o.lease_until < now())
	    )
	    order by o.available_at, o.updated_at, o.chunk_id
	    for update skip locked
	    limit least(greatest(job_limit, 1), 500)
	  ), leased as (
	    update public.brain_vector_outbox o
	    set status = 'running',
	        attempts = o.attempts + 1,
	        lease_owner = left(worker_id, 200),
	        lease_until = now() + make_interval(secs => least(greatest(lease_seconds, 10), 900)),
	        updated_at = now()
	    from claimed c
	    where o.chunk_id = c.chunk_id
	      and o.collection_generation = c.collection_generation
	    returning o.*
	  )
	  select
	    l.chunk_id,
	    l.org_id,
	    l.collection_generation,
	    case when k.id is null then 'delete' else l.desired_operation end,
	    l.revision,
	    l.attempts,
	    k.source_id,
	    k.document_id,
	    k.kind,
	    k.occurred_at,
	    k.content_hash,
	    g.embedding_model,
	    k.embedding::text,
	    k.chunk_text,
	    k.context_prefix
	  from leased l
	  join public.brain_vector_generations g
	    on g.generation = l.collection_generation
	  left join public.knowledge_chunks k
	    on k.id = l.chunk_id and k.org_id = l.org_id;
	$$;
172.17.0.1 2026-10-03 20:47:40.754 UTC [96] supabase_admin@postgres LOG:  statement: CREATE FUNCTION public.crm_contact_activity_on_identity_change() RETURNS trigger
	    LANGUAGE plpgsql
	    AS $$
	begin
	  if tg_op = 'INSERT' then
	    perform public.crm_rebuild_contact_activity(array[new.contact_id]);
	    return new;
	  elsif tg_op = 'DELETE' then
	    perform public.crm_rebuild_contact_activity(array[old.contact_id]);
	    return old;
	  end if;
	
	  perform public.crm_rebuild_contact_activity(array[old.contact_id, new.contact_id]);
	  return new;
	end;
	$$;
172.17.0.1 2026-10-03 20:47:40.754 UTC [96] supabase_admin@postgres LOG:  statement: CREATE FUNCTION public.crm_contact_activity_on_message_change() RETURNS trigger
	    LANGUAGE plpgsql
	    AS $$
	declare
	  affected uuid[];
	begin
	  if tg_op = 'DELETE' then
	    select array_agg(ci.contact_id)
	      into affected
	    from public.crm_contact_identities ci
	    where ci.org_id = old.org_id and ci.channel = old.channel and ci.external_id = old.chat_id;
	    perform public.crm_rebuild_contact_activity(affected);
	    return old;
	  end if;
	
	  select array_agg(distinct contact_id)
	    into affected
	  from (
	    select ci.contact_id
	    from public.crm_contact_identities ci
	    where ci.org_id = old.org_id and ci.channel = old.channel and ci.external_id = old.chat_id
	    union
	    select ci.contact_id
	    from public.crm_contact_identities ci
	    where ci.org_id = new.org_id and ci.channel = new.channel and ci.external_id = new.chat_id
	  ) contacts;
	  perform public.crm_rebuild_contact_activity(affected);
	  return new;
	end;
	$$;
172.17.0.1 2026-10-03 20:47:40.755 UTC [96] supabase_admin@postgres LOG:  statement: CREATE FUNCTION public.crm_contact_activity_on_message_insert() RETURNS trigger
	    LANGUAGE plpgsql
	    AS $$
	begin
	  if new.is_bot is true then
	    return new;
	  end if;
	
	  insert into public.crm_contact_activity_stats (
	    contact_id, org_id, message_count, inbound_count, outbound_count,
	    channels_used, first_contact_at, last_contact_at,
	    last_inbound_at, last_outbound_at, updated_at
	  )
	  select ci.contact_id,
	         ci.org_id,
	         1,
	         case when new.direction = 'inbound' then 1 else 0 end,
	         case when new.direction = 'outbound' then 1 else 0 end,
	         1,
	         coalesce(new.occurred_at, new.created_at),
	         coalesce(new.occurred_at, new.created_at),
	         case when new.direction = 'inbound' then coalesce(new.occurred_at, new.created_at) end,
	         case when new.direction = 'outbound' then coalesce(new.occurred_at, new.created_at) end,
	         now()
	  from public.crm_contact_identities ci
	  where ci.org_id = new.org_id
	    and ci.channel = new.channel
	    and ci.external_id = new.chat_id
	  on conflict (contact_id) do update set
	    message_count = crm_contact_activity_stats.message_count + 1,
	    inbound_count = crm_contact_activity_stats.inbound_count
	      + case when new.direction = 'inbound' then 1 else 0 end,
	    outbound_count = crm_contact_activity_stats.outbound_count
	      + case when new.direction = 'outbound' then 1 else 0 end,
	    channels_used = crm_contact_activity_stats.channels_used + case when not exists (
	      select 1
	      from public.crm_contact_identities ci2
	      join public.messages m2
	        on m2.org_id = ci2.org_id and m2.channel = ci2.channel and m2.chat_id = ci2.external_id
	      where ci2.contact_id = crm_contact_activity_stats.contact_id
	        and m2.channel = new.channel
	        and m2.id <> new.id
	        and m2.is_bot is not true
	    ) then 1 else 0 end,
	    first_contact_at = least(
	      crm_contact_activity_stats.first_contact_at,
	      coalesce(new.occurred_at, new.created_at)
	    ),
	    last_contact_at = greatest(
	      crm_contact_activity_stats.last_contact_at,
	      coalesce(new.occurred_at, new.created_at)
	    ),
	    last_inbound_at = case when new.direction = 'inbound' then greatest(
	      crm_contact_activity_stats.last_inbound_at,
	      coalesce(new.occurred_at, new.created_at)
	    ) else crm_contact_activity_stats.last_inbound_at end,
	    last_outbound_at = case when new.direction = 'outbound' then greatest(
	      crm_contact_activity_stats.last_outbound_at,
	      coalesce(new.occurred_at, new.created_at)
	    ) else crm_contact_activity_stats.last_outbound_at end,
	    updated_at = now();
	
	  return new;
	end;
	$$;
172.17.0.1 2026-10-03 20:47:40.755 UTC [96] supabase_admin@postgres LOG:  statement: CREATE FUNCTION public.crm_rebuild_contact_activity(p_contact_ids uuid[]) RETURNS integer
	    LANGUAGE plpgsql
	    AS $$
	declare
	  rebuilt integer := 0;
	begin
	  if p_contact_ids is null or cardinality(p_contact_ids) = 0 then
	    return 0;
	  end if;
	
	  insert into public.crm_contact_activity_stats (
	    contact_id, org_id, message_count, inbound_count, outbound_count,
	    channels_used, first_contact_at, last_contact_at,
	    last_inbound_at, last_outbound_at, updated_at
	  )
	  select c.id,
	         c.org_id,
	         count(m.id)::bigint,
	         count(m.id) filter (where m.direction = 'inbound')::bigint,
	         count(m.id) filter (where m.direction = 'outbound')::bigint,
	         count(distinct m.channel) filter (where m.id is not null)::integer,
	         min(coalesce(m.occurred_at, m.created_at)),
	         max(coalesce(m.occurred_at, m.created_at)),
	         max(coalesce(m.occurred_at, m.created_at)) filter (where m.direction = 'inbound'),
	         max(coalesce(m.occurred_at, m.created_at)) filter (where m.direction = 'outbound'),
	         now()
	  from public.crm_contacts c
	  left join public.crm_contact_identities ci on ci.contact_id = c.id and ci.org_id = c.org_id
	  left join public.messages m
	    on m.org_id = ci.org_id
	   and m.channel = ci.channel
	   and m.chat_id = ci.external_id
	   and m.is_bot is not true
	  where c.id = any(p_contact_ids)
	  group by c.id, c.org_id
	  on conflict (contact_id) do update set
	    org_id = excluded.org_id,
	    message_count = excluded.message_count,
	    inbound_count = excluded.inbound_count,
	    outbound_count = excluded.outbound_count,
	    channels_used = excluded.channels_used,
	    first_contact_at = excluded.first_contact_at,
	    last_contact_at = excluded.last_contact_at,
	    last_inbound_at = excluded.last_inbound_at,
	    last_outbound_at = excluded.last_outbound_at,
	    updated_at = excluded.updated_at;
	
	  get diagnostics rebuilt = row_count;
	  return rebuilt;
	end;
	$$;
172.17.0.1 2026-10-03 20:47:40.755 UTC [96] supabase_admin@postgres LOG:  statement: CREATE FUNCTION public.crm_rebuild_org_contact_activity(p_org_id text, p_after uuid DEFAULT NULL::uuid, p_limit integer DEFAULT 1000) RETURNS TABLE(rebuilt integer, next_after uuid)
	    LANGUAGE plpgsql
	    AS $$
	declare
	  contact_ids uuid[];
	begin
	  select array_agg(id order by id)
	    into contact_ids
	  from (
	    select id
	    from public.crm_contacts
	    where org_id = p_org_id and (p_after is null or id > p_after)
	    order by id
	    limit greatest(1, least(p_limit, 10000))
	  ) batch;
	
	  if contact_ids is null then
	    return query select 0, null::uuid;
	    return;
	  end if;
	
	  return query
	    select public.crm_rebuild_contact_activity(contact_ids), contact_ids[array_length(contact_ids, 1)];
	end;
	$$;
172.17.0.1 2026-10-03 20:47:40.756 UTC [96] supabase_admin@postgres LOG:  statement: CREATE FUNCTION public.crm_refresh_sentiment_chat_daily(p_org_id text, p_from date, p_to date) RETURNS bigint
	    LANGUAGE plpgsql SECURITY DEFINER
	    AS $$
	declare
	  refreshed bigint := 0;
	begin
	  if p_org_id is null or p_from is null or p_to is null or p_from > p_to then
	    raise exception 'invalid CRM sentiment refresh range';
	  end if;
	  perform pg_advisory_xact_lock(hashtext('crm-sentiment-chat-daily'));
	
	  delete from public.crm_sentiment_chat_daily
	  where day between p_from and p_to
	    and org_id = p_org_id;
	
	  insert into public.crm_sentiment_chat_daily
	    (org_id, chat_id, day, score, message_count, refreshed_at)
	  select s.org_id,
	         m.chat_id,
	         (coalesce(m.occurred_at, m.created_at) at time zone 'UTC')::date as day,
	         avg(s.score)::float8,
	         count(*)::int,
	         now()
	  from public.crm_message_sentiment s
	  join public.messages m on m.id = s.message_id and m.org_id = s.org_id
	  where s.org_id = p_org_id
	    and m.direction = 'inbound'
	    and m.is_bot is not true
	    and coalesce(m.occurred_at, m.created_at) >= (p_from::timestamp at time zone 'UTC')
	    and coalesce(m.occurred_at, m.created_at) <
	      ((p_to + 1)::timestamp at time zone 'UTC')
	  group by s.org_id, m.chat_id, 3;
	
	  get diagnostics refreshed = row_count;
	  return refreshed;
	end;
	$$;
172.17.0.1 2026-10-03 20:47:40.756 UTC [96] supabase_admin@postgres LOG:  statement: CREATE FUNCTION public.crm_refresh_word_frequency_daily(p_from date, p_to date) RETURNS bigint
	    LANGUAGE plpgsql SECURITY DEFINER
	    AS $$
	declare
	  refreshed bigint := 0;
	begin
	  if p_from is null or p_to is null or p_from > p_to then
	    raise exception 'invalid CRM word-frequency refresh range';
	  end if;
	  perform pg_advisory_xact_lock(hashtext('crm-word-frequency-daily'));
	
	  delete from public.crm_word_frequency_daily
	  where day between p_from and p_to;
	
	  insert into public.crm_word_frequency_daily
	    (org_id, day, word, document_count, refreshed_at)
	  select m.org_id,
	         (coalesce(m.occurred_at, m.created_at) at time zone 'UTC')::date as day,
	         lexeme.word,
	         count(*)::bigint,
	         now()
	  from public.messages m
	  cross join lateral unnest(
	    tsvector_to_array(to_tsvector('simple', coalesce(m.content, '')))
	  ) as lexeme(word)
	  where m.direction = 'inbound'
	    and m.is_bot is not true
	    and m.content is not null
	    and length(trim(m.content)) > 0
	    and char_length(lexeme.word) >= 3
	    and coalesce(m.occurred_at, m.created_at) >= (p_from::timestamp at time zone 'UTC')
	    and coalesce(m.occurred_at, m.created_at) <
	      ((p_to + 1)::timestamp at time zone 'UTC')
	  group by m.org_id, 2, lexeme.word;
	
	  get diagnostics refreshed = row_count;
	  return refreshed;
	end;
	$$;
172.17.0.1 2026-10-03 20:47:40.756 UTC [96] supabase_admin@postgres LOG:  statement: CREATE FUNCTION public.dead_letter_brain_vector_job(chunk_id uuid, generation text, revision bigint, error text) RETURNS boolean
	    LANGUAGE plpgsql SECURITY DEFINER
	    AS $$
	begin
	  update public.brain_vector_outbox o
	  set status = 'dead',
	      lease_owner = null,
	      lease_until = null,
	      last_error = left(dead_letter_brain_vector_job.error, 2000),
	      updated_at = now()
	  where o.chunk_id = dead_letter_brain_vector_job.chunk_id
	    and o.collection_generation = dead_letter_brain_vector_job.generation
	    and o.revision = dead_letter_brain_vector_job.revision
	    and o.status = 'running';
	  return found;
	end;
	$$;
172.17.0.1 2026-10-03 20:47:40.756 UTC [96] supabase_admin@postgres LOG:  statement: CREATE FUNCTION public.detach_deleted_record_attachments() RETURNS trigger
	    LANGUAGE plpgsql
	    AS $$
	DECLARE object_kind text;
	DECLARE linked_file record;
	BEGIN
	  object_kind := CASE TG_TABLE_NAME
	    WHEN 'crm_contacts' THEN 'crm_contact' WHEN 'sched_bookings' THEN 'booking'
	    WHEN 'sched_event_types' THEN 'event_type' WHEN 'fin_products' THEN 'product'
	    WHEN 'stk_items' THEN 'stk_item' WHEN 'stk_entries' THEN 'stk_entry'
	    WHEN 'fin_invoices' THEN 'fin_invoice' WHEN 'pos_tickets' THEN 'pos_ticket'
	    ELSE NULL END;
	  IF object_kind IS NULL THEN RAISE EXCEPTION 'unsupported attachment record table'; END IF;
	  FOR linked_file IN
	    SELECT f.id,f.tenant_id,f.b2_file_key FROM public.files f
	    WHERE f.tenant_id::text=OLD.org_id AND EXISTS (
	      SELECT 1 FROM public.attachment_links l WHERE l.org_id=OLD.org_id
	        AND l.object_type=object_kind AND l.object_id=OLD.id AND l.file_id=f.id)
	    ORDER BY f.id FOR UPDATE OF f
	  LOOP
	    INSERT INTO public.attachment_file_state(file_id,org_id,file_key,access_modules,upload_expires_at)
	      VALUES (linked_file.id,OLD.org_id,linked_file.b2_file_key,ARRAY(SELECT DISTINCT CASE l.object_type WHEN 'crm_contact' THEN 'crm' WHEN 'booking' THEN 'scheduling' WHEN 'event_type' THEN 'scheduling' WHEN 'product' THEN 'pos' WHEN 'pos_ticket' THEN 'pos' WHEN 'stk_item' THEN 'stock' WHEN 'stk_entry' THEN 'stock' WHEN 'fin_invoice' THEN 'finance' END
	        FROM public.attachment_links l WHERE l.file_id=linked_file.id AND l.org_id=OLD.org_id),CASE WHEN linked_file.b2_file_key LIKE OLD.org_id || '/attachments/%' THEN now()+interval '15 minutes' END)
	      ON CONFLICT(file_id) DO UPDATE SET access_modules=ARRAY(SELECT DISTINCT unnest(public.attachment_file_state.access_modules || EXCLUDED.access_modules));
	  END LOOP;
	  INSERT INTO public.attachment_trash(org_id,file_id,object_type,object_id,linked_by,linked_at,hidden_by,hidden_at)
	    SELECT l.org_id,l.file_id,l.object_type,l.object_id,l.linked_by,l.linked_at,NULL,now()
	    FROM public.attachment_links l
	    WHERE l.org_id=OLD.org_id AND l.object_type=object_kind AND l.object_id=OLD.id
	  ON CONFLICT (object_type,object_id,file_id) DO UPDATE
	    SET hidden_at=EXCLUDED.hidden_at,hidden_by=NULL,linked_by=EXCLUDED.linked_by,linked_at=EXCLUDED.linked_at;
	  DELETE FROM public.attachment_links
	    WHERE org_id=OLD.org_id AND object_type=object_kind AND object_id=OLD.id;
	  RETURN OLD;
	END $$;
172.17.0.1 2026-10-03 20:47:40.757 UTC [96] supabase_admin@postgres LOG:  statement: CREATE FUNCTION public.enqueue_brain_vector_backfill(generation text, after_chunk_id uuid DEFAULT NULL::uuid, row_limit integer DEFAULT 500) RETURNS TABLE(enqueued integer, next_chunk_id uuid)
	    LANGUAGE plpgsql SECURITY DEFINER
	    AS $$
	declare
	  changed integer := 0;
	  cursor_id uuid;
	begin
	  with page as materialized (
	    select k.id, k.org_id, k.content_hash
	    from public.knowledge_chunks k
	    join public.brain_vector_generations g
	      on g.generation = enqueue_brain_vector_backfill.generation
	     and g.enqueue_enabled
	    where (g.storage_mode = 'qdrant' or (
	        k.embedding is not null and k.embedding_model = g.embedding_model
	      ))
	      and (after_chunk_id is null or k.id > after_chunk_id)
	    order by k.id
	    limit least(greatest(row_limit, 1), 1000)
	  )
	  insert into public.brain_vector_outbox (
	    chunk_id, org_id, collection_generation, desired_operation,
	    desired_content_hash, revision, status, attempts, available_at,
	    lease_owner, lease_until, last_error, updated_at
	  )
	  select id, org_id, generation, 'upsert', content_hash, 1, 'queued', 0,
	         now(), null, null, null, now()
	  from page
	  on conflict (chunk_id, collection_generation) do update set
	    org_id = excluded.org_id,
	    desired_operation = 'upsert',
	    desired_content_hash = excluded.desired_content_hash,
	    revision = public.brain_vector_outbox.revision + 1,
	    status = 'queued', attempts = 0, available_at = now(),
	    lease_owner = null, lease_until = null, last_error = null, updated_at = now()
	  where public.brain_vector_outbox.desired_operation <> 'upsert'
	     or public.brain_vector_outbox.desired_content_hash is distinct from excluded.desired_content_hash;
	  get diagnostics changed = row_count;
	
	  select page.id into cursor_id
	  from (
	    select k.id
	    from public.knowledge_chunks k
	    join public.brain_vector_generations g
	      on g.generation = enqueue_brain_vector_backfill.generation
	     and g.enqueue_enabled
	    where (g.storage_mode = 'qdrant' or (
	        k.embedding is not null and k.embedding_model = g.embedding_model
	      ))
	      and (after_chunk_id is null or k.id > after_chunk_id)
	    order by k.id
	    limit least(greatest(row_limit, 1), 1000)
	  ) page
	  order by page.id desc
	  limit 1;
	
	  return query select changed, cursor_id;
	end;
	$$;
172.17.0.1 2026-10-03 20:47:40.757 UTC [96] supabase_admin@postgres LOG:  statement: CREATE FUNCTION public.enqueue_brain_vector_chunk() RETURNS trigger
	    LANGUAGE plpgsql SECURITY DEFINER
	    AS $$
	declare
	  target public.brain_vector_generations%rowtype;
	  operation text;
	  chunk_uuid uuid;
	  chunk_org text;
	  chunk_hash text;
	begin
	  select * into target
	  from public.brain_vector_generations
	  where is_active and enqueue_enabled
	  limit 1;
	
	  if not found then
	    if tg_op = 'DELETE' then return old; else return new; end if;
	  end if;
	
	  if tg_op = 'UPDATE'
	     and new.content_hash is not distinct from old.content_hash
	     and new.org_id is not distinct from old.org_id
	     and new.source_id is not distinct from old.source_id
	     and new.document_id is not distinct from old.document_id
	     and new.kind is not distinct from old.kind
	     and new.occurred_at is not distinct from old.occurred_at
	     and (
	       target.storage_mode = 'qdrant'
	       or (
	         new.embedding_model is not distinct from old.embedding_model
	         and new.embedding is not distinct from old.embedding
	       )
	     ) then
	    return new;
	  end if;
	
	  if tg_op = 'DELETE' then
	    operation := 'delete';
	    chunk_uuid := old.id;
	    chunk_org := old.org_id;
	    chunk_hash := old.content_hash;
	  elsif target.storage_mode = 'qdrant' then
	    operation := 'upsert';
	    chunk_uuid := new.id;
	    chunk_org := new.org_id;
	    chunk_hash := new.content_hash;
	  elsif tg_op = 'INSERT' and (
	    new.embedding is null or new.embedding_model is distinct from target.embedding_model
	  ) then
	    return new;
	  elsif new.embedding is null or new.embedding_model is distinct from target.embedding_model then
	    operation := 'delete';
	    chunk_uuid := new.id;
	    chunk_org := new.org_id;
	    chunk_hash := new.content_hash;
	  else
	    operation := 'upsert';
	    chunk_uuid := new.id;
	    chunk_org := new.org_id;
	    chunk_hash := new.content_hash;
	  end if;
	
	  insert into public.brain_vector_outbox (
	    chunk_id, org_id, collection_generation, desired_operation,
	    desired_content_hash, revision, status, attempts, available_at,
	    lease_owner, lease_until, last_error, updated_at
	  ) values (
	    chunk_uuid, chunk_org, target.generation, operation,
	    chunk_hash, 1, 'queued', 0, now(), null, null, null, now()
	  )
	  on conflict (chunk_id, collection_generation) do update set
	    org_id = excluded.org_id,
	    desired_operation = excluded.desired_operation,
	    desired_content_hash = excluded.desired_content_hash,
	    revision = public.brain_vector_outbox.revision + 1,
	    status = 'queued',
	    attempts = 0,
	    available_at = now(),
	    lease_owner = null,
	    lease_until = null,
	    last_error = null,
	    updated_at = now();
	
	  if tg_op = 'DELETE' then return old; else return new; end if;
	end;
	$$;
172.17.0.1 2026-10-03 20:47:40.757 UTC [96] supabase_admin@postgres LOG:  statement: CREATE FUNCTION public.filter_existing_brain_vector_chunks(chunk_ids uuid[], generation text) RETURNS TABLE(chunk_id uuid, org_id text, content_hash text, embedding_model text)
	    LANGUAGE plpgsql SECURITY DEFINER
	    AS $$
	begin
	  if cardinality(chunk_ids) > 1000 then
	    raise exception 'filter_existing_brain_vector_chunks accepts at most 1000 chunk IDs'
	      using errcode = '22023';
	  end if;
	
	  return query
	  select k.id, k.org_id, k.content_hash, g.embedding_model
	  from public.knowledge_chunks k
	  join public.brain_vector_generations g
	    on g.generation = filter_existing_brain_vector_chunks.generation
	  where cardinality(chunk_ids) >= 1
	    and k.id = any(chunk_ids)
	    and (g.storage_mode = 'qdrant' or (
	      k.embedding is not null and k.embedding_model = g.embedding_model
	    ))
	  order by k.id;
	end;
	$$;
172.17.0.1 2026-10-03 20:47:40.758 UTC [96] supabase_admin@postgres LOG:  statement: CREATE FUNCTION public.guard_attachment_file_state() RETURNS trigger
	    LANGUAGE plpgsql
	    AS $$ BEGIN
	  IF NEW.file_id<>OLD.file_id OR NEW.org_id<>OLD.org_id OR NEW.file_key<>OLD.file_key
	     OR NOT (OLD.access_modules <@ NEW.access_modules)
	     OR (OLD.state='deleting' AND NEW.state<>'deleting') THEN
	    RAISE EXCEPTION 'attachment lifecycle identity and deletion are immutable';
	  END IF;
	  RETURN NEW;
	END $$;
172.17.0.1 2026-10-03 20:47:40.758 UTC [96] supabase_admin@postgres LOG:  statement: CREATE FUNCTION public.guard_managed_file_identity() RETURNS trigger
	    LANGUAGE plpgsql
	    AS $$ BEGIN
	  IF TG_OP='INSERT' THEN
	    IF EXISTS (SELECT 1 FROM public.attachment_file_state s WHERE s.file_id=NEW.id OR (s.org_id=NEW.tenant_id::text AND s.file_key=NEW.b2_file_key)) THEN
	      RAISE EXCEPTION 'managed attachment key cannot be reused';
	    END IF;
	    RETURN NEW;
	  END IF;
	  IF (NEW.id<>OLD.id OR NEW.tenant_id<>OLD.tenant_id OR NEW.b2_file_key<>OLD.b2_file_key)
	     AND EXISTS (SELECT 1 FROM public.attachment_file_state s WHERE s.file_id=OLD.id AND s.org_id=OLD.tenant_id::text) THEN
	    RAISE EXCEPTION 'managed attachment file identity is immutable';
	  END IF;
	  RETURN NEW;
	END $$;
172.17.0.1 2026-10-03 20:47:40.758 UTC [96] supabase_admin@postgres LOG:  statement: CREATE FUNCTION public.handle_new_auth_user() RETURNS trigger
	    LANGUAGE plpgsql SECURITY DEFINER
	    AS $$
	begin
	  if new.email is null then
	    return new;
	  end if;
	  insert into public.profiles (id, email, display_name)
	  values (
	    new.id,
	    new.email,
	    coalesce(
	      nullif(new.raw_user_meta_data->>'full_name', ''),
	      nullif(new.raw_user_meta_data->>'name', ''),
	      split_part(new.email, '@', 1)
	    )
	  )
	  on conflict (id) do nothing;
	  return new;
	end;
	$$;
172.17.0.1 2026-10-03 20:47:40.758 UTC [96] supabase_admin@postgres LOG:  statement: CREATE FUNCTION public.hub_broadcast_message_committed() RETURNS trigger
	    LANGUAGE plpgsql SECURITY DEFINER
	    AS $$
	begin
	  if to_regclass('realtime.messages_' || to_char(now() at time zone 'utc', 'YYYY_MM_DD')) is null then
	    return null;
	  end if;
	  perform realtime.send(
	    jsonb_build_object(
	      'version', 1,
	      'id', new.id,
	      'clientId', new.client_id,
	      'channel', new.channel,
	      'accountId', new.account_id,
	      'chatId', new.chat_id,
	      'direction', new.direction,
	      'occurredAt', coalesce(new.occurred_at, new.created_at)
	    ),
	    'message.committed',
	    'org:' || new.org_id || ':events',
	    true
	  );
	  return null;
	end;
	$$;
172.17.0.1 2026-10-03 20:47:40.758 UTC [96] supabase_admin@postgres LOG:  statement: COMMENT ON FUNCTION public.hub_broadcast_message_committed() IS 'Emits a compact private message.committed change signal for Hub browser freshness.';
172.17.0.1 2026-10-03 20:47:40.759 UTC [96] supabase_admin@postgres LOG:  statement: CREATE FUNCTION public.job_effect_batch_complete(tenant text, batch text) RETURNS void
	    LANGUAGE plpgsql SECURITY DEFINER
	    AS $$
	DECLARE parent public.job_effect_batches%ROWTYPE; actual jsonb; positions integer[];
	BEGIN
	  IF batch IS NULL THEN RETURN; END IF;
	  SELECT * INTO parent FROM public.job_effect_batches WHERE tenant_id=tenant AND id=batch;
	  IF NOT FOUND THEN RAISE EXCEPTION 'batch membership parent missing' USING ERRCODE='23514'; END IF;
	  SELECT coalesce(jsonb_agg(id ORDER BY vector_index),'[]'::jsonb),array_agg(vector_index ORDER BY vector_index)
	    INTO actual,positions FROM public.job_effect_units WHERE tenant_id=tenant AND batch_id=batch;
	  IF parent.state='abandoned_unsent' THEN
	    IF actual<>'[]'::jsonb THEN RAISE EXCEPTION 'abandoned batch retains active placements' USING ERRCODE='23514'; END IF;
	  ELSIF actual IS DISTINCT FROM parent.unit_ids OR positions IS DISTINCT FROM ARRAY(SELECT generate_series(0,parent.count-1)) THEN
	    RAISE EXCEPTION 'batch membership must be complete and dense' USING ERRCODE='23514';
	  END IF;
	END $$;
172.17.0.1 2026-10-03 20:47:40.759 UTC [96] supabase_admin@postgres LOG:  statement: CREATE FUNCTION public.job_effect_batch_descriptor_valid(descriptor jsonb, members jsonb, expected integer) RETURNS boolean
	    LANGUAGE plpgsql IMMUTABLE PARALLEL SAFE
	    AS $_$
	DECLARE member jsonb;
	BEGIN
	  IF descriptor IS NULL OR members IS NULL OR expected IS NULL OR expected NOT BETWEEN 1 AND 64
	    OR jsonb_typeof(descriptor)<>'object' OR jsonb_typeof(members)<>'array' THEN RETURN false; END IF;
	  IF jsonb_array_length(members)<>expected OR octet_length(descriptor::text)>4096 THEN RETURN false; END IF;
	  IF (SELECT count(*) FROM jsonb_object_keys(descriptor))<>7 THEN RETURN false; END IF;
	  FOR member IN SELECT jsonb_array_elements(members) LOOP
	    IF jsonb_typeof(member)<>'string' OR (member#>>'{}') !~ '^[a-f0-9]{64}$' THEN RETURN false; END IF;
	  END LOOP;
	  IF (SELECT count(DISTINCT value) FROM jsonb_array_elements_text(members))<>expected THEN RETURN false; END IF;
	  RETURN (descriptor ?& ARRAY['payloadHash','endpoint','model','normalization','count','dimensions','pipelineVersion']
	    AND jsonb_typeof(descriptor->'payloadHash')='string' AND descriptor->>'payloadHash' ~ '^[a-f0-9]{64}$'
	    AND jsonb_typeof(descriptor->'endpoint')='string' AND length(descriptor->>'endpoint') BETWEEN 1 AND 512
	    AND jsonb_typeof(descriptor->'model')='string' AND length(descriptor->>'model') BETWEEN 1 AND 128
	    AND jsonb_typeof(descriptor->'normalization')='string' AND length(descriptor->>'normalization') BETWEEN 1 AND 128
	    AND jsonb_typeof(descriptor->'pipelineVersion')='string' AND length(descriptor->>'pipelineVersion') BETWEEN 1 AND 128
	    AND jsonb_typeof(descriptor->'count')='number' AND descriptor->>'count'=expected::text
	    AND jsonb_typeof(descriptor->'dimensions')='number' AND descriptor->>'dimensions'='1536') IS TRUE;
	END $_$;
172.17.0.1 2026-10-03 20:47:40.760 UTC [96] supabase_admin@postgres LOG:  statement: CREATE FUNCTION public.job_effect_batches_guard() RETURNS trigger
	    LANGUAGE plpgsql SECURITY DEFINER
	    AS $$
	DECLARE membership_text text;
	BEGIN
	  IF TG_OP='DELETE' THEN RAISE EXCEPTION 'batch receipts cannot be deleted' USING ERRCODE='23514'; END IF;
	  -- Members are fixed hexadecimal strings, so compact array framing is unambiguous.
	  IF NOT public.job_effect_batch_descriptor_valid(NEW.descriptor,NEW.unit_ids,NEW.count) THEN
	    RAISE EXCEPTION 'invalid complete batch descriptor' USING ERRCODE='23514'; END IF;
	  SELECT '['||string_agg(to_jsonb(value)::text,',' ORDER BY ordinality)||']' INTO membership_text
	    FROM jsonb_array_elements_text(NEW.unit_ids) WITH ORDINALITY;
	  IF encode(sha256(convert_to(membership_text,'UTF8')),'hex')<>NEW.membership_hash THEN
	    RAISE EXCEPTION 'batch membership digest mismatch' USING ERRCODE='23514'; END IF;
	  IF TG_OP='INSERT' THEN
	    PERFORM public.job_effect_page_actor(NEW.tenant_id,NEW.reservation_job_id,NEW.reservation_generation,NULL,NULL);
	    IF NEW.state<>'reserved' THEN RAISE EXCEPTION 'batch must begin reserved' USING ERRCODE='23514'; END IF;
	  ELSE
	    IF (to_jsonb(NEW)-ARRAY['reservation_job_id','reservation_generation','dispatch_job_id','dispatch_generation','state','result','abandonment_reason','updated_at'])
	      IS DISTINCT FROM (to_jsonb(OLD)-ARRAY['reservation_job_id','reservation_generation','dispatch_job_id','dispatch_generation','state','result','abandonment_reason','updated_at']) THEN
	      RAISE EXCEPTION 'batch identity and membership are immutable' USING ERRCODE='23514'; END IF;
	    IF OLD.state='reserved' AND NEW.state='reserved' THEN
	      PERFORM public.job_effect_page_actor(NEW.tenant_id,NEW.reservation_job_id,NEW.reservation_generation,OLD.reservation_job_id,OLD.reservation_generation);
	    ELSIF OLD.state='reserved' AND NEW.state='abandoned_unsent' THEN
	      PERFORM public.job_effect_page_actor(NEW.tenant_id,NULL,NULL,OLD.reservation_job_id,OLD.reservation_generation);
	      IF NEW.reservation_job_id<>OLD.reservation_job_id OR NEW.reservation_generation<>OLD.reservation_generation THEN
	        RAISE EXCEPTION 'abandoned owner is immutable' USING ERRCODE='23514'; END IF;
	    ELSIF OLD.state='reserved' AND NEW.state='admitted' THEN
	      PERFORM public.job_effect_page_actor(NEW.tenant_id,OLD.reservation_job_id,OLD.reservation_generation,NULL,NULL);
	      IF NEW.reservation_job_id<>OLD.reservation_job_id OR NEW.reservation_generation<>OLD.reservation_generation
	        OR NEW.dispatch_job_id IS DISTINCT FROM OLD.reservation_job_id OR NEW.dispatch_generation IS DISTINCT FROM OLD.reservation_generation THEN
	        RAISE EXCEPTION 'dispatch must preserve current reservation owner' USING ERRCODE='23514'; END IF;
	    ELSIF OLD.state='admitted' AND NEW.state='received' THEN
	      -- Historical response retention deliberately does not inspect semantic heads.
	      PERFORM public.job_effect_page_actor(NEW.tenant_id,OLD.dispatch_job_id,OLD.dispatch_generation,NULL,NULL);
	      IF NEW.reservation_job_id<>OLD.reservation_job_id OR NEW.reservation_generation<>OLD.reservation_generation
	        OR NEW.dispatch_job_id IS DISTINCT FROM OLD.dispatch_job_id OR NEW.dispatch_generation IS DISTINCT FROM OLD.dispatch_generation THEN
	        RAISE EXCEPTION 'response ownership is immutable' USING ERRCODE='23514'; END IF;
	    ELSE
	      RAISE EXCEPTION 'batch transition or immutable receipt mutation denied' USING ERRCODE='23514';
	    END IF;
	  END IF;
	  RETURN NEW;
	END $$;
172.17.0.1 2026-10-03 20:47:40.761 UTC [96] supabase_admin@postgres LOG:  statement: CREATE FUNCTION public.job_effect_membership_guard() RETURNS trigger
	    LANGUAGE plpgsql SECURITY DEFINER
	    AS $$
	BEGIN
	  IF TG_TABLE_NAME='job_effect_batches' THEN
	    PERFORM public.job_effect_batch_complete(NEW.tenant_id,NEW.id);
	  ELSE
	    IF TG_OP<>'INSERT' THEN PERFORM public.job_effect_batch_complete(OLD.tenant_id,OLD.batch_id); END IF;
	    IF TG_OP<>'DELETE' THEN PERFORM public.job_effect_batch_complete(NEW.tenant_id,NEW.batch_id); END IF;
	  END IF;
	  RETURN NULL;
	END $$;
172.17.0.1 2026-10-03 20:47:40.761 UTC [96] supabase_admin@postgres LOG:  statement: CREATE FUNCTION public.job_effect_page_actor(tenant text, expected_job text, expected_generation integer, previous_job text, previous_generation integer) RETURNS void
	    LANGUAGE plpgsql SECURITY DEFINER
	    AS $_$
	DECLARE actor text := current_setting('app.job_effect_job_id',true);
	  generation_text text := current_setting('app.job_effect_lease_generation',true);
	  owners_text text := current_setting('app.job_effect_prelocked_owners',true);
	  generation integer; owners jsonb; ref jsonb; current_job public.bg_jobs%ROWTYPE; old_job public.bg_jobs%ROWTYPE;
	BEGIN
	  IF tenant IS DISTINCT FROM nullif(current_setting('app.current_org_id',true),'')
	    OR actor IS NULL OR length(actor) NOT BETWEEN 1 AND 256
	    OR generation_text IS NULL OR generation_text !~ '^(0|[1-9][0-9]{0,9})$'
	    OR owners_text IS NULL OR octet_length(owners_text)>131072 THEN
	    RAISE EXCEPTION 'job effect actor context missing or malformed' USING ERRCODE='23514';
	  END IF;
	  IF generation_text::bigint>2147483647 THEN RAISE EXCEPTION 'job effect actor generation invalid' USING ERRCODE='23514'; END IF;
	  generation := generation_text::integer;
	  owners := owners_text::jsonb;
	  IF jsonb_typeof(owners)<>'array' THEN RAISE EXCEPTION 'job effect owner manifest invalid' USING ERRCODE='23514'; END IF;
	  IF jsonb_array_length(owners)>256 THEN RAISE EXCEPTION 'job effect owner manifest capacity' USING ERRCODE='23514'; END IF;
	  FOR ref IN SELECT jsonb_array_elements(owners) LOOP
	    IF jsonb_typeof(ref)<>'object' THEN RAISE EXCEPTION 'job effect owner reference invalid' USING ERRCODE='23514'; END IF;
	    IF (SELECT count(*) FROM jsonb_object_keys(ref))<>2 OR NOT (ref ?& ARRAY['jobId','reservationGeneration'])
	      OR jsonb_typeof(ref->'jobId')<>'string' OR length(ref->>'jobId') NOT BETWEEN 1 AND 256
	      OR jsonb_typeof(ref->'reservationGeneration')<>'number'
	      OR ref->>'reservationGeneration' !~ '^(0|[1-9][0-9]{0,9})$' THEN
	      RAISE EXCEPTION 'job effect owner reference invalid' USING ERRCODE='23514';
	    END IF;
	    IF (ref->>'reservationGeneration')::bigint>2147483647 THEN
	      RAISE EXCEPTION 'job effect owner generation invalid' USING ERRCODE='23514'; END IF;
	  END LOOP;
	  -- Reject a missing declaration before any possible foreign-row lock.
	  IF previous_job IS NOT NULL AND previous_job<>actor AND NOT EXISTS (
	    SELECT 1 FROM jsonb_array_elements(owners) r WHERE r->>'jobId'=previous_job
	      AND (r->>'reservationGeneration')::integer=previous_generation) THEN
	    RAISE EXCEPTION 'undeclared reservation owner' USING ERRCODE='23514';
	  END IF;
	  SELECT * INTO current_job FROM public.bg_jobs WHERE tenant_id=tenant AND id=actor FOR UPDATE NOWAIT;
	  IF NOT FOUND OR current_job.status<>'running' OR current_job.lease_generation<>generation
	    OR coalesce(current_job.lease_until,0)<=floor(extract(epoch FROM clock_timestamp())*1000) THEN
	    RAISE EXCEPTION 'job effect actor ownership lost' USING ERRCODE='23514';
	  END IF;
	  IF (expected_job IS NOT NULL AND expected_job<>actor)
	    OR (expected_generation IS NOT NULL AND expected_generation<>generation) THEN
	    RAISE EXCEPTION 'job effect actor does not own transition' USING ERRCODE='23514';
	  END IF;
	  IF previous_job IS NOT NULL THEN
	    IF previous_job=actor THEN
	      old_job := current_job;
	    ELSE
	      SELECT * INTO old_job FROM public.bg_jobs WHERE tenant_id=tenant AND id=previous_job FOR UPDATE NOWAIT;
	      IF NOT FOUND THEN RAISE EXCEPTION 'owner_missing: reservation owner requires recovery' USING ERRCODE='23514'; END IF;
	    END IF;
	    IF previous_job<>actor AND old_job.status='running' AND old_job.lease_generation=previous_generation
	      AND coalesce(old_job.lease_until,0)>floor(extract(epoch FROM clock_timestamp())*1000) THEN
	      RAISE EXCEPTION 'reservation owner is live' USING ERRCODE='23514';
	    END IF;
	  END IF;
	END $_$;
172.17.0.1 2026-10-03 20:47:40.762 UTC [96] supabase_admin@postgres LOG:  statement: CREATE FUNCTION public.job_effect_pages_guard() RETURNS trigger
	    LANGUAGE plpgsql SECURITY DEFINER
	    AS $$
	DECLARE source jsonb; head public.job_effects%ROWTYPE; total integer := 0; unit_id text;
	BEGIN
	  IF TG_OP='DELETE' THEN RAISE EXCEPTION 'page receipts cannot be deleted' USING ERRCODE='23514'; END IF;
	  PERFORM public.job_effect_page_actor(NEW.tenant_id,NEW.job_id,NULL,NULL,NULL);
	  IF TG_OP='INSERT' THEN
	    IF NEW.state<>'bound' OR NEW.completion IS NOT NULL THEN RAISE EXCEPTION 'page must begin bound' USING ERRCODE='23514'; END IF;
	  ELSE
	    IF (to_jsonb(NEW)-ARRAY['state','completion','updated_at']) IS DISTINCT FROM
	      (to_jsonb(OLD)-ARRAY['state','completion','updated_at']) OR OLD.state<>'bound' OR NEW.state<>'published' THEN
	      RAISE EXCEPTION 'page descriptor and publication are immutable' USING ERRCODE='23514';
	    END IF;
	  END IF;
	  IF NEW.descriptor->>'version' IS DISTINCT FROM '1' OR NEW.descriptor->>'pageKey' IS DISTINCT FROM NEW.page_key
	    OR jsonb_typeof(NEW.descriptor->'sources') IS DISTINCT FROM 'array'
	    OR coalesce(NEW.descriptor->>'mode','') NOT IN ('embedded','disabled','qdrant') THEN
	    RAISE EXCEPTION 'invalid page descriptor' USING ERRCODE='23514'; END IF;
	  IF jsonb_array_length(NEW.descriptor->'sources')>64 THEN RAISE EXCEPTION 'page source capacity' USING ERRCODE='23514'; END IF;
	  FOR source IN SELECT jsonb_array_elements(NEW.descriptor->'sources') LOOP
	    IF jsonb_typeof(source->'chunks') IS DISTINCT FROM 'array' OR jsonb_typeof(source->'unitIds') IS DISTINCT FROM 'array'
	      OR jsonb_typeof(source->'requiredChunkKeys') IS DISTINCT FROM 'array' THEN
	      RAISE EXCEPTION 'invalid page source descriptor' USING ERRCODE='23514'; END IF;
	    total := total+jsonb_array_length(source->'chunks');
	    IF total>256 OR jsonb_array_length(source->'unitIds')<>jsonb_array_length(source->'requiredChunkKeys')
	      OR jsonb_array_length(source->'unitIds')>jsonb_array_length(source->'chunks') THEN
	      RAISE EXCEPTION 'invalid page canonical membership' USING ERRCODE='23514'; END IF;
	    SELECT * INTO head FROM public.job_effects WHERE tenant_id=NEW.tenant_id AND id=source->>'sourceKey' AND kind='head' FOR UPDATE NOWAIT;
	    IF NOT FOUND OR head.state<>'active' OR head.revision::text IS DISTINCT FROM source#>>'{request,revision}'
	      OR head.source_hash IS DISTINCT FROM source#>>'{request,sourceHash}' OR head.family IS DISTINCT FROM source#>>'{request,family}'
	      OR head.entity_id IS DISTINCT FROM source#>>'{request,entityId}' OR head.manifest_hash IS DISTINCT FROM source->>'manifestHash' THEN
	      RAISE EXCEPTION 'page source is not current' USING ERRCODE='23514'; END IF;
	    IF NEW.state='published' AND NEW.descriptor->>'mode'='embedded' THEN
	      FOR unit_id IN SELECT jsonb_array_elements_text(source->'unitIds') LOOP
	        IF NOT EXISTS(SELECT 1 FROM public.job_effect_units u JOIN public.job_effect_batches b
	          ON b.tenant_id=u.tenant_id AND b.id=u.batch_id
	          WHERE u.tenant_id=NEW.tenant_id AND u.id=unit_id AND u.head_id=head.id AND u.revision=head.revision
	            AND u.source_hash=head.source_hash AND u.manifest_hash=head.manifest_hash AND b.state='received') THEN
	          RAISE EXCEPTION 'page publication requires complete current units' USING ERRCODE='23514'; END IF;
	      END LOOP;
	    END IF;
	  END LOOP;
	  RETURN NEW;
	END $$;
172.17.0.1 2026-10-03 20:47:40.762 UTC [96] supabase_admin@postgres LOG:  statement: CREATE FUNCTION public.job_effect_units_guard() RETURNS trigger
	    LANGUAGE plpgsql SECURITY DEFINER
	    AS $$
	DECLARE parent public.job_effect_batches%ROWTYPE; head public.job_effects%ROWTYPE;
	BEGIN
	  IF TG_OP='DELETE' THEN RAISE EXCEPTION 'semantic units cannot be deleted' USING ERRCODE='23514'; END IF;
	  PERFORM public.job_effect_page_actor(NEW.tenant_id,NULL,NULL,NULL,NULL);
	  IF TG_OP='UPDATE' THEN
	    IF (to_jsonb(NEW)-ARRAY['batch_id','vector_index','first_published_at']) IS DISTINCT FROM
	      (to_jsonb(OLD)-ARRAY['batch_id','vector_index','first_published_at']) THEN
	      RAISE EXCEPTION 'semantic unit identity is immutable' USING ERRCODE='23514'; END IF;
	    IF OLD.first_published_at IS NOT NULL AND NEW.first_published_at IS DISTINCT FROM OLD.first_published_at THEN
	      RAISE EXCEPTION 'unit consumption is irreversible' USING ERRCODE='23514'; END IF;
	    IF OLD.batch_id IS NOT NULL AND (NEW.batch_id IS DISTINCT FROM OLD.batch_id OR NEW.vector_index IS DISTINCT FROM OLD.vector_index) THEN
	      SELECT * INTO parent FROM public.job_effect_batches WHERE tenant_id=OLD.tenant_id AND id=OLD.batch_id;
	      IF NOT FOUND OR parent.state<>'abandoned_unsent' THEN
	        RAISE EXCEPTION 'only an abandoned unsent placement may be released' USING ERRCODE='23514'; END IF;
	    END IF;
	  END IF;
	  IF NEW.batch_id IS NOT NULL AND (TG_OP='INSERT' OR NEW.batch_id IS DISTINCT FROM OLD.batch_id OR NEW.vector_index IS DISTINCT FROM OLD.vector_index) THEN
	    SELECT * INTO parent FROM public.job_effect_batches WHERE tenant_id=NEW.tenant_id AND id=NEW.batch_id;
	    IF NOT FOUND OR parent.state<>'reserved' OR parent.unit_ids->>NEW.vector_index IS DISTINCT FROM NEW.id THEN
	      RAISE EXCEPTION 'unit placement must match complete reserved membership' USING ERRCODE='23514'; END IF;
	    PERFORM public.job_effect_page_actor(NEW.tenant_id,parent.reservation_job_id,parent.reservation_generation,NULL,NULL);
	  END IF;
	  IF TG_OP='INSERT' OR (OLD.first_published_at IS NULL AND NEW.first_published_at IS NOT NULL) THEN
	    SELECT * INTO head FROM public.job_effects WHERE tenant_id=NEW.tenant_id AND id=NEW.head_id AND kind='head' FOR UPDATE NOWAIT;
	    IF NOT FOUND OR head.state<>'active' OR head.revision<>NEW.revision OR head.source_hash<>NEW.source_hash
	      OR head.manifest_hash IS DISTINCT FROM NEW.manifest_hash THEN
	      RAISE EXCEPTION 'semantic unit source is not current' USING ERRCODE='23514'; END IF;
	    IF NEW.first_published_at IS NOT NULL THEN
	      SELECT * INTO parent FROM public.job_effect_batches WHERE tenant_id=NEW.tenant_id AND id=NEW.batch_id;
	      IF NOT FOUND OR parent.state<>'received' THEN RAISE EXCEPTION 'unit publication needs complete receipt' USING ERRCODE='23514'; END IF;
	    END IF;
	  END IF;
	  RETURN NEW;
	END $$;
172.17.0.1 2026-10-03 20:47:40.762 UTC [96] supabase_admin@postgres LOG:  statement: CREATE FUNCTION public.job_effect_vectors_valid(value jsonb, expected integer) RETURNS boolean
	    LANGUAGE plpgsql IMMUTABLE PARALLEL SAFE
	    AS $$
	DECLARE vector jsonb; component jsonb;
	BEGIN
	  IF value IS NULL OR expected IS NULL OR expected NOT BETWEEN 1 AND 64
	     OR jsonb_typeof(value) <> 'array' OR pg_column_size(value) > 4000000 THEN RETURN false; END IF;
	  IF jsonb_array_length(value) <> expected THEN RETURN false; END IF;
	  FOR vector IN SELECT jsonb_array_elements(value) LOOP
	    IF jsonb_typeof(vector) <> 'array' THEN RETURN false; END IF;
	    IF jsonb_array_length(vector) <> 1536 THEN RETURN false; END IF;
	    FOR component IN SELECT jsonb_array_elements(vector) LOOP
	      IF jsonb_typeof(component) <> 'number' THEN RETURN false; END IF;
	      IF abs((component #>> '{}')::numeric) > 1.7976931348623157e308 THEN RETURN false; END IF;
	    END LOOP;
	  END LOOP;
	  RETURN true;
	END $$;
172.17.0.1 2026-10-03 20:47:40.763 UTC [96] supabase_admin@postgres LOG:  statement: CREATE FUNCTION public.list_brain_vector_chunks(after_chunk_id uuid DEFAULT NULL::uuid, row_limit integer DEFAULT 500, generation text DEFAULT 'openai_te3s_1536_g1'::text) RETURNS TABLE(chunk_id uuid, org_id text, generation text, source_id uuid, document_id uuid, kind text, occurred_at timestamp with time zone, content_hash text, embedding_model text, embedding text, chunk_text text, context_prefix text)
	    LANGUAGE sql SECURITY DEFINER
	    AS $$
	  select k.id, k.org_id, g.generation, k.source_id, k.document_id, k.kind, k.occurred_at,
	         k.content_hash, g.embedding_model, k.embedding::text, k.chunk_text, k.context_prefix
	  from public.knowledge_chunks k
	  join public.brain_vector_generations g
	    on g.generation = list_brain_vector_chunks.generation
	  where (g.storage_mode = 'qdrant' or (
	      k.embedding is not null and k.embedding_model = g.embedding_model
	    ))
	    and (after_chunk_id is null or k.id > after_chunk_id)
	  order by k.id
	  limit least(greatest(row_limit, 1), 1000);
	$$;
172.17.0.1 2026-10-03 20:47:40.763 UTC [96] supabase_admin@postgres LOG:  statement: CREATE FUNCTION public.load_brain_vector_reconcile_cursor(p_generation text) RETURNS TABLE(after_chunk_id uuid, qdrant_after_offset jsonb)
	    LANGUAGE sql SECURITY DEFINER
	    AS $$
	  select s.after_chunk_id, s.qdrant_after_offset
	  from public.brain_vector_reconcile_state s
	  where s.collection_generation = p_generation;
	$$;
172.17.0.1 2026-10-03 20:47:40.763 UTC [96] supabase_admin@postgres LOG:  statement: CREATE FUNCTION public.retry_brain_vector_job(chunk_id uuid, generation text, revision bigint, error text, available_at timestamp with time zone) RETURNS boolean
	    LANGUAGE plpgsql SECURITY DEFINER
	    AS $$
	begin
	  update public.brain_vector_outbox o
	  set status = case when o.attempts >= 8 then 'dead' else 'queued' end,
	      available_at = least(greatest(retry_brain_vector_job.available_at, now() + interval '1 second'), now() + interval '24 hours'),
	      lease_owner = null,
	      lease_until = null,
	      last_error = left(retry_brain_vector_job.error, 2000),
	      updated_at = now()
	  where o.chunk_id = retry_brain_vector_job.chunk_id
	    and o.collection_generation = retry_brain_vector_job.generation
	    and o.revision = retry_brain_vector_job.revision
	    and o.status = 'running';
	  return found;
	end;
	$$;
172.17.0.1 2026-10-03 20:47:40.764 UTC [96] supabase_admin@postgres LOG:  statement: CREATE FUNCTION public.rls_auto_enable() RETURNS event_trigger
	    LANGUAGE plpgsql SECURITY DEFINER
	    AS $$
	DECLARE
	  cmd record;
	BEGIN
	  FOR cmd IN
	    SELECT *
	    FROM pg_event_trigger_ddl_commands()
	    WHERE command_tag IN ('CREATE TABLE', 'CREATE TABLE AS', 'SELECT INTO')
	      AND object_type IN ('table','partitioned table')
	  LOOP
	     IF cmd.schema_name IS NOT NULL AND cmd.schema_name IN ('public') AND cmd.schema_name NOT IN ('pg_catalog','information_schema') AND cmd.schema_name NOT LIKE 'pg_toast%' AND cmd.schema_name NOT LIKE 'pg_temp%' THEN
	      BEGIN
	        EXECUTE format('alter table if exists %s enable row level security', cmd.object_identity);
	        RAISE LOG 'rls_auto_enable: enabled RLS on %', cmd.object_identity;
	      EXCEPTION
	        WHEN OTHERS THEN
	          RAISE LOG 'rls_auto_enable: failed to enable RLS on %', cmd.object_identity;
	      END;
	     ELSE
	        RAISE LOG 'rls_auto_enable: skip % (either system schema or not in enforced list: %.)', cmd.object_identity, cmd.schema_name;
	     END IF;
	  END LOOP;
	END;
	$$;
172.17.0.1 2026-10-03 20:47:40.764 UTC [96] supabase_admin@postgres LOG:  statement: CREATE FUNCTION public.save_brain_vector_reconcile_cursor(p_generation text, next_chunk_id uuid, next_qdrant_offset jsonb, scanned_delta integer, repaired_delta integer, orphaned_delta integer, failed_delta integer, cycle_complete boolean) RETURNS boolean
	    LANGUAGE plpgsql SECURITY DEFINER
	    AS $$
	begin
	  if least(scanned_delta, repaired_delta, orphaned_delta, failed_delta) < 0 then
	    raise exception 'reconcile deltas must be nonnegative';
	  end if;
	
	  insert into public.brain_vector_reconcile_state as s (
	    collection_generation, after_chunk_id, qdrant_after_offset,
	    cycle_started_at, last_completed_at, scanned, repaired, orphaned, failed,
	    updated_at
	  ) values (
	    p_generation,
	    case when cycle_complete then null else next_chunk_id end,
	    case when cycle_complete then null else next_qdrant_offset end,
	    case when cycle_complete then null else now() end,
	    case when cycle_complete then now() else null end,
	    case when cycle_complete then 0 else scanned_delta end,
	    case when cycle_complete then 0 else repaired_delta end,
	    case when cycle_complete then 0 else orphaned_delta end,
	    case when cycle_complete then 0 else failed_delta end,
	    now()
	  )
	  on conflict (collection_generation) do update
	  set after_chunk_id = case when cycle_complete then null else next_chunk_id end,
	      qdrant_after_offset = case when cycle_complete then null else next_qdrant_offset end,
	      cycle_started_at = case
	        when cycle_complete then null
	        else coalesce(s.cycle_started_at, now())
	      end,
	      last_completed_at = case when cycle_complete then now() else s.last_completed_at end,
	      scanned = case when cycle_complete then 0 else s.scanned + scanned_delta end,
	      repaired = case when cycle_complete then 0 else s.repaired + repaired_delta end,
	      orphaned = case when cycle_complete then 0 else s.orphaned + orphaned_delta end,
	      failed = case when cycle_complete then 0 else s.failed + failed_delta end,
	      updated_at = now();
	  return true;
	end;
	$$;
172.17.0.1 2026-10-03 20:47:40.765 UTC [96] supabase_admin@postgres LOG:  statement: CREATE TABLE public.agent_artifact_revisions (
	    id uuid DEFAULT gen_random_uuid() NOT NULL,
	    org_id text NOT NULL,
	    artifact_id uuid NOT NULL,
	    version integer NOT NULL,
	    prompt text,
	    html text NOT NULL,
	    created_by text,
	    created_at timestamp with time zone DEFAULT now() NOT NULL
	);
172.17.0.1 2026-10-03 20:47:40.768 UTC [96] supabase_admin@postgres LOG:  statement: ALTER TABLE ONLY public.agent_artifact_revisions FORCE ROW LEVEL SECURITY;
172.17.0.1 2026-10-03 20:47:40.768 UTC [96] supabase_admin@postgres LOG:  statement: CREATE TABLE public.agent_artifacts (
	    id uuid DEFAULT gen_random_uuid() NOT NULL,
	    org_id text NOT NULL,
	    agent_id text NOT NULL,
	    title text NOT NULL,
	    description text DEFAULT ''::text NOT NULL,
	    icon text DEFAULT 'LayoutDashboard'::text NOT NULL,
	    html text NOT NULL,
	    created_by text,
	    created_at timestamp with time zone DEFAULT now() NOT NULL,
	    updated_at timestamp with time zone DEFAULT now() NOT NULL,
	    version integer DEFAULT 1 NOT NULL,
	    prompt text
	);
172.17.0.1 2026-10-03 20:47:40.770 UTC [96] supabase_admin@postgres LOG:  statement: ALTER TABLE ONLY public.agent_artifacts FORCE ROW LEVEL SECURITY;
172.17.0.1 2026-10-03 20:47:40.771 UTC [96] supabase_admin@postgres LOG:  statement: CREATE TABLE public.agent_built_skills (
	    id text NOT NULL,
	    gateway_agent_id text NOT NULL,
	    gateway_id uuid NOT NULL,
	    tenant_id uuid NOT NULL,
	    skill_id text NOT NULL,
	    "position" integer DEFAULT 0 NOT NULL,
	    created_at timestamp with time zone DEFAULT now() NOT NULL
	);
172.17.0.1 2026-10-03 20:47:40.772 UTC [96] supabase_admin@postgres LOG:  statement: ALTER TABLE ONLY public.agent_built_skills FORCE ROW LEVEL SECURITY;
172.17.0.1 2026-10-03 20:47:40.773 UTC [96] supabase_admin@postgres LOG:  statement: CREATE TABLE public.agent_group_members (
	    group_id text NOT NULL,
	    agent_id text NOT NULL,
	    sort_order integer DEFAULT 0
	);
172.17.0.1 2026-10-03 20:47:40.774 UTC [96] supabase_admin@postgres LOG:  statement: ALTER TABLE ONLY public.agent_group_members FORCE ROW LEVEL SECURITY;
172.17.0.1 2026-10-03 20:47:40.775 UTC [96] supabase_admin@postgres LOG:  statement: CREATE TABLE public.agent_groups (
	    id text NOT NULL,
	    profile_id uuid NOT NULL,
	    tenant_id uuid NOT NULL,
	    name text NOT NULL,
	    sort_order integer DEFAULT 0,
	    created_at timestamp with time zone DEFAULT now() NOT NULL
	);
172.17.0.1 2026-10-03 20:47:40.776 UTC [96] supabase_admin@postgres LOG:  statement: ALTER TABLE ONLY public.agent_groups FORCE ROW LEVEL SECURITY;
172.17.0.1 2026-10-03 20:47:40.776 UTC [96] supabase_admin@postgres LOG:  statement: CREATE TABLE public.agent_memories (
	    id uuid DEFAULT gen_random_uuid() NOT NULL,
	    org_id text NOT NULL,
	    gateway_id text,
	    agent_id text NOT NULL,
	    profile_id uuid,
	    content text NOT NULL,
	    embedding public.vector(1536),
	    category text DEFAULT 'other'::text NOT NULL,
	    importance real DEFAULT 0.5 NOT NULL,
	    source text DEFAULT 'manual'::text NOT NULL,
	    source_id text,
	    occurred_at timestamp with time zone,
	    created_at timestamp with time zone DEFAULT now() NOT NULL,
	    updated_at timestamp with time zone DEFAULT now() NOT NULL,
	    metadata jsonb DEFAULT '{}'::jsonb NOT NULL
	);
172.17.0.1 2026-10-03 20:47:40.778 UTC [96] supabase_admin@postgres LOG:  statement: ALTER TABLE ONLY public.agent_memories FORCE ROW LEVEL SECURITY;
172.17.0.1 2026-10-03 20:47:40.779 UTC [96] supabase_admin@postgres LOG:  statement: CREATE TABLE public.ai_usage (
	    id uuid DEFAULT gen_random_uuid() NOT NULL,
	    org_id text,
	    route text,
	    feature text,
	    model text NOT NULL,
	    input_tokens integer DEFAULT 0 NOT NULL,
	    cache_read_tokens integer DEFAULT 0 NOT NULL,
	    cache_write_tokens integer DEFAULT 0 NOT NULL,
	    output_tokens integer DEFAULT 0 NOT NULL,
	    reasoning_tokens integer DEFAULT 0 NOT NULL,
	    cost_usd double precision DEFAULT 0 NOT NULL,
	    provider_cost_usd double precision,
	    duration_ms integer,
	    ok boolean DEFAULT true NOT NULL,
	    created_at timestamp with time zone DEFAULT now() NOT NULL
	);
172.17.0.1 2026-10-03 20:47:40.781 UTC [96] supabase_admin@postgres LOG:  statement: ALTER TABLE ONLY public.ai_usage FORCE ROW LEVEL SECURITY;
172.17.0.1 2026-10-03 20:47:40.781 UTC [96] supabase_admin@postgres LOG:  statement: CREATE TABLE public.app_modules (
	    org_id text NOT NULL,
	    module_id text NOT NULL,
	    enabled boolean DEFAULT true NOT NULL,
	    updated_at timestamp with time zone DEFAULT now() NOT NULL
	);
172.17.0.1 2026-10-03 20:47:40.782 UTC [96] supabase_admin@postgres LOG:  statement: ALTER TABLE ONLY public.app_modules FORCE ROW LEVEL SECURITY;
172.17.0.1 2026-10-03 20:47:40.783 UTC [96] supabase_admin@postgres LOG:  statement: CREATE TABLE public.assignment_rules (
	    id uuid DEFAULT gen_random_uuid() NOT NULL,
	    org_id text NOT NULL,
	    name text NOT NULL,
	    enabled boolean DEFAULT true NOT NULL,
	    doc_type text NOT NULL,
	    strategy text DEFAULT 'round_robin'::text NOT NULL,
	    assignees jsonb DEFAULT '[]'::jsonb NOT NULL,
	    condition jsonb DEFAULT '[]'::jsonb NOT NULL,
	    cursor integer DEFAULT 0 NOT NULL,
	    created_at timestamp with time zone DEFAULT now() NOT NULL,
	    updated_at timestamp with time zone DEFAULT now() NOT NULL
	);
172.17.0.1 2026-10-03 20:47:40.784 UTC [96] supabase_admin@postgres LOG:  statement: ALTER TABLE ONLY public.assignment_rules FORCE ROW LEVEL SECURITY;
172.17.0.1 2026-10-03 20:47:40.784 UTC [96] supabase_admin@postgres LOG:  statement: CREATE TABLE public.attachment_file_state (
	    file_id text NOT NULL,
	    org_id text NOT NULL,
	    file_key text NOT NULL,
	    access_modules text[] DEFAULT '{}'::text[] NOT NULL,
	    delete_attempted_at timestamp with time zone,
	    upload_expires_at timestamp with time zone,
	    delete_reconciled_at timestamp with time zone,
	    state text DEFAULT 'active'::text NOT NULL,
	    delete_requested_by uuid,
	    delete_requested_at timestamp with time zone,
	    created_at timestamp with time zone DEFAULT now() NOT NULL,
	    CONSTRAINT attachment_file_state_access_modules_check CHECK ((access_modules <@ ARRAY['crm'::text, 'scheduling'::text, 'pos'::text, 'stock'::text, 'finance'::text])),
	    CONSTRAINT attachment_file_state_check CHECK ((((state = 'active'::text) AND (delete_requested_at IS NULL)) OR ((state = 'deleting'::text) AND (delete_requested_at IS NOT NULL)))),
	    CONSTRAINT attachment_file_state_state_check CHECK ((state = ANY (ARRAY['active'::text, 'deleting'::text])))
	);
172.17.0.1 2026-10-03 20:47:40.787 UTC [96] supabase_admin@postgres LOG:  statement: ALTER TABLE ONLY public.attachment_file_state FORCE ROW LEVEL SECURITY;
172.17.0.1 2026-10-03 20:47:40.788 UTC [96] supabase_admin@postgres LOG:  statement: CREATE TABLE public.attachment_links (
	    org_id text NOT NULL,
	    file_id text NOT NULL,
	    object_type text NOT NULL,
	    object_id uuid NOT NULL,
	    linked_by uuid,
	    linked_at timestamp with time zone DEFAULT now() NOT NULL,
	    CONSTRAINT attachment_links_object_type_check CHECK ((object_type = ANY (ARRAY['crm_contact'::text, 'booking'::text, 'event_type'::text, 'product'::text, 'stk_item'::text, 'fin_invoice'::text, 'stk_entry'::text, 'pos_ticket'::text])))
	);
172.17.0.1 2026-10-03 20:47:40.789 UTC [96] supabase_admin@postgres LOG:  statement: ALTER TABLE ONLY public.attachment_links FORCE ROW LEVEL SECURITY;
172.17.0.1 2026-10-03 20:47:40.790 UTC [96] supabase_admin@postgres LOG:  statement: CREATE TABLE public.attachment_trash (
	    org_id text NOT NULL,
	    file_id text NOT NULL,
	    object_type text NOT NULL,
	    object_id uuid NOT NULL,
	    linked_by uuid,
	    linked_at timestamp with time zone NOT NULL,
	    hidden_by uuid,
	    hidden_at timestamp with time zone DEFAULT now() NOT NULL,
	    CONSTRAINT attachment_trash_object_type_check CHECK ((object_type = ANY (ARRAY['crm_contact'::text, 'booking'::text, 'event_type'::text, 'product'::text, 'stk_item'::text, 'fin_invoice'::text, 'stk_entry'::text, 'pos_ticket'::text])))
	);
172.17.0.1 2026-10-03 20:47:40.791 UTC [96] supabase_admin@postgres LOG:  statement: ALTER TABLE ONLY public.attachment_trash FORCE ROW LEVEL SECURITY;
172.17.0.1 2026-10-03 20:47:40.792 UTC [96] supabase_admin@postgres LOG:  statement: CREATE TABLE public.backup_configs (
	    id text NOT NULL,
	    tenant_id uuid NOT NULL,
	    backup_host text,
	    backup_user text DEFAULT 'root'::text,
	    backup_port integer DEFAULT 22,
	    backup_base_path text DEFAULT '/mnt/agent-data/backups'::text,
	    schedule text,
	    retention_count integer DEFAULT 7,
	    enabled boolean DEFAULT false,
	    created_at timestamp with time zone DEFAULT now() NOT NULL,
	    updated_at timestamp with time zone DEFAULT now() NOT NULL
	);
172.17.0.1 2026-10-03 20:47:40.793 UTC [96] supabase_admin@postgres LOG:  statement: ALTER TABLE ONLY public.backup_configs FORCE ROW LEVEL SECURITY;
172.17.0.1 2026-10-03 20:47:40.794 UTC [96] supabase_admin@postgres LOG:  statement: CREATE TABLE public.bg_jobs (
	    id text NOT NULL,
	    tenant_id text NOT NULL,
	    user_id text,
	    type text NOT NULL,
	    ref_id text,
	    status text DEFAULT 'queued'::text NOT NULL,
	    cursor text,
	    error text,
	    attempts integer DEFAULT 0 NOT NULL,
	    lease_until bigint,
	    created_at bigint NOT NULL,
	    updated_at bigint NOT NULL,
	    started_at bigint,
	    finished_at bigint,
	    lease_generation integer DEFAULT 0 NOT NULL,
	    CONSTRAINT bg_jobs_lease_generation_nonnegative CHECK ((lease_generation >= 0))
	);
172.17.0.1 2026-10-03 20:47:40.796 UTC [96] supabase_admin@postgres LOG:  statement: CREATE TABLE public.brain_access (
	    brain_id uuid NOT NULL,
	    org_id text NOT NULL,
	    principal_type text NOT NULL,
	    principal_id text NOT NULL,
	    level text DEFAULT 'read'::text NOT NULL
	);
172.17.0.1 2026-10-03 20:47:40.797 UTC [96] supabase_admin@postgres LOG:  statement: ALTER TABLE ONLY public.brain_access FORCE ROW LEVEL SECURITY;
172.17.0.1 2026-10-03 20:47:40.797 UTC [96] supabase_admin@postgres LOG:  statement: COMMENT ON TABLE public.brain_access IS 'Per-brain access grants (role/user/agent principal, read/write level) for visibility=private brains.';
172.17.0.1 2026-10-03 20:47:40.798 UTC [96] supabase_admin@postgres LOG:  statement: CREATE TABLE public.brain_agent_templates (
	    id uuid DEFAULT gen_random_uuid() NOT NULL,
	    org_id text NOT NULL,
	    name_prefix text DEFAULT 'Brain'::text NOT NULL,
	    emoji text,
	    model text,
	    instructions text DEFAULT ''::text NOT NULL,
	    created_at timestamp with time zone DEFAULT now() NOT NULL,
	    updated_at timestamp with time zone DEFAULT now() NOT NULL
	);
172.17.0.1 2026-10-03 20:47:40.799 UTC [96] supabase_admin@postgres LOG:  statement: ALTER TABLE ONLY public.brain_agent_templates FORCE ROW LEVEL SECURITY;
172.17.0.1 2026-10-03 20:47:40.799 UTC [96] supabase_admin@postgres LOG:  statement: COMMENT ON TABLE public.brain_agent_templates IS 'Org-level template (one row per org) for provisioning/reconfiguring every brain''s managing gateway agent (P4.1 AI-Brains).';
172.17.0.1 2026-10-03 20:47:40.799 UTC [96] supabase_admin@postgres LOG:  statement: CREATE TABLE public.brain_chunks (
	    id uuid DEFAULT gen_random_uuid() NOT NULL,
	    brain_id uuid NOT NULL,
	    document_id uuid NOT NULL,
	    org_id text NOT NULL,
	    seq integer NOT NULL,
	    chunk_text text NOT NULL,
	    embedding public.vector(1536),
	    meta jsonb
	);
172.17.0.1 2026-10-03 20:47:40.800 UTC [96] supabase_admin@postgres LOG:  statement: ALTER TABLE ONLY public.brain_chunks FORCE ROW LEVEL SECURITY;
172.17.0.1 2026-10-03 20:47:40.800 UTC [96] supabase_admin@postgres LOG:  statement: COMMENT ON TABLE public.brain_chunks IS 'Chunked + embedded (1536-dim, text-embedding-3-small) document text — the vector search corpus for one brain.';
172.17.0.1 2026-10-03 20:47:40.801 UTC [96] supabase_admin@postgres LOG:  statement: CREATE TABLE public.brain_documents (
	    id uuid DEFAULT gen_random_uuid() NOT NULL,
	    brain_id uuid NOT NULL,
	    org_id text NOT NULL,
	    title text NOT NULL,
	    source_type text NOT NULL,
	    source_ref text,
	    content_md text,
	    status text DEFAULT 'pending'::text NOT NULL,
	    error text,
	    created_by text,
	    created_at timestamp with time zone DEFAULT now() NOT NULL,
	    updated_at timestamp with time zone DEFAULT now() NOT NULL
	);
172.17.0.1 2026-10-03 20:47:40.802 UTC [96] supabase_admin@postgres LOG:  statement: ALTER TABLE ONLY public.brain_documents FORCE ROW LEVEL SECURITY;
172.17.0.1 2026-10-03 20:47:40.802 UTC [96] supabase_admin@postgres LOG:  statement: COMMENT ON TABLE public.brain_documents IS 'Source documents (note/url/upload/module_ref) ingested into a brain. status tracks the bg-runtime brain_ingest job.';
172.17.0.1 2026-10-03 20:47:40.802 UTC [96] supabase_admin@postgres LOG:  statement: CREATE TABLE public.brain_enrichment_settings (
	    id uuid DEFAULT gen_random_uuid() NOT NULL,
	    org_id text NOT NULL,
	    harness text NOT NULL,
	    adapter_id text,
	    profile text,
	    distillation_model_provider text NOT NULL,
	    distillation_model_id text NOT NULL,
	    distillation_input_usd_per_million numeric(12,6),
	    distillation_output_usd_per_million numeric(12,6),
	    reranking_model_provider text,
	    reranking_model_id text,
	    reranking_input_usd_per_million numeric(12,6),
	    reranking_output_usd_per_million numeric(12,6),
	    daily_token_budget integer DEFAULT 250000 NOT NULL,
	    created_at timestamp with time zone DEFAULT now() NOT NULL,
	    updated_at timestamp with time zone DEFAULT now() NOT NULL,
	    CONSTRAINT brain_enrichment_custom_adapter_check CHECK (((harness = 'custom'::text) = (adapter_id IS NOT NULL))),
	    CONSTRAINT brain_enrichment_daily_token_budget_check CHECK (((daily_token_budget >= 10000) AND (daily_token_budget <= 5000000))),
	    CONSTRAINT brain_enrichment_distillation_compatibility_check CHECK ((((harness = ANY (ARRAY['drone'::text, 'pi'::text])) AND (distillation_model_provider = ANY (ARRAY['harness'::text, 'openrouter'::text]))) OR ((harness = 'claude-code'::text) AND (distillation_model_provider = ANY (ARRAY['harness'::text, 'anthropic'::text]))) OR ((harness = 'codex'::text) AND (distillation_model_provider = ANY (ARRAY['harness'::text, 'openai'::text, 'openrouter'::text]))) OR ((harness = 'custom'::text) AND (distillation_model_provider = 'openrouter'::text)))),
	    CONSTRAINT brain_enrichment_distillation_price_ceiling_check CHECK ((((distillation_input_usd_per_million IS NULL) AND (distillation_output_usd_per_million IS NULL)) OR (((distillation_input_usd_per_million >= (0)::numeric) AND (distillation_input_usd_per_million <= (5)::numeric)) AND ((distillation_output_usd_per_million >= (0)::numeric) AND (distillation_output_usd_per_million <= (20)::numeric))))),
	    CONSTRAINT brain_enrichment_distillation_price_pair_check CHECK (((distillation_input_usd_per_million IS NULL) = (distillation_output_usd_per_million IS NULL))),
	    CONSTRAINT brain_enrichment_distillation_price_source_check CHECK (((distillation_model_provider = 'harness'::text) = (distillation_input_usd_per_million IS NULL))),
	    CONSTRAINT brain_enrichment_harness_check CHECK ((harness = ANY (ARRAY['drone'::text, 'claude-code'::text, 'codex'::text, 'pi'::text, 'custom'::text]))),
	    CONSTRAINT brain_enrichment_model_id_nonempty_check CHECK ((length(btrim(distillation_model_id)) > 0)),
	    CONSTRAINT brain_enrichment_model_provider_check CHECK ((distillation_model_provider = ANY (ARRAY['harness'::text, 'openrouter'::text, 'anthropic'::text, 'openai'::text]))),
	    CONSTRAINT brain_enrichment_reranking_compatibility_check CHECK (((reranking_model_provider IS NULL) OR ((harness = ANY (ARRAY['drone'::text, 'pi'::text])) AND (reranking_model_provider = ANY (ARRAY['harness'::text, 'openrouter'::text]))) OR ((harness = 'claude-code'::text) AND (reranking_model_provider = ANY (ARRAY['harness'::text, 'anthropic'::text]))) OR ((harness = 'codex'::text) AND (reranking_model_provider = ANY (ARRAY['harness'::text, 'openai'::text, 'openrouter'::text]))) OR ((harness = 'custom'::text) AND (reranking_model_provider = 'openrouter'::text)))),
	    CONSTRAINT brain_enrichment_reranking_pair_check CHECK (((reranking_model_provider IS NULL) = (reranking_model_id IS NULL))),
	    CONSTRAINT brain_enrichment_reranking_price_ceiling_check CHECK ((((reranking_input_usd_per_million IS NULL) AND (reranking_output_usd_per_million IS NULL)) OR (((reranking_input_usd_per_million >= (0)::numeric) AND (reranking_input_usd_per_million <= (5)::numeric)) AND ((reranking_output_usd_per_million >= (0)::numeric) AND (reranking_output_usd_per_million <= (20)::numeric))))),
	    CONSTRAINT brain_enrichment_reranking_price_pair_check CHECK ((((reranking_model_provider IS NULL) AND (reranking_input_usd_per_million IS NULL) AND (reranking_output_usd_per_million IS NULL)) OR ((reranking_model_provider IS NOT NULL) AND ((reranking_input_usd_per_million IS NULL) = (reranking_output_usd_per_million IS NULL))))),
	    CONSTRAINT brain_enrichment_reranking_price_source_check CHECK (((reranking_model_provider IS NULL) OR ((reranking_model_provider = 'harness'::text) = (reranking_input_usd_per_million IS NULL)))),
	    CONSTRAINT brain_enrichment_reranking_provider_check CHECK (((reranking_model_provider IS NULL) OR (reranking_model_provider = ANY (ARRAY['harness'::text, 'openrouter'::text, 'anthropic'::text, 'openai'::text]))))
	);
172.17.0.1 2026-10-03 20:47:40.805 UTC [96] supabase_admin@postgres LOG:  statement: ALTER TABLE ONLY public.brain_enrichment_settings FORCE ROW LEVEL SECURITY;
172.17.0.1 2026-10-03 20:47:40.806 UTC [96] supabase_admin@postgres LOG:  statement: COMMENT ON TABLE public.brain_enrichment_settings IS 'Org-scoped, non-secret small-model and harness configuration consumed by Brain enrichment jobs.';
172.17.0.1 2026-10-03 20:47:40.806 UTC [96] supabase_admin@postgres LOG:  statement: CREATE TABLE public.brain_sources (
	    brain_id uuid NOT NULL,
	    org_id text NOT NULL,
	    source_id uuid NOT NULL,
	    weight real DEFAULT 1 NOT NULL,
	    config jsonb DEFAULT '{}'::jsonb NOT NULL,
	    created_at timestamp with time zone DEFAULT now() NOT NULL,
	    CONSTRAINT brain_sources_weight_check CHECK ((weight > (0)::double precision))
	);
172.17.0.1 2026-10-03 20:47:40.807 UTC [96] supabase_admin@postgres LOG:  statement: ALTER TABLE ONLY public.brain_sources FORCE ROW LEVEL SECURITY;
172.17.0.1 2026-10-03 20:47:40.808 UTC [96] supabase_admin@postgres LOG:  statement: COMMENT ON TABLE public.brain_sources IS 'Focused-brain source membership; Master Brain membership is implicit.';
172.17.0.1 2026-10-03 20:47:40.808 UTC [96] supabase_admin@postgres LOG:  statement: CREATE TABLE public.brain_vector_generations (
	    generation text NOT NULL,
	    embedding_model text NOT NULL,
	    dimensions integer NOT NULL,
	    enqueue_enabled boolean DEFAULT false NOT NULL,
	    is_active boolean DEFAULT false NOT NULL,
	    created_at timestamp with time zone DEFAULT now() NOT NULL,
	    updated_at timestamp with time zone DEFAULT now() NOT NULL,
	    storage_mode text DEFAULT 'pgvector'::text NOT NULL,
	    CONSTRAINT brain_vector_generations_dimensions_check CHECK ((dimensions > 0)),
	    CONSTRAINT brain_vector_generations_name_check CHECK ((generation ~ '^[a-z0-9_]{1,64}$'::text)),
	    CONSTRAINT brain_vector_generations_storage_mode_check CHECK ((storage_mode = ANY (ARRAY['pgvector'::text, 'qdrant'::text])))
	);
172.17.0.1 2026-10-03 20:47:40.809 UTC [96] supabase_admin@postgres LOG:  statement: ALTER TABLE ONLY public.brain_vector_generations FORCE ROW LEVEL SECURITY;
172.17.0.1 2026-10-03 20:47:40.810 UTC [96] supabase_admin@postgres LOG:  statement: COMMENT ON TABLE public.brain_vector_generations IS 'Vector generation control. enqueue_enabled defaults false so infrastructure migrations are inert.';
172.17.0.1 2026-10-03 20:47:40.810 UTC [96] supabase_admin@postgres LOG:  statement: CREATE TABLE public.brain_vector_outbox (
	    chunk_id uuid NOT NULL,
	    org_id text NOT NULL,
	    collection_generation text NOT NULL,
	    desired_operation text NOT NULL,
	    desired_content_hash text,
	    revision bigint DEFAULT 1 NOT NULL,
	    status text DEFAULT 'queued'::text NOT NULL,
	    attempts integer DEFAULT 0 NOT NULL,
	    available_at timestamp with time zone DEFAULT now() NOT NULL,
	    lease_owner text,
	    lease_until timestamp with time zone,
	    last_error text,
	    created_at timestamp with time zone DEFAULT now() NOT NULL,
	    updated_at timestamp with time zone DEFAULT now() NOT NULL,
	    CONSTRAINT brain_vector_outbox_attempts_check CHECK ((attempts >= 0)),
	    CONSTRAINT brain_vector_outbox_operation_check CHECK ((desired_operation = ANY (ARRAY['upsert'::text, 'delete'::text]))),
	    CONSTRAINT brain_vector_outbox_revision_check CHECK ((revision > 0)),
	    CONSTRAINT brain_vector_outbox_status_check CHECK ((status = ANY (ARRAY['queued'::text, 'running'::text, 'dead'::text])))
	);
172.17.0.1 2026-10-03 20:47:40.812 UTC [96] supabase_admin@postgres LOG:  statement: ALTER TABLE ONLY public.brain_vector_outbox FORCE ROW LEVEL SECURITY;
172.17.0.1 2026-10-03 20:47:40.812 UTC [96] supabase_admin@postgres LOG:  statement: COMMENT ON TABLE public.brain_vector_outbox IS 'Latest desired Qdrant serving-index state. Empty is not proof of canonical/index parity.';
172.17.0.1 2026-10-03 20:47:40.812 UTC [96] supabase_admin@postgres LOG:  statement: CREATE TABLE public.brain_vector_reconcile_state (
	    collection_generation text NOT NULL,
	    after_chunk_id uuid,
	    cycle_started_at timestamp with time zone,
	    last_completed_at timestamp with time zone,
	    scanned bigint DEFAULT 0 NOT NULL,
	    repaired bigint DEFAULT 0 NOT NULL,
	    orphaned bigint DEFAULT 0 NOT NULL,
	    failed bigint DEFAULT 0 NOT NULL,
	    updated_at timestamp with time zone DEFAULT now() NOT NULL,
	    qdrant_after_offset jsonb
	);
172.17.0.1 2026-10-03 20:47:40.814 UTC [96] supabase_admin@postgres LOG:  statement: ALTER TABLE ONLY public.brain_vector_reconcile_state FORCE ROW LEVEL SECURITY;
172.17.0.1 2026-10-03 20:47:40.814 UTC [96] supabase_admin@postgres LOG:  statement: CREATE TABLE public.brains (
	    id uuid DEFAULT gen_random_uuid() NOT NULL,
	    org_id text NOT NULL,
	    name text NOT NULL,
	    description text,
	    icon text,
	    visibility text DEFAULT 'org'::text NOT NULL,
	    created_by text,
	    created_at timestamp with time zone DEFAULT now() NOT NULL,
	    updated_at timestamp with time zone DEFAULT now() NOT NULL,
	    agent_id text,
	    kind text DEFAULT 'focused'::text NOT NULL,
	    include_all_sources boolean DEFAULT false NOT NULL,
	    CONSTRAINT brains_kind_check CHECK ((kind = ANY (ARRAY['master'::text, 'focused'::text]))),
	    CONSTRAINT brains_master_scope_check CHECK (((kind = 'master'::text) = include_all_sources))
	);
172.17.0.1 2026-10-03 20:47:40.815 UTC [96] supabase_admin@postgres LOG:  statement: ALTER TABLE ONLY public.brains FORCE ROW LEVEL SECURITY;
172.17.0.1 2026-10-03 20:47:40.815 UTC [96] supabase_admin@postgres LOG:  statement: COMMENT ON TABLE public.brains IS 'Org-scoped knowledge base (P4 AI-Brains). RLS via app_ledger + app.current_org_id GUC (withOrgCore).';
172.17.0.1 2026-10-03 20:47:40.815 UTC [96] supabase_admin@postgres LOG:  statement: COMMENT ON COLUMN public.brains.agent_id IS 'Gateway agentId (pattern brain-<brainUuid>) of this brain''s managing agent, or null if agent management is disabled for this brain.';
172.17.0.1 2026-10-03 20:47:40.816 UTC [96] supabase_admin@postgres LOG:  statement: CREATE TABLE public.built_agent_skills (
	    id text NOT NULL,
	    agent_id text NOT NULL,
	    skill_id text NOT NULL,
	    "position" integer DEFAULT 0 NOT NULL,
	    config_overrides text DEFAULT '{}'::text
	);
172.17.0.1 2026-10-03 20:47:40.816 UTC [96] supabase_admin@postgres LOG:  statement: ALTER TABLE ONLY public.built_agent_skills FORCE ROW LEVEL SECURITY;
172.17.0.1 2026-10-03 20:47:40.817 UTC [96] supabase_admin@postgres LOG:  statement: CREATE TABLE public.built_agents (
	    id text NOT NULL,
	    name text NOT NULL,
	    emoji text DEFAULT '🤖'::text,
	    description text DEFAULT ''::text,
	    model text,
	    system_prompt text DEFAULT ''::text,
	    temperature real DEFAULT 0.7,
	    max_tokens integer DEFAULT 4096,
	    retry_policy text DEFAULT '{}'::text,
	    fallback_agent_id text,
	    status text DEFAULT 'draft'::text NOT NULL,
	    gateway_id uuid,
	    tenant_id uuid NOT NULL,
	    created_by text,
	    published_at timestamp with time zone,
	    created_at timestamp with time zone DEFAULT now() NOT NULL,
	    updated_at timestamp with time zone DEFAULT now() NOT NULL,
	    runtime_agent_id text
	);
172.17.0.1 2026-10-03 20:47:40.818 UTC [96] supabase_admin@postgres LOG:  statement: ALTER TABLE ONLY public.built_agents FORCE ROW LEVEL SECURITY;
172.17.0.1 2026-10-03 20:47:40.818 UTC [96] supabase_admin@postgres LOG:  statement: CREATE TABLE public.built_chapter_edges (
	    id text NOT NULL,
	    skill_id text NOT NULL,
	    source_chapter_id text NOT NULL,
	    target_chapter_id text NOT NULL,
	    label text
	);
172.17.0.1 2026-10-03 20:47:40.820 UTC [96] supabase_admin@postgres LOG:  statement: ALTER TABLE ONLY public.built_chapter_edges FORCE ROW LEVEL SECURITY;
172.17.0.1 2026-10-03 20:47:40.820 UTC [96] supabase_admin@postgres LOG:  statement: CREATE TABLE public.built_chapter_tools (
	    id text NOT NULL,
	    chapter_id text NOT NULL,
	    tool_id text NOT NULL
	);
172.17.0.1 2026-10-03 20:47:40.821 UTC [96] supabase_admin@postgres LOG:  statement: ALTER TABLE ONLY public.built_chapter_tools FORCE ROW LEVEL SECURITY;
172.17.0.1 2026-10-03 20:47:40.822 UTC [96] supabase_admin@postgres LOG:  statement: CREATE TABLE public.built_chapters (
	    id text NOT NULL,
	    skill_id text NOT NULL,
	    type text DEFAULT 'chapter'::text NOT NULL,
	    name text NOT NULL,
	    description text DEFAULT ''::text,
	    guide text DEFAULT ''::text,
	    context text DEFAULT ''::text,
	    output_def text DEFAULT ''::text,
	    condition_text text DEFAULT ''::text,
	    position_x real DEFAULT 0 NOT NULL,
	    position_y real DEFAULT 0 NOT NULL,
	    created_at timestamp with time zone DEFAULT now() NOT NULL,
	    updated_at timestamp with time zone DEFAULT now() NOT NULL
	);
172.17.0.1 2026-10-03 20:47:40.824 UTC [96] supabase_admin@postgres LOG:  statement: ALTER TABLE ONLY public.built_chapters FORCE ROW LEVEL SECURITY;
172.17.0.1 2026-10-03 20:47:40.824 UTC [96] supabase_admin@postgres LOG:  statement: CREATE TABLE public.built_skill_tools (
	    id text NOT NULL,
	    skill_id text NOT NULL,
	    tool_id text NOT NULL
	);
172.17.0.1 2026-10-03 20:47:40.825 UTC [96] supabase_admin@postgres LOG:  statement: ALTER TABLE ONLY public.built_skill_tools FORCE ROW LEVEL SECURITY;
172.17.0.1 2026-10-03 20:47:40.825 UTC [96] supabase_admin@postgres LOG:  statement: CREATE TABLE public.built_skills (
	    id text NOT NULL,
	    name text NOT NULL,
	    description text DEFAULT ''::text,
	    emoji text DEFAULT '📖'::text,
	    status text DEFAULT 'draft'::text NOT NULL,
	    max_cycles integer DEFAULT 3 NOT NULL,
	    gateway_id uuid,
	    tenant_id uuid,
	    created_by text,
	    published_at timestamp with time zone,
	    created_at timestamp with time zone DEFAULT now() NOT NULL,
	    updated_at timestamp with time zone DEFAULT now() NOT NULL
	);
172.17.0.1 2026-10-03 20:47:40.826 UTC [96] supabase_admin@postgres LOG:  statement: ALTER TABLE ONLY public.built_skills FORCE ROW LEVEL SECURITY;
172.17.0.1 2026-10-03 20:47:40.827 UTC [96] supabase_admin@postgres LOG:  statement: CREATE TABLE public.built_tools (
	    id text NOT NULL,
	    name text NOT NULL,
	    description text DEFAULT ''::text,
	    script_code text DEFAULT ''::text,
	    script_lang text DEFAULT 'javascript'::text NOT NULL,
	    env_vars text DEFAULT '{}'::text,
	    validation_rules text DEFAULT '{}'::text,
	    execution_config text DEFAULT '{}'::text,
	    status text DEFAULT 'draft'::text NOT NULL,
	    gateway_id uuid,
	    tenant_id uuid,
	    created_by text,
	    published_at timestamp with time zone,
	    created_at timestamp with time zone DEFAULT now() NOT NULL,
	    updated_at timestamp with time zone DEFAULT now() NOT NULL
	);
172.17.0.1 2026-10-03 20:47:40.828 UTC [96] supabase_admin@postgres LOG:  statement: ALTER TABLE ONLY public.built_tools FORCE ROW LEVEL SECURITY;
172.17.0.1 2026-10-03 20:47:40.829 UTC [96] supabase_admin@postgres LOG:  statement: CREATE TABLE public.channel_assignments (
	    id text NOT NULL,
	    tenant_id uuid NOT NULL,
	    channel_id text NOT NULL,
	    target_type text NOT NULL,
	    target_id text NOT NULL,
	    created_at timestamp with time zone DEFAULT now() NOT NULL
	);
172.17.0.1 2026-10-03 20:47:40.830 UTC [96] supabase_admin@postgres LOG:  statement: ALTER TABLE ONLY public.channel_assignments FORCE ROW LEVEL SECURITY;
172.17.0.1 2026-10-03 20:47:40.830 UTC [96] supabase_admin@postgres LOG:  statement: CREATE TABLE public.channel_bindings (
	    id uuid DEFAULT gen_random_uuid() NOT NULL,
	    tenant_id uuid NOT NULL,
	    channel_id text NOT NULL,
	    match_kind text NOT NULL,
	    match_peer text,
	    agent_id text,
	    created_at timestamp with time zone DEFAULT now() NOT NULL,
	    CONSTRAINT channel_bindings_match_kind_check CHECK ((match_kind = ANY (ARRAY['catchall'::text, 'dm_peer'::text, 'group'::text])))
	);
172.17.0.1 2026-10-03 20:47:40.831 UTC [96] supabase_admin@postgres LOG:  statement: ALTER TABLE ONLY public.channel_bindings FORCE ROW LEVEL SECURITY;
172.17.0.1 2026-10-03 20:47:40.832 UTC [96] supabase_admin@postgres LOG:  statement: CREATE TABLE public.channel_identities (
	    id text NOT NULL,
	    user_id uuid NOT NULL,
	    channel text NOT NULL,
	    channel_user_id text NOT NULL,
	    display_name text,
	    verified_at timestamp with time zone,
	    created_at timestamp with time zone DEFAULT now() NOT NULL
	);
172.17.0.1 2026-10-03 20:47:40.833 UTC [96] supabase_admin@postgres LOG:  statement: CREATE TABLE public.channel_pairing_requests (
	    id uuid DEFAULT gen_random_uuid() NOT NULL,
	    tenant_id uuid NOT NULL,
	    gateway_id uuid NOT NULL,
	    channel_type text NOT NULL,
	    account_id text NOT NULL,
	    sender_id text NOT NULL,
	    code_hash text NOT NULL,
	    meta jsonb DEFAULT '{}'::jsonb NOT NULL,
	    created_at timestamp with time zone DEFAULT now() NOT NULL,
	    last_seen_at timestamp with time zone DEFAULT now() NOT NULL
	);
172.17.0.1 2026-10-03 20:47:40.834 UTC [96] supabase_admin@postgres LOG:  statement: ALTER TABLE ONLY public.channel_pairing_requests FORCE ROW LEVEL SECURITY;
172.17.0.1 2026-10-03 20:47:40.834 UTC [96] supabase_admin@postgres LOG:  statement: CREATE TABLE public.channels (
	    id text NOT NULL,
	    tenant_id uuid NOT NULL,
	    gateway_id uuid NOT NULL,
	    type text NOT NULL,
	    label text NOT NULL,
	    credentials text DEFAULT ''::text NOT NULL,
	    credentials_iv text DEFAULT ''::text NOT NULL,
	    credentials_meta text DEFAULT '{}'::text NOT NULL,
	    status text DEFAULT 'inactive'::text NOT NULL,
	    created_at timestamp with time zone DEFAULT now() NOT NULL,
	    updated_at timestamp with time zone DEFAULT now() NOT NULL,
	    enabled boolean DEFAULT true NOT NULL,
	    replies text DEFAULT 'none'::text NOT NULL,
	    allow_from text[] DEFAULT '{}'::text[] NOT NULL,
	    group_allow_from text[] DEFAULT '{}'::text[] NOT NULL,
	    require_mention boolean DEFAULT true NOT NULL,
	    reconnect_count integer DEFAULT 0 NOT NULL,
	    last_seen_at timestamp with time zone,
	    last_error text,
	    account_id text,
	    auth_ref text,
	    settings jsonb DEFAULT '{}'::jsonb NOT NULL,
	    owner_profile_id uuid,
	    CONSTRAINT channels_replies_chk CHECK ((replies = ANY (ARRAY['none'::text, 'bound'::text])))
	);
172.17.0.1 2026-10-03 20:47:40.836 UTC [96] supabase_admin@postgres LOG:  statement: ALTER TABLE ONLY public.channels FORCE ROW LEVEL SECURITY;
172.17.0.1 2026-10-03 20:47:40.836 UTC [96] supabase_admin@postgres LOG:  statement: COMMENT ON COLUMN public.channels.owner_profile_id IS 'Set => account is USER-scoped (follows this person across orgs). Null => ORG-scoped via tenant_id.';
172.17.0.1 2026-10-03 20:47:40.837 UTC [96] supabase_admin@postgres LOG:  statement: CREATE TABLE public.chat_messages (
	    id bigint NOT NULL,
	    tenant_id uuid NOT NULL,
	    gateway_id uuid NOT NULL,
	    agent_id text NOT NULL,
	    session_key text NOT NULL,
	    role text NOT NULL,
	    content text NOT NULL,
	    run_id text,
	    "timestamp" timestamp with time zone NOT NULL,
	    created_at timestamp with time zone DEFAULT now() NOT NULL
	);
172.17.0.1 2026-10-03 20:47:40.838 UTC [96] supabase_admin@postgres LOG:  statement: ALTER TABLE ONLY public.chat_messages FORCE ROW LEVEL SECURITY;
172.17.0.1 2026-10-03 20:47:40.838 UTC [96] supabase_admin@postgres LOG:  statement: CREATE SEQUENCE public.chat_messages_id_seq
	    START WITH 1
	    INCREMENT BY 1
	    NO MINVALUE
	    NO MAXVALUE
	    CACHE 1;
172.17.0.1 2026-10-03 20:47:40.839 UTC [96] supabase_admin@postgres LOG:  statement: ALTER SEQUENCE public.chat_messages_id_seq OWNED BY public.chat_messages.id;
172.17.0.1 2026-10-03 20:47:40.839 UTC [96] supabase_admin@postgres LOG:  statement: CREATE TABLE public.config_snapshots (
	    id text NOT NULL,
	    tenant_id uuid NOT NULL,
	    gateway_id uuid NOT NULL,
	    config_json text NOT NULL,
	    config_hash text NOT NULL,
	    fetched_at timestamp with time zone NOT NULL
	);
172.17.0.1 2026-10-03 20:47:40.840 UTC [96] supabase_admin@postgres LOG:  statement: ALTER TABLE ONLY public.config_snapshots FORCE ROW LEVEL SECURITY;
172.17.0.1 2026-10-03 20:47:40.841 UTC [96] supabase_admin@postgres LOG:  statement: CREATE TABLE public.crm_activities (
	    id uuid DEFAULT gen_random_uuid() NOT NULL,
	    org_id text NOT NULL,
	    contact_id uuid NOT NULL,
	    kind text NOT NULL,
	    body text,
	    actor_id uuid,
	    data jsonb DEFAULT '{}'::jsonb NOT NULL,
	    occurred_at timestamp with time zone DEFAULT now() NOT NULL,
	    created_at timestamp with time zone DEFAULT now() NOT NULL
	);
172.17.0.1 2026-10-03 20:47:40.842 UTC [96] supabase_admin@postgres LOG:  statement: ALTER TABLE ONLY public.crm_activities FORCE ROW LEVEL SECURITY;
172.17.0.1 2026-10-03 20:47:40.843 UTC [96] supabase_admin@postgres LOG:  statement: CREATE TABLE public.crm_contact_activity_stats (
	    contact_id uuid NOT NULL,
	    org_id text NOT NULL,
	    message_count bigint DEFAULT 0 NOT NULL,
	    inbound_count bigint DEFAULT 0 NOT NULL,
	    outbound_count bigint DEFAULT 0 NOT NULL,
	    channels_used integer DEFAULT 0 NOT NULL,
	    first_contact_at timestamp with time zone,
	    last_contact_at timestamp with time zone,
	    last_inbound_at timestamp with time zone,
	    last_outbound_at timestamp with time zone,
	    updated_at timestamp with time zone DEFAULT now() NOT NULL
	);
172.17.0.1 2026-10-03 20:47:40.844 UTC [96] supabase_admin@postgres LOG:  statement: ALTER TABLE ONLY public.crm_contact_activity_stats FORCE ROW LEVEL SECURITY;
172.17.0.1 2026-10-03 20:47:40.844 UTC [96] supabase_admin@postgres LOG:  statement: CREATE TABLE public.crm_contact_identities (
	    id uuid DEFAULT gen_random_uuid() NOT NULL,
	    org_id text NOT NULL,
	    contact_id uuid NOT NULL,
	    channel text NOT NULL,
	    external_id text NOT NULL,
	    handle text,
	    created_at timestamp with time zone DEFAULT now() NOT NULL
	);
172.17.0.1 2026-10-03 20:47:40.845 UTC [96] supabase_admin@postgres LOG:  statement: ALTER TABLE ONLY public.crm_contact_identities FORCE ROW LEVEL SECURITY;
172.17.0.1 2026-10-03 20:47:40.846 UTC [96] supabase_admin@postgres LOG:  statement: CREATE TABLE public.messages (
	    id uuid DEFAULT gen_random_uuid() NOT NULL,
	    client_id text NOT NULL,
	    org_id text NOT NULL,
	    gateway_id text,
	    direction text NOT NULL,
	    channel text NOT NULL,
	    account_id text,
	    chat_id text,
	    is_group boolean,
	    sender_id text,
	    sender_name text,
	    sender_handle text,
	    is_bot boolean,
	    content text,
	    message_id text,
	    agent_id text,
	    session_key text,
	    success boolean,
	    error text,
	    occurred_at timestamp with time zone,
	    created_at timestamp with time zone DEFAULT now() NOT NULL,
	    metadata jsonb DEFAULT '{}'::jsonb NOT NULL
	)
	WITH (autovacuum_vacuum_insert_threshold='5000', autovacuum_vacuum_insert_scale_factor='0.0', autovacuum_vacuum_scale_factor='0.02', autovacuum_analyze_scale_factor='0.02');
172.17.0.1 2026-10-03 20:47:40.848 UTC [96] supabase_admin@postgres LOG:  statement: ALTER TABLE ONLY public.messages FORCE ROW LEVEL SECURITY;
172.17.0.1 2026-10-03 20:47:40.848 UTC [96] supabase_admin@postgres LOG:  statement: CREATE VIEW public.crm_contact_stats WITH (security_invoker='true') AS
	 SELECT ci.contact_id,
	    ci.org_id,
	    count(*) AS message_count,
	    count(*) FILTER (WHERE (m.direction = 'inbound'::text)) AS inbound_count,
	    count(*) FILTER (WHERE (m.direction = 'outbound'::text)) AS outbound_count,
	    count(DISTINCT m.channel) AS channels_used,
	    min(COALESCE(m.occurred_at, m.created_at)) AS first_contact_at,
	    max(COALESCE(m.occurred_at, m.created_at)) AS last_contact_at
	   FROM (public.crm_contact_identities ci
	     JOIN public.messages m ON (((m.org_id = ci.org_id) AND (m.channel = ci.channel) AND (m.chat_id = ci.external_id))))
	  WHERE (m.is_bot IS NOT TRUE)
	  GROUP BY ci.contact_id, ci.org_id;
172.17.0.1 2026-10-03 20:47:40.851 UTC [96] supabase_admin@postgres LOG:  statement: CREATE TABLE public.crm_contact_tags (
	    org_id text NOT NULL,
	    contact_id uuid NOT NULL,
	    tag_id uuid NOT NULL,
	    applied_by uuid,
	    applied_at timestamp with time zone DEFAULT now() NOT NULL
	);
172.17.0.1 2026-10-03 20:47:40.852 UTC [96] supabase_admin@postgres LOG:  statement: ALTER TABLE ONLY public.crm_contact_tags FORCE ROW LEVEL SECURITY;
172.17.0.1 2026-10-03 20:47:40.852 UTC [96] supabase_admin@postgres LOG:  statement: CREATE VIEW public.crm_contact_timeline WITH (security_invoker='on') AS
	 SELECT ci.contact_id,
	    m.org_id,
	    'message'::text AS kind,
	    m.direction,
	    m.channel,
	    m.content AS body,
	    m.agent_id,
	    m.metadata AS data,
	    COALESCE(m.occurred_at, m.created_at) AS occurred_at,
	    m.id AS source_id,
	    m.client_id
	   FROM (public.messages m
	     JOIN public.crm_contact_identities ci ON (((ci.org_id = m.org_id) AND (ci.channel = m.channel) AND (ci.external_id = m.chat_id))))
	UNION ALL
	 SELECT a.contact_id,
	    a.org_id,
	    a.kind,
	    NULL::text AS direction,
	    NULL::text AS channel,
	    a.body,
	    NULL::text AS agent_id,
	    a.data,
	    a.occurred_at,
	    a.id AS source_id,
	    NULL::text AS client_id
	   FROM public.crm_activities a;
172.17.0.1 2026-10-03 20:47:40.854 UTC [96] supabase_admin@postgres LOG:  statement: CREATE TABLE public.crm_contacts (
	    id uuid DEFAULT gen_random_uuid() NOT NULL,
	    org_id text NOT NULL,
	    display_name text,
	    profile_id uuid,
	    owner_id uuid,
	    lifecycle_override text,
	    source text DEFAULT 'harvested'::text NOT NULL,
	    custom_fields jsonb DEFAULT '{}'::jsonb NOT NULL,
	    deleted_at timestamp with time zone,
	    created_at timestamp with time zone DEFAULT now() NOT NULL,
	    updated_at timestamp with time zone DEFAULT now() NOT NULL,
	    party_id uuid,
	    human_id text
	);
172.17.0.1 2026-10-03 20:47:40.855 UTC [96] supabase_admin@postgres LOG:  statement: ALTER TABLE ONLY public.crm_contacts FORCE ROW LEVEL SECURITY;
172.17.0.1 2026-10-03 20:47:40.855 UTC [96] supabase_admin@postgres LOG:  statement: CREATE TABLE public.crm_conversation_analysis (
	    org_id text NOT NULL,
	    channel text NOT NULL,
	    chat_id text NOT NULL,
	    contact_id uuid,
	    primary_intent text,
	    pain_points jsonb DEFAULT '[]'::jsonb NOT NULL,
	    asked_for text,
	    answered_summary text,
	    over_answered boolean,
	    over_answered_reason text,
	    msg_count integer DEFAULT 0 NOT NULL,
	    first_at timestamp with time zone,
	    last_at timestamp with time zone,
	    analyzed_at timestamp with time zone DEFAULT now() NOT NULL,
	    model text,
	    metadata jsonb DEFAULT '{}'::jsonb NOT NULL
	);
172.17.0.1 2026-10-03 20:47:40.857 UTC [96] supabase_admin@postgres LOG:  statement: ALTER TABLE ONLY public.crm_conversation_analysis FORCE ROW LEVEL SECURITY;
172.17.0.1 2026-10-03 20:47:40.857 UTC [96] supabase_admin@postgres LOG:  statement: COMMENT ON TABLE public.crm_conversation_analysis IS 'Per-conversation structured LLM extraction (intent, pain_points, over_answered) for CRM Conversation Intelligence census questions. RLS via app_ledger + app.current_org_id GUC (withOrgCore).';
172.17.0.1 2026-10-03 20:47:40.857 UTC [96] supabase_admin@postgres LOG:  statement: CREATE TABLE public.crm_conversation_chunks (
	    id uuid DEFAULT gen_random_uuid() NOT NULL,
	    org_id text NOT NULL,
	    channel text NOT NULL,
	    chat_id text NOT NULL,
	    contact_id uuid,
	    party_id uuid,
	    chunk_index integer DEFAULT 0 NOT NULL,
	    content text NOT NULL,
	    embedding public.vector(1536),
	    msg_count integer DEFAULT 0 NOT NULL,
	    first_at timestamp with time zone,
	    last_at timestamp with time zone,
	    created_at timestamp with time zone DEFAULT now() NOT NULL,
	    metadata jsonb DEFAULT '{}'::jsonb NOT NULL
	);
172.17.0.1 2026-10-03 20:47:40.858 UTC [96] supabase_admin@postgres LOG:  statement: ALTER TABLE ONLY public.crm_conversation_chunks FORCE ROW LEVEL SECURITY;
172.17.0.1 2026-10-03 20:47:40.859 UTC [96] supabase_admin@postgres LOG:  statement: COMMENT ON TABLE public.crm_conversation_chunks IS 'Semantic retrieval corpus for CRM Conversation Intelligence: role-tagged, chunked (~1500 tok), embedded (1536-dim) 1:1 conversation text. RLS via app_ledger + app.current_org_id GUC (withOrgCore). Exact cosine retrieval remains available; the optional IVFFlat accelerator is disabled by the storage guard migration.';
172.17.0.1 2026-10-03 20:47:40.859 UTC [96] supabase_admin@postgres LOG:  statement: CREATE TABLE public.crm_conversation_index (
	    org_id text NOT NULL,
	    channel text NOT NULL,
	    chat_id text NOT NULL,
	    contact_id uuid,
	    party_id uuid,
	    eligible_count integer DEFAULT 0 NOT NULL,
	    last_occurred_at timestamp with time zone,
	    last_ingested_at timestamp with time zone,
	    content_sig text,
	    chunk_count integer DEFAULT 0 NOT NULL,
	    vectorized_at timestamp with time zone,
	    analyzed_at timestamp with time zone,
	    updated_at timestamp with time zone DEFAULT now() NOT NULL
	);
172.17.0.1 2026-10-03 20:47:40.860 UTC [96] supabase_admin@postgres LOG:  statement: ALTER TABLE ONLY public.crm_conversation_index FORCE ROW LEVEL SECURITY;
172.17.0.1 2026-10-03 20:47:40.860 UTC [96] supabase_admin@postgres LOG:  statement: COMMENT ON TABLE public.crm_conversation_index IS 'Signature store for incremental/idempotent CRM conversation vectorize+analyze ticks (spec §6). RLS via app_ledger + app.current_org_id GUC (withOrgCore).';
172.17.0.1 2026-10-03 20:47:40.861 UTC [96] supabase_admin@postgres LOG:  statement: CREATE TABLE public.crm_message_sentiment (
	    org_id text NOT NULL,
	    message_id uuid NOT NULL,
	    score double precision NOT NULL,
	    label text NOT NULL,
	    model text,
	    analyzed_at timestamp with time zone DEFAULT now() NOT NULL
	);
172.17.0.1 2026-10-03 20:47:40.862 UTC [96] supabase_admin@postgres LOG:  statement: ALTER TABLE ONLY public.crm_message_sentiment FORCE ROW LEVEL SECURITY;
172.17.0.1 2026-10-03 20:47:40.862 UTC [96] supabase_admin@postgres LOG:  statement: CREATE TABLE public.crm_sentiment_chat_daily (
	    org_id text NOT NULL,
	    chat_id text NOT NULL,
	    day date NOT NULL,
	    score double precision NOT NULL,
	    message_count integer NOT NULL,
	    refreshed_at timestamp with time zone DEFAULT now() NOT NULL,
	    CONSTRAINT crm_sentiment_chat_daily_message_count_check CHECK ((message_count >= 0))
	);
172.17.0.1 2026-10-03 20:47:40.863 UTC [96] supabase_admin@postgres LOG:  statement: ALTER TABLE ONLY public.crm_sentiment_chat_daily FORCE ROW LEVEL SECURITY;
172.17.0.1 2026-10-03 20:47:40.863 UTC [96] supabase_admin@postgres LOG:  statement: CREATE TABLE public.app_table_config (
	    org_id text NOT NULL,
	    value jsonb DEFAULT '{}'::jsonb NOT NULL,
	    updated_at timestamp with time zone DEFAULT now() NOT NULL
	);
172.17.0.1 2026-10-03 20:47:40.864 UTC [96] supabase_admin@postgres LOG:  statement: ALTER TABLE ONLY public.app_table_config FORCE ROW LEVEL SECURITY;
172.17.0.1 2026-10-03 20:47:40.865 UTC [96] supabase_admin@postgres LOG:  statement: CREATE TABLE public.crm_settings (
	    org_id text NOT NULL,
	    value jsonb DEFAULT '{}'::jsonb NOT NULL,
	    updated_at timestamp with time zone DEFAULT now() NOT NULL
	);
172.17.0.1 2026-10-03 20:47:40.865 UTC [96] supabase_admin@postgres LOG:  statement: ALTER TABLE ONLY public.crm_settings FORCE ROW LEVEL SECURITY;
172.17.0.1 2026-10-03 20:47:40.866 UTC [96] supabase_admin@postgres LOG:  statement: CREATE TABLE public.crm_tags (
	    id uuid DEFAULT gen_random_uuid() NOT NULL,
	    org_id text NOT NULL,
	    name text NOT NULL,
	    color text,
	    kind text DEFAULT 'manual'::text NOT NULL,
	    rule jsonb,
	    "position" double precision DEFAULT 0 NOT NULL,
	    created_by uuid,
	    created_at timestamp with time zone DEFAULT now() NOT NULL
	);
172.17.0.1 2026-10-03 20:47:40.867 UTC [96] supabase_admin@postgres LOG:  statement: ALTER TABLE ONLY public.crm_tags FORCE ROW LEVEL SECURITY;
172.17.0.1 2026-10-03 20:47:40.867 UTC [96] supabase_admin@postgres LOG:  statement: CREATE TABLE public.crm_win_embeddings (
	    org_id text NOT NULL,
	    contact_id uuid NOT NULL,
	    embedding public.vector(1536),
	    msg_count integer DEFAULT 0 NOT NULL,
	    bought text[] DEFAULT '{}'::text[] NOT NULL,
	    snippet text,
	    built_at timestamp with time zone DEFAULT now() NOT NULL
	);
172.17.0.1 2026-10-03 20:47:40.868 UTC [96] supabase_admin@postgres LOG:  statement: ALTER TABLE ONLY public.crm_win_embeddings FORCE ROW LEVEL SECURITY;
172.17.0.1 2026-10-03 20:47:40.868 UTC [96] supabase_admin@postgres LOG:  statement: CREATE TABLE public.crm_word_frequency_daily (
	    org_id text NOT NULL,
	    day date NOT NULL,
	    word text NOT NULL,
	    document_count bigint NOT NULL,
	    refreshed_at timestamp with time zone DEFAULT now() NOT NULL,
	    CONSTRAINT crm_word_frequency_daily_document_count_check CHECK ((document_count >= 0))
	);
172.17.0.1 2026-10-03 20:47:40.869 UTC [96] supabase_admin@postgres LOG:  statement: ALTER TABLE ONLY public.crm_word_frequency_daily FORCE ROW LEVEL SECURITY;
172.17.0.1 2026-10-03 20:47:40.870 UTC [96] supabase_admin@postgres LOG:  statement: CREATE TABLE public.dashboard_layouts (
	    org_id text NOT NULL,
	    dashboard_id text NOT NULL,
	    layout jsonb DEFAULT '{}'::jsonb NOT NULL,
	    updated_at timestamp with time zone DEFAULT now() NOT NULL
	);
172.17.0.1 2026-10-03 20:47:40.871 UTC [96] supabase_admin@postgres LOG:  statement: ALTER TABLE ONLY public.dashboard_layouts FORCE ROW LEVEL SECURITY;
172.17.0.1 2026-10-03 20:47:40.871 UTC [96] supabase_admin@postgres LOG:  statement: CREATE TABLE public.device_identities (
	    id text NOT NULL,
	    tenant_id uuid NOT NULL,
	    device_id text NOT NULL,
	    public_key_pem text NOT NULL,
	    private_key_pem text NOT NULL,
	    created_at timestamp with time zone DEFAULT now() NOT NULL
	);
172.17.0.1 2026-10-03 20:47:40.872 UTC [96] supabase_admin@postgres LOG:  statement: ALTER TABLE ONLY public.device_identities FORCE ROW LEVEL SECURITY;
172.17.0.1 2026-10-03 20:47:40.872 UTC [96] supabase_admin@postgres LOG:  statement: CREATE TABLE public.doc_audit_log (
	    id uuid DEFAULT gen_random_uuid() NOT NULL,
	    org_id text NOT NULL,
	    ref_type text NOT NULL,
	    ref_id uuid NOT NULL,
	    actor_id uuid,
	    actor_name text,
	    op text DEFAULT 'update'::text NOT NULL,
	    changes jsonb DEFAULT '[]'::jsonb NOT NULL,
	    occurred_at timestamp with time zone DEFAULT now() NOT NULL
	);
172.17.0.1 2026-10-03 20:47:40.873 UTC [96] supabase_admin@postgres LOG:  statement: ALTER TABLE ONLY public.doc_audit_log FORCE ROW LEVEL SECURITY;
172.17.0.1 2026-10-03 20:47:40.874 UTC [96] supabase_admin@postgres LOG:  statement: CREATE TABLE public.doc_comments (
	    id uuid DEFAULT gen_random_uuid() NOT NULL,
	    org_id text NOT NULL,
	    ref_type text NOT NULL,
	    ref_id uuid NOT NULL,
	    kind text DEFAULT 'comment'::text NOT NULL,
	    body text,
	    actor_id uuid,
	    actor_name text,
	    parent_id uuid,
	    created_at timestamp with time zone DEFAULT now() NOT NULL
	);
172.17.0.1 2026-10-03 20:47:40.875 UTC [96] supabase_admin@postgres LOG:  statement: ALTER TABLE ONLY public.doc_comments FORCE ROW LEVEL SECURITY;
172.17.0.1 2026-10-03 20:47:40.875 UTC [96] supabase_admin@postgres LOG:  statement: CREATE TABLE public.email_ledger (
	    id uuid DEFAULT gen_random_uuid() NOT NULL,
	    org_id text NOT NULL,
	    user_id text,
	    mailbox text NOT NULL,
	    gmail_message_id text NOT NULL,
	    from_domain text,
	    subject text,
	    summary text,
	    labels text[] DEFAULT '{}'::text[] NOT NULL,
	    processed_at timestamp with time zone DEFAULT now() NOT NULL,
	    expires_at timestamp with time zone
	);
172.17.0.1 2026-10-03 20:47:40.876 UTC [96] supabase_admin@postgres LOG:  statement: CREATE TABLE public.email_ledger_settings (
	    org_id text NOT NULL,
	    retention_days integer DEFAULT 180 NOT NULL,
	    updated_at timestamp with time zone DEFAULT now() NOT NULL
	);
172.17.0.1 2026-10-03 20:47:40.877 UTC [96] supabase_admin@postgres LOG:  statement: CREATE TABLE public.email_opens (
	    user_id text NOT NULL,
	    gmail_message_id text NOT NULL,
	    opened_at timestamp with time zone DEFAULT now() NOT NULL
	);
172.17.0.1 2026-10-03 20:47:40.878 UTC [96] supabase_admin@postgres LOG:  statement: CREATE TABLE public.files (
	    id text NOT NULL,
	    tenant_id uuid NOT NULL,
	    uploaded_by uuid,
	    b2_file_key text NOT NULL,
	    file_name text NOT NULL,
	    content_type text NOT NULL,
	    size_bytes bigint NOT NULL,
	    category text DEFAULT 'general'::text NOT NULL,
	    created_at timestamp with time zone DEFAULT now() NOT NULL
	);
172.17.0.1 2026-10-03 20:47:40.879 UTC [96] supabase_admin@postgres LOG:  statement: ALTER TABLE ONLY public.files FORCE ROW LEVEL SECURITY;
172.17.0.1 2026-10-03 20:47:40.879 UTC [96] supabase_admin@postgres LOG:  statement: CREATE TABLE public.fin_clients (
	    id uuid DEFAULT gen_random_uuid() NOT NULL,
	    org_id text NOT NULL,
	    provider text NOT NULL,
	    provider_ref text NOT NULL,
	    name text,
	    doc_type text,
	    doc_number text,
	    email text,
	    phone text,
	    metadata jsonb DEFAULT '{}'::jsonb NOT NULL,
	    party_id uuid
	);
172.17.0.1 2026-10-03 20:47:40.880 UTC [96] supabase_admin@postgres LOG:  statement: ALTER TABLE ONLY public.fin_clients FORCE ROW LEVEL SECURITY;
172.17.0.1 2026-10-03 20:47:40.880 UTC [96] supabase_admin@postgres LOG:  statement: CREATE TABLE public.fin_dni_placeholder_null_bak (
	    src text,
	    ref uuid,
	    val text
	);
172.17.0.1 2026-10-03 20:47:40.882 UTC [96] supabase_admin@postgres LOG:  statement: CREATE TABLE public.fin_dni_reassign_bak_cli (
	    id uuid,
	    org_id text,
	    provider text,
	    provider_ref text,
	    name text,
	    doc_type text,
	    doc_number text,
	    email text,
	    phone text,
	    metadata jsonb,
	    party_id uuid
	);
172.17.0.1 2026-10-03 20:47:40.883 UTC [96] supabase_admin@postgres LOG:  statement: CREATE TABLE public.fin_dni_reassign_bak_inv (
	    id uuid,
	    org_id text,
	    provider text,
	    provider_ref text,
	    number text,
	    document_id text,
	    issued_at timestamp with time zone,
	    client_name text,
	    client_doc_type text,
	    client_doc_number text,
	    client_email text,
	    currency text,
	    subtotal numeric,
	    tax numeric,
	    discount numeric,
	    total numeric,
	    status text,
	    seller text,
	    note text,
	    metadata jsonb,
	    synced_at timestamp with time zone,
	    created_at timestamp with time zone,
	    client_id uuid
	);
172.17.0.1 2026-10-03 20:47:40.884 UTC [96] supabase_admin@postgres LOG:  statement: CREATE TABLE public.fin_invoice_items (
	    id uuid DEFAULT gen_random_uuid() NOT NULL,
	    org_id text NOT NULL,
	    invoice_id uuid NOT NULL,
	    code text,
	    description text,
	    category text,
	    quantity numeric,
	    unit_price numeric,
	    discount numeric,
	    tax numeric,
	    total numeric,
	    metadata jsonb DEFAULT '{}'::jsonb NOT NULL,
	    product_id uuid
	);
172.17.0.1 2026-10-03 20:47:40.885 UTC [96] supabase_admin@postgres LOG:  statement: ALTER TABLE ONLY public.fin_invoice_items FORCE ROW LEVEL SECURITY;
172.17.0.1 2026-10-03 20:47:40.886 UTC [96] supabase_admin@postgres LOG:  statement: CREATE TABLE public.fin_invoices (
	    id uuid DEFAULT gen_random_uuid() NOT NULL,
	    org_id text NOT NULL,
	    provider text NOT NULL,
	    provider_ref text NOT NULL,
	    number text,
	    document_id text,
	    issued_at timestamp with time zone,
	    client_name text,
	    client_doc_type text,
	    client_doc_number text,
	    client_email text,
	    currency text DEFAULT 'PEN'::text,
	    subtotal numeric,
	    tax numeric,
	    discount numeric,
	    total numeric,
	    status text,
	    seller text,
	    note text,
	    metadata jsonb DEFAULT '{}'::jsonb NOT NULL,
	    synced_at timestamp with time zone DEFAULT now() NOT NULL,
	    created_at timestamp with time zone DEFAULT now() NOT NULL,
	    client_id uuid,
	    shadowed boolean DEFAULT false NOT NULL
	);
172.17.0.1 2026-10-03 20:47:40.888 UTC [96] supabase_admin@postgres LOG:  statement: ALTER TABLE ONLY public.fin_invoices FORCE ROW LEVEL SECURITY;
172.17.0.1 2026-10-03 20:47:40.889 UTC [96] supabase_admin@postgres LOG:  statement: CREATE TABLE public.fin_payments (
	    id uuid DEFAULT gen_random_uuid() NOT NULL,
	    org_id text NOT NULL,
	    invoice_id uuid NOT NULL,
	    provider_ref text,
	    method text,
	    paid_at timestamp with time zone,
	    amount numeric,
	    status text,
	    metadata jsonb DEFAULT '{}'::jsonb NOT NULL
	);
172.17.0.1 2026-10-03 20:47:40.890 UTC [96] supabase_admin@postgres LOG:  statement: ALTER TABLE ONLY public.fin_payments FORCE ROW LEVEL SECURITY;
172.17.0.1 2026-10-03 20:47:40.891 UTC [96] supabase_admin@postgres LOG:  statement: CREATE TABLE public.fin_payments_method_bak_20260814 (
	    id uuid,
	    old_method text,
	    bpm integer
	);
172.17.0.1 2026-10-03 20:47:40.892 UTC [96] supabase_admin@postgres LOG:  statement: CREATE TABLE public.fin_product_components (
	    id uuid DEFAULT gen_random_uuid() NOT NULL,
	    org_id text NOT NULL,
	    bundle_product_id uuid NOT NULL,
	    child_product_id uuid NOT NULL,
	    qty numeric DEFAULT 1 NOT NULL,
	    line_no integer DEFAULT 0 NOT NULL,
	    note text,
	    created_at timestamp with time zone DEFAULT now() NOT NULL,
	    updated_at timestamp with time zone DEFAULT now() NOT NULL,
	    CONSTRAINT fin_product_components_no_self CHECK ((bundle_product_id <> child_product_id)),
	    CONSTRAINT fin_product_components_qty_pos CHECK ((qty > (0)::numeric))
	);
172.17.0.1 2026-10-03 20:47:40.894 UTC [96] supabase_admin@postgres LOG:  statement: ALTER TABLE ONLY public.fin_product_components FORCE ROW LEVEL SECURITY;
172.17.0.1 2026-10-03 20:47:40.894 UTC [96] supabase_admin@postgres LOG:  statement: CREATE TABLE public.fin_products (
	    id uuid DEFAULT gen_random_uuid() NOT NULL,
	    org_id text NOT NULL,
	    code text NOT NULL,
	    name text NOT NULL,
	    category text,
	    unit_price numeric,
	    active boolean DEFAULT true NOT NULL,
	    metadata jsonb DEFAULT '{}'::jsonb NOT NULL,
	    created_at timestamp with time zone DEFAULT now() NOT NULL,
	    updated_at timestamp with time zone DEFAULT now() NOT NULL,
	    sku uuid DEFAULT gen_random_uuid() NOT NULL
	);
172.17.0.1 2026-10-03 20:47:40.895 UTC [96] supabase_admin@postgres LOG:  statement: ALTER TABLE ONLY public.fin_products FORCE ROW LEVEL SECURITY;
172.17.0.1 2026-10-03 20:47:40.896 UTC [96] supabase_admin@postgres LOG:  statement: CREATE TABLE public.fin_products_bak_insumos2608 (
	    id uuid,
	    org_id text,
	    code text,
	    name text,
	    category text,
	    unit_price numeric,
	    active boolean,
	    metadata jsonb,
	    created_at timestamp with time zone,
	    updated_at timestamp with time zone,
	    sku uuid
	);
172.17.0.1 2026-10-03 20:47:40.897 UTC [96] supabase_admin@postgres LOG:  statement: CREATE TABLE public.fin_purchase_periods (
	    id uuid DEFAULT gen_random_uuid() NOT NULL,
	    org_id text NOT NULL,
	    period text NOT NULL,
	    status text DEFAULT 'open'::text NOT NULL,
	    doc_count integer DEFAULT 0 NOT NULL,
	    base_gravada numeric,
	    igv numeric,
	    total numeric,
	    last_synced_at timestamp with time zone,
	    created_at timestamp with time zone DEFAULT now() NOT NULL,
	    updated_at timestamp with time zone DEFAULT now() NOT NULL
	);
172.17.0.1 2026-10-03 20:47:40.899 UTC [96] supabase_admin@postgres LOG:  statement: ALTER TABLE ONLY public.fin_purchase_periods FORCE ROW LEVEL SECURITY;
172.17.0.1 2026-10-03 20:47:40.899 UTC [96] supabase_admin@postgres LOG:  statement: CREATE TABLE public.fin_purchases (
	    id uuid DEFAULT gen_random_uuid() NOT NULL,
	    org_id text NOT NULL,
	    source text NOT NULL,
	    provider_ref text,
	    period text NOT NULL,
	    supplier_ruc text,
	    supplier_name text,
	    doc_type text,
	    serie text,
	    numero text,
	    issued_at date,
	    currency text,
	    base_gravada numeric,
	    igv numeric,
	    total numeric,
	    period_status text DEFAULT 'open'::text NOT NULL,
	    sync_state text DEFAULT 'local'::text NOT NULL,
	    metadata jsonb DEFAULT '{}'::jsonb NOT NULL,
	    created_at timestamp with time zone DEFAULT now() NOT NULL,
	    updated_at timestamp with time zone DEFAULT now() NOT NULL
	);
172.17.0.1 2026-10-03 20:47:40.901 UTC [96] supabase_admin@postgres LOG:  statement: ALTER TABLE ONLY public.fin_purchases FORCE ROW LEVEL SECURITY;
172.17.0.1 2026-10-03 20:47:40.902 UTC [96] supabase_admin@postgres LOG:  statement: CREATE TABLE public.fin_settings (
	    org_id text NOT NULL,
	    currency text DEFAULT 'PEN'::text NOT NULL,
	    tax_rate numeric DEFAULT 0.18 NOT NULL,
	    fx_base text DEFAULT 'USD'::text NOT NULL,
	    fx_quote text DEFAULT 'PEN'::text NOT NULL,
	    fx_mode text DEFAULT 'auto'::text NOT NULL,
	    fx_manual_rate numeric,
	    fx_auto_rate numeric,
	    fx_source text,
	    fx_updated_at timestamp with time zone,
	    updated_at timestamp with time zone DEFAULT now() NOT NULL,
	    timezone text DEFAULT 'America/Lima'::text NOT NULL
	);
172.17.0.1 2026-10-03 20:47:40.903 UTC [96] supabase_admin@postgres LOG:  statement: CREATE TABLE public.fin_sources (
	    org_id text NOT NULL,
	    provider text NOT NULL,
	    config jsonb DEFAULT '{}'::jsonb NOT NULL,
	    secret_refs jsonb DEFAULT '{}'::jsonb NOT NULL,
	    enabled boolean DEFAULT true NOT NULL,
	    watermark text,
	    last_sync_at timestamp with time zone,
	    last_status text,
	    updated_at timestamp with time zone DEFAULT now() NOT NULL,
	    last_probe_at timestamp with time zone,
	    last_probe_status text,
	    last_probe_message text
	);
172.17.0.1 2026-10-03 20:47:40.905 UTC [96] supabase_admin@postgres LOG:  statement: ALTER TABLE ONLY public.fin_sources FORCE ROW LEVEL SECURITY;
172.17.0.1 2026-10-03 20:47:40.905 UTC [96] supabase_admin@postgres LOG:  statement: CREATE TABLE public.fin_statement_imports (
	    id uuid DEFAULT gen_random_uuid() NOT NULL,
	    org_id text NOT NULL,
	    file_id text,
	    source_kind text NOT NULL,
	    content_sha256 text NOT NULL,
	    parser_version integer NOT NULL,
	    status text DEFAULT 'queued'::text NOT NULL,
	    next_chunk integer DEFAULT 0 NOT NULL,
	    row_count integer,
	    inserted_count integer,
	    rejected_count integer,
	    error_code text,
	    error_message text,
	    created_by uuid,
	    created_at timestamp with time zone DEFAULT now() NOT NULL,
	    finished_at timestamp with time zone
	);
172.17.0.1 2026-10-03 20:47:40.906 UTC [96] supabase_admin@postgres LOG:  statement: ALTER TABLE ONLY public.fin_statement_imports FORCE ROW LEVEL SECURITY;
172.17.0.1 2026-10-03 20:47:40.907 UTC [96] supabase_admin@postgres LOG:  statement: CREATE TABLE public.fin_sync_jobs (
	    id uuid DEFAULT gen_random_uuid() NOT NULL,
	    org_id text NOT NULL,
	    provider text NOT NULL,
	    status text DEFAULT 'queued'::text NOT NULL,
	    total integer,
	    processed integer DEFAULT 0 NOT NULL,
	    page_cursor text,
	    error text,
	    cancel_requested boolean DEFAULT false NOT NULL,
	    started_at timestamp with time zone,
	    finished_at timestamp with time zone,
	    heartbeat_at timestamp with time zone,
	    created_at timestamp with time zone DEFAULT now() NOT NULL,
	    updated_at timestamp with time zone DEFAULT now() NOT NULL
	);
172.17.0.1 2026-10-03 20:47:40.908 UTC [96] supabase_admin@postgres LOG:  statement: ALTER TABLE ONLY public.fin_sync_jobs FORCE ROW LEVEL SECURITY;
172.17.0.1 2026-10-03 20:47:40.909 UTC [96] supabase_admin@postgres LOG:  statement: CREATE TABLE public.fin_transactions (
	    id uuid DEFAULT gen_random_uuid() NOT NULL,
	    org_id text NOT NULL,
	    import_id uuid NOT NULL,
	    source_row integer NOT NULL,
	    posted_on date NOT NULL,
	    description text NOT NULL,
	    signed_amount numeric(18,2) NOT NULL,
	    currency text,
	    counterparty text,
	    category text,
	    reference text,
	    party_id uuid,
	    confidence numeric,
	    warnings jsonb DEFAULT '[]'::jsonb NOT NULL,
	    raw jsonb DEFAULT '{}'::jsonb NOT NULL,
	    created_at timestamp with time zone DEFAULT now() NOT NULL
	);
172.17.0.1 2026-10-03 20:47:40.910 UTC [96] supabase_admin@postgres LOG:  statement: ALTER TABLE ONLY public.fin_transactions FORCE ROW LEVEL SECURITY;
172.17.0.1 2026-10-03 20:47:40.910 UTC [96] supabase_admin@postgres LOG:  statement: CREATE TABLE public.flow_groups (
	    id text NOT NULL,
	    name text NOT NULL,
	    user_id text,
	    tenant_id text,
	    plugin_id text,
	    disabled boolean DEFAULT false NOT NULL,
	    created_at bigint NOT NULL,
	    updated_at bigint NOT NULL
	);
172.17.0.1 2026-10-03 20:47:40.912 UTC [96] supabase_admin@postgres LOG:  statement: ALTER TABLE ONLY public.flow_groups FORCE ROW LEVEL SECURITY;
172.17.0.1 2026-10-03 20:47:40.912 UTC [96] supabase_admin@postgres LOG:  statement: CREATE TABLE public.flow_groups_backup_20260604 (
	    id text,
	    name text,
	    user_id text,
	    tenant_id text,
	    plugin_id text,
	    disabled boolean,
	    created_at bigint,
	    updated_at bigint
	);
172.17.0.1 2026-10-03 20:47:40.914 UTC [96] supabase_admin@postgres LOG:  statement: CREATE TABLE public.flow_runs (
	    id text NOT NULL,
	    flow_id text NOT NULL,
	    user_id text,
	    tenant_id text,
	    started_at bigint NOT NULL,
	    duration_ms integer DEFAULT 0 NOT NULL,
	    status text DEFAULT 'completed'::text NOT NULL,
	    source text DEFAULT 'test'::text NOT NULL,
	    events text DEFAULT '[]'::text NOT NULL,
	    created_at bigint NOT NULL
	);
172.17.0.1 2026-10-03 20:47:40.915 UTC [96] supabase_admin@postgres LOG:  statement: ALTER TABLE ONLY public.flow_runs FORCE ROW LEVEL SECURITY;
172.17.0.1 2026-10-03 20:47:40.916 UTC [96] supabase_admin@postgres LOG:  statement: CREATE TABLE public.flow_var_exports (
	    id uuid DEFAULT gen_random_uuid() NOT NULL,
	    org_id text NOT NULL,
	    flow_id text NOT NULL,
	    var_key text NOT NULL,
	    enabled boolean NOT NULL,
	    updated_at timestamp with time zone DEFAULT now() NOT NULL
	);
172.17.0.1 2026-10-03 20:47:40.917 UTC [96] supabase_admin@postgres LOG:  statement: ALTER TABLE ONLY public.flow_var_exports FORCE ROW LEVEL SECURITY;
172.17.0.1 2026-10-03 20:47:40.917 UTC [96] supabase_admin@postgres LOG:  statement: CREATE TABLE public.flows (
	    id text NOT NULL,
	    name text NOT NULL,
	    nodes text DEFAULT '[]'::text NOT NULL,
	    edges text DEFAULT '[]'::text NOT NULL,
	    user_id text,
	    tenant_id text,
	    created_at bigint NOT NULL,
	    updated_at bigint NOT NULL,
	    active boolean DEFAULT false NOT NULL,
	    config text DEFAULT '{}'::text NOT NULL,
	    group_id text
	);
172.17.0.1 2026-10-03 20:47:40.918 UTC [96] supabase_admin@postgres LOG:  statement: ALTER TABLE ONLY public.flows FORCE ROW LEVEL SECURITY;
172.17.0.1 2026-10-03 20:47:40.919 UTC [96] supabase_admin@postgres LOG:  statement: CREATE TABLE public.flows_backup_20260604 (
	    id text,
	    name text,
	    nodes text,
	    edges text,
	    user_id text,
	    tenant_id text,
	    created_at bigint,
	    updated_at bigint,
	    active boolean,
	    config text,
	    group_id text
	);
172.17.0.1 2026-10-03 20:47:40.919 UTC [96] supabase_admin@postgres LOG:  statement: CREATE TABLE public.flows_backup_20260605_triage (
	    id text,
	    name text,
	    nodes text,
	    edges text,
	    user_id text,
	    tenant_id text,
	    created_at bigint,
	    updated_at bigint,
	    active boolean,
	    config text,
	    group_id text
	);
172.17.0.1 2026-10-03 20:47:40.920 UTC [96] supabase_admin@postgres LOG:  statement: CREATE TABLE public.gateway (
	    id uuid DEFAULT gen_random_uuid() NOT NULL,
	    legacy_server_id text,
	    name text NOT NULL,
	    url text NOT NULL,
	    token_ciphertext text DEFAULT ''::text NOT NULL,
	    token_iv text DEFAULT ''::text NOT NULL,
	    auth_mode text DEFAULT 'token'::text NOT NULL,
	    last_connected_at timestamp with time zone,
	    created_at timestamp with time zone DEFAULT now() NOT NULL,
	    updated_at timestamp with time zone DEFAULT now() NOT NULL,
	    org_id uuid,
	    channel text DEFAULT 'prd'::text NOT NULL,
	    CONSTRAINT gateway_channel_valid CHECK ((channel = ANY (ARRAY['dev'::text, 'prd'::text])))
	);
172.17.0.1 2026-10-03 20:47:40.922 UTC [96] supabase_admin@postgres LOG:  statement: COMMENT ON COLUMN public.gateway.channel IS 'Build channel this gateway row serves: dev (protopi) | prd (netcup). An org may only select a channel it has a row for — enforced server-side, not in the UI.';
172.17.0.1 2026-10-03 20:47:40.922 UTC [96] supabase_admin@postgres LOG:  statement: CREATE TABLE public.gateway_lease (
	    org_id uuid NOT NULL,
	    channel text NOT NULL,
	    gateway_id uuid NOT NULL,
	    acquired_at timestamp with time zone DEFAULT now() NOT NULL,
	    expires_at timestamp with time zone NOT NULL,
	    last_healthy_at timestamp with time zone,
	    CONSTRAINT gateway_lease_channel_valid CHECK ((channel = ANY (ARRAY['dev'::text, 'prd'::text])))
	);
172.17.0.1 2026-10-03 20:47:40.923 UTC [96] supabase_admin@postgres LOG:  statement: COMMENT ON TABLE public.gateway_lease IS 'Health-aware assignment lease. A human picks the CHANNEL; this table picks the INSTANCE, and every protocol (HTTP/RPC/WS) follows it. Failover flips the lease but does NOT move channel state (WhatsApp/Baileys sessions stay on the old host).';
172.17.0.1 2026-10-03 20:47:40.924 UTC [96] supabase_admin@postgres LOG:  statement: CREATE TABLE public.gateway_signing_keys (
	    kid text NOT NULL,
	    alg text DEFAULT 'EdDSA'::text NOT NULL,
	    public_jwk jsonb NOT NULL,
	    private_ciphertext text NOT NULL,
	    private_iv text NOT NULL,
	    active boolean DEFAULT true NOT NULL,
	    created_at timestamp with time zone DEFAULT now() NOT NULL
	);
172.17.0.1 2026-10-03 20:47:40.925 UTC [96] supabase_admin@postgres LOG:  statement: ALTER TABLE ONLY public.gateway_signing_keys FORCE ROW LEVEL SECURITY;
172.17.0.1 2026-10-03 20:47:40.926 UTC [96] supabase_admin@postgres LOG:  statement: CREATE TABLE public.hr_employees (
	    id uuid DEFAULT gen_random_uuid() NOT NULL,
	    org_id text NOT NULL,
	    profile_id uuid,
	    party_id uuid,
	    resource_id uuid,
	    name text NOT NULL,
	    email text,
	    designation text,
	    status text DEFAULT 'active'::text NOT NULL,
	    joined_on date,
	    left_on date,
	    metadata jsonb DEFAULT '{}'::jsonb NOT NULL,
	    created_at timestamp with time zone DEFAULT now() NOT NULL,
	    updated_at timestamp with time zone DEFAULT now() NOT NULL,
	    department text,
	    employment_type text
	);
172.17.0.1 2026-10-03 20:47:40.927 UTC [96] supabase_admin@postgres LOG:  statement: ALTER TABLE ONLY public.hr_employees FORCE ROW LEVEL SECURITY;
172.17.0.1 2026-10-03 20:47:40.927 UTC [96] supabase_admin@postgres LOG:  statement: CREATE TABLE public.hr_holidays (
	    id uuid DEFAULT gen_random_uuid() NOT NULL,
	    org_id text NOT NULL,
	    date date NOT NULL,
	    name text NOT NULL,
	    weekly_off boolean DEFAULT false NOT NULL,
	    source text DEFAULT 'manual'::text NOT NULL,
	    source_key text,
	    enabled boolean DEFAULT true NOT NULL
	);
172.17.0.1 2026-10-03 20:47:40.929 UTC [96] supabase_admin@postgres LOG:  statement: ALTER TABLE ONLY public.hr_holidays FORCE ROW LEVEL SECURITY;
172.17.0.1 2026-10-03 20:47:40.929 UTC [96] supabase_admin@postgres LOG:  statement: CREATE TABLE public.hr_leave_allocations (
	    id uuid DEFAULT gen_random_uuid() NOT NULL,
	    org_id text NOT NULL,
	    employee_id uuid NOT NULL,
	    leave_type_id uuid NOT NULL,
	    period_start date NOT NULL,
	    period_end date NOT NULL,
	    days numeric NOT NULL,
	    created_at timestamp with time zone DEFAULT now() NOT NULL
	);
172.17.0.1 2026-10-03 20:47:40.930 UTC [96] supabase_admin@postgres LOG:  statement: ALTER TABLE ONLY public.hr_leave_allocations FORCE ROW LEVEL SECURITY;
172.17.0.1 2026-10-03 20:47:40.930 UTC [96] supabase_admin@postgres LOG:  statement: CREATE TABLE public.hr_leave_requests (
	    id uuid DEFAULT gen_random_uuid() NOT NULL,
	    org_id text NOT NULL,
	    employee_id uuid NOT NULL,
	    leave_type_id uuid NOT NULL,
	    from_date date NOT NULL,
	    to_date date NOT NULL,
	    half_day boolean DEFAULT false NOT NULL,
	    days numeric NOT NULL,
	    reason text,
	    status text DEFAULT 'pending'::text NOT NULL,
	    decided_by uuid,
	    decided_at timestamp with time zone,
	    created_at timestamp with time zone DEFAULT now() NOT NULL
	);
172.17.0.1 2026-10-03 20:47:40.931 UTC [96] supabase_admin@postgres LOG:  statement: ALTER TABLE ONLY public.hr_leave_requests FORCE ROW LEVEL SECURITY;
172.17.0.1 2026-10-03 20:47:40.932 UTC [96] supabase_admin@postgres LOG:  statement: CREATE TABLE public.hr_leave_types (
	    id uuid DEFAULT gen_random_uuid() NOT NULL,
	    org_id text NOT NULL,
	    code text NOT NULL,
	    name text NOT NULL,
	    paid boolean DEFAULT true NOT NULL,
	    allow_negative boolean DEFAULT false NOT NULL,
	    include_holiday boolean DEFAULT false NOT NULL,
	    max_days_per_request integer,
	    active boolean DEFAULT true NOT NULL
	);
172.17.0.1 2026-10-03 20:47:40.933 UTC [96] supabase_admin@postgres LOG:  statement: ALTER TABLE ONLY public.hr_leave_types FORCE ROW LEVEL SECURITY;
172.17.0.1 2026-10-03 20:47:40.934 UTC [96] supabase_admin@postgres LOG:  statement: CREATE TABLE public.hr_settings (
	    org_id text NOT NULL,
	    value jsonb DEFAULT '{}'::jsonb NOT NULL,
	    updated_at timestamp with time zone DEFAULT now() NOT NULL
	);
172.17.0.1 2026-10-03 20:47:40.935 UTC [96] supabase_admin@postgres LOG:  statement: ALTER TABLE ONLY public.hr_settings FORCE ROW LEVEL SECURITY;
172.17.0.1 2026-10-03 20:47:40.935 UTC [96] supabase_admin@postgres LOG:  statement: CREATE TABLE public.hub_migrations (
	    version text NOT NULL,
	    applied_at timestamp with time zone DEFAULT now() NOT NULL
	);
172.17.0.1 2026-10-03 20:47:40.936 UTC [96] supabase_admin@postgres LOG:  statement: CREATE TABLE public.identity_subscriptions (
	    id uuid DEFAULT gen_random_uuid() NOT NULL,
	    identity_id uuid NOT NULL,
	    subscriber_profile_id uuid NOT NULL,
	    organization_id uuid NOT NULL,
	    created_at timestamp with time zone DEFAULT now() NOT NULL
	);
172.17.0.1 2026-10-03 20:47:40.937 UTC [96] supabase_admin@postgres LOG:  statement: CREATE TABLE public.job_effect_batches (
	    id text NOT NULL,
	    tenant_id text NOT NULL,
	    reservation_job_id text NOT NULL,
	    reservation_generation integer NOT NULL,
	    dispatch_job_id text,
	    dispatch_generation integer,
	    descriptor jsonb NOT NULL,
	    unit_ids jsonb NOT NULL,
	    membership_hash text NOT NULL,
	    count integer NOT NULL,
	    state text DEFAULT 'reserved'::text NOT NULL,
	    result jsonb,
	    abandonment_reason text,
	    created_at timestamp with time zone DEFAULT now() NOT NULL,
	    updated_at timestamp with time zone DEFAULT now() NOT NULL,
	    CONSTRAINT job_effect_batches_descriptor CHECK (public.job_effect_batch_descriptor_valid(descriptor, unit_ids, count)),
	    CONSTRAINT job_effect_batches_identity CHECK (((id ~ '^[a-f0-9]{64}$'::text) AND ((length(tenant_id) >= 1) AND (length(tenant_id) <= 256)) AND ((length(reservation_job_id) >= 1) AND (length(reservation_job_id) <= 256)) AND (reservation_generation >= 0) AND (membership_hash ~ '^[a-f0-9]{64}$'::text) AND ((count >= 1) AND (count <= 64)))),
	    CONSTRAINT job_effect_batches_shape CHECK ((((((state = ANY (ARRAY['reserved'::text, 'abandoned_unsent'::text])) AND (dispatch_job_id IS NULL) AND (dispatch_generation IS NULL) AND (result IS NULL)) OR ((state = ANY (ARRAY['admitted'::text, 'received'::text])) AND ((length(dispatch_job_id) >= 1) AND (length(dispatch_job_id) <= 256)) AND (dispatch_generation >= 0) AND (((state = 'admitted'::text) AND (result IS NULL)) OR ((state = 'received'::text) AND public.job_effect_vectors_valid(result, count))))) AND (((state = 'abandoned_unsent'::text) AND ((length(abandonment_reason) >= 1) AND (length(abandonment_reason) <= 160))) OR ((state <> 'abandoned_unsent'::text) AND (abandonment_reason IS NULL)))) IS TRUE))
	);
172.17.0.1 2026-10-03 20:47:40.939 UTC [96] supabase_admin@postgres LOG:  statement: ALTER TABLE ONLY public.job_effect_batches FORCE ROW LEVEL SECURITY;
172.17.0.1 2026-10-03 20:47:40.940 UTC [96] supabase_admin@postgres LOG:  statement: CREATE TABLE public.job_effect_pages (
	    id text NOT NULL,
	    tenant_id text NOT NULL,
	    job_id text NOT NULL,
	    page_key text NOT NULL,
	    manifest_hash text NOT NULL,
	    descriptor jsonb NOT NULL,
	    state text DEFAULT 'bound'::text NOT NULL,
	    completion jsonb,
	    created_at timestamp with time zone DEFAULT now() NOT NULL,
	    updated_at timestamp with time zone DEFAULT now() NOT NULL,
	    CONSTRAINT job_effect_pages_identity CHECK (((id ~ '^[a-f0-9]{64}$'::text) AND ((length(tenant_id) >= 1) AND (length(tenant_id) <= 256)) AND ((length(job_id) >= 1) AND (length(job_id) <= 256)) AND ((length(page_key) >= 1) AND (length(page_key) <= 160)) AND (manifest_hash ~ '^[a-f0-9]{64}$'::text))),
	    CONSTRAINT job_effect_pages_shape CHECK ((((jsonb_typeof(descriptor) = 'object'::text) AND (octet_length((descriptor)::text) <= 262144) AND (((state = 'bound'::text) AND (completion IS NULL)) OR ((state = 'published'::text) AND (jsonb_typeof(completion) = 'object'::text)))) IS TRUE))
	);
172.17.0.1 2026-10-03 20:47:40.941 UTC [96] supabase_admin@postgres LOG:  statement: ALTER TABLE ONLY public.job_effect_pages FORCE ROW LEVEL SECURITY;
172.17.0.1 2026-10-03 20:47:40.942 UTC [96] supabase_admin@postgres LOG:  statement: CREATE TABLE public.job_effect_units (
	    id text NOT NULL,
	    tenant_id text NOT NULL,
	    head_id text NOT NULL,
	    head_kind text DEFAULT 'head'::text NOT NULL,
	    revision uuid NOT NULL,
	    source_hash text NOT NULL,
	    manifest_hash text NOT NULL,
	    chunk_key text NOT NULL,
	    payload_hash text NOT NULL,
	    policy_hash text NOT NULL,
	    batch_id text,
	    vector_index integer,
	    first_published_at timestamp with time zone,
	    created_at timestamp with time zone DEFAULT now() NOT NULL,
	    CONSTRAINT job_effect_units_identity CHECK (((id ~ '^[a-f0-9]{64}$'::text) AND ((length(tenant_id) >= 1) AND (length(tenant_id) <= 256)) AND (head_kind = 'head'::text) AND (source_hash ~ '^[a-f0-9]{64}$'::text) AND (manifest_hash ~ '^[a-f0-9]{64}$'::text) AND (payload_hash ~ '^[a-f0-9]{64}$'::text) AND (policy_hash ~ '^[a-f0-9]{64}$'::text) AND ((length(chunk_key) >= 1) AND (length(chunk_key) <= 160)))),
	    CONSTRAINT job_effect_units_placement CHECK (((((batch_id IS NULL) AND (vector_index IS NULL)) OR ((batch_id IS NOT NULL) AND ((vector_index >= 0) AND (vector_index <= 63)))) IS TRUE))
	);
172.17.0.1 2026-10-03 20:47:40.944 UTC [96] supabase_admin@postgres LOG:  statement: ALTER TABLE ONLY public.job_effect_units FORCE ROW LEVEL SECURITY;
172.17.0.1 2026-10-03 20:47:40.944 UTC [96] supabase_admin@postgres LOG:  statement: CREATE TABLE public.job_effects (
	    id text NOT NULL,
	    tenant_id text NOT NULL,
	    family text NOT NULL,
	    entity_id text NOT NULL,
	    kind text NOT NULL,
	    revision uuid NOT NULL,
	    unit text NOT NULL,
	    source_hash text NOT NULL,
	    state text NOT NULL,
	    descriptor jsonb,
	    result jsonb,
	    legacy_job_id text,
	    created_at timestamp with time zone DEFAULT now() NOT NULL,
	    updated_at timestamp with time zone DEFAULT now() NOT NULL,
	    manifest_hash text,
	    CONSTRAINT job_effects_identity CHECK ((((length(tenant_id) >= 1) AND (length(tenant_id) <= 256)) AND ((length(family) >= 1) AND (length(family) <= 96)) AND ((length(entity_id) >= 1) AND (length(entity_id) <= 512)) AND (source_hash ~ '^[a-f0-9]{64}$'::text) AND (id ~ '^[a-f0-9]{64}$'::text))),
	    CONSTRAINT job_effects_manifest_shape CHECK (((manifest_hash IS NULL) OR ((kind = 'head'::text) AND (manifest_hash ~ '^[a-f0-9]{64}$'::text)))),
	    CONSTRAINT job_effects_shape CHECK (((((kind = 'head'::text) AND (unit = ''::text) AND (state = ANY (ARRAY['active'::text, 'revoked'::text])) AND (descriptor IS NULL) AND (result IS NULL)) OR ((kind = 'effect'::text) AND ((length(unit) >= 1) AND (length(unit) <= 160)) AND (legacy_job_id IS NULL) AND (state = ANY (ARRAY['admitted'::text, 'received'::text, 'committed'::text])) AND (descriptor IS NOT NULL) AND (jsonb_typeof(descriptor) = 'object'::text) AND (descriptor ?& ARRAY['payloadHash'::text, 'endpoint'::text, 'model'::text, 'normalization'::text, 'count'::text, 'dimensions'::text, 'pipelineVersion'::text]) AND (jsonb_typeof((descriptor -> 'payloadHash'::text)) = 'string'::text) AND (jsonb_typeof((descriptor -> 'endpoint'::text)) = 'string'::text) AND (jsonb_typeof((descriptor -> 'model'::text)) = 'string'::text) AND (jsonb_typeof((descriptor -> 'normalization'::text)) = 'string'::text) AND (jsonb_typeof((descriptor -> 'pipelineVersion'::text)) = 'string'::text) AND (jsonb_typeof((descriptor -> 'count'::text)) = 'number'::text) AND (jsonb_typeof((descriptor -> 'dimensions'::text)) = 'number'::text) AND ((descriptor ->> 'payloadHash'::text) ~ '^[a-f0-9]{64}$'::text) AND ((length((descriptor ->> 'endpoint'::text)) >= 1) AND (length((descriptor ->> 'endpoint'::text)) <= 512)) AND ((length((descriptor ->> 'model'::text)) >= 1) AND (length((descriptor ->> 'model'::text)) <= 128)) AND ((length((descriptor ->> 'normalization'::text)) >= 1) AND (length((descriptor ->> 'normalization'::text)) <= 128)) AND ((length((descriptor ->> 'pipelineVersion'::text)) >= 1) AND (length((descriptor ->> 'pipelineVersion'::text)) <= 128)) AND ((descriptor ->> 'count'::text) ~ '^([1-9]|[1-5][0-9]|6[0-4])$'::text) AND ((descriptor ->> 'dimensions'::text) = '1536'::text) AND
	CASE
	    WHEN (state = 'admitted'::text) THEN (result IS NULL)
	    ELSE public.job_effect_vectors_valid(result, ((descriptor ->> 'count'::text))::integer)
	END)) IS TRUE))
	);
172.17.0.1 2026-10-03 20:47:40.947 UTC [96] supabase_admin@postgres LOG:  statement: ALTER TABLE ONLY public.job_effects FORCE ROW LEVEL SECURITY;
172.17.0.1 2026-10-03 20:47:40.948 UTC [96] supabase_admin@postgres LOG:  statement: CREATE TABLE public.join_link (
	    id uuid DEFAULT gen_random_uuid() NOT NULL,
	    token text NOT NULL,
	    organization_id text NOT NULL,
	    role text NOT NULL,
	    created_by text NOT NULL,
	    expires_at timestamp with time zone,
	    max_uses integer,
	    uses_count integer DEFAULT 0 NOT NULL,
	    revoked boolean DEFAULT false NOT NULL,
	    created_at timestamp with time zone DEFAULT now() NOT NULL
	);
172.17.0.1 2026-10-03 20:47:40.949 UTC [96] supabase_admin@postgres LOG:  statement: CREATE TABLE public.join_request (
	    id uuid DEFAULT gen_random_uuid() NOT NULL,
	    supabase_id uuid NOT NULL,
	    user_id text NOT NULL,
	    email text NOT NULL,
	    display_name text,
	    message text,
	    status text DEFAULT 'pending'::text NOT NULL,
	    organization_id text NOT NULL,
	    requested_role text DEFAULT 'user'::text NOT NULL,
	    reviewed_by text,
	    reviewed_at timestamp with time zone,
	    created_at timestamp with time zone DEFAULT now() NOT NULL,
	    updated_at timestamp with time zone DEFAULT now() NOT NULL
	);
172.17.0.1 2026-10-03 20:47:40.950 UTC [96] supabase_admin@postgres LOG:  statement: CREATE TABLE public.knowledge_chunks (
	    id uuid DEFAULT gen_random_uuid() NOT NULL,
	    org_id text NOT NULL,
	    source_id uuid NOT NULL,
	    document_id uuid NOT NULL,
	    chunk_key text NOT NULL,
	    kind text DEFAULT 'raw'::text NOT NULL,
	    seq integer NOT NULL,
	    chunk_text text NOT NULL,
	    context_prefix text,
	    content_hash text NOT NULL,
	    embedding public.vector(1536),
	    embedding_model text,
	    search_vector tsvector GENERATED ALWAYS AS (to_tsvector('simple'::regconfig, ((COALESCE(context_prefix, ''::text) || ' '::text) || chunk_text))) STORED,
	    occurred_at timestamp with time zone,
	    metadata jsonb DEFAULT '{}'::jsonb NOT NULL,
	    created_at timestamp with time zone DEFAULT now() NOT NULL,
	    updated_at timestamp with time zone DEFAULT now() NOT NULL,
	    vector_indexed_hash text,
	    vector_indexed_generation text,
	    CONSTRAINT knowledge_chunks_kind_check CHECK ((kind = ANY (ARRAY['summary'::text, 'section'::text, 'burst'::text, 'code_file'::text, 'code_symbol'::text, 'raw'::text])))
	)
	WITH (autovacuum_vacuum_scale_factor='0.02', autovacuum_analyze_scale_factor='0.02');
172.17.0.1 2026-10-03 20:47:40.952 UTC [96] supabase_admin@postgres LOG:  statement: ALTER TABLE ONLY public.knowledge_chunks FORCE ROW LEVEL SECURITY;
172.17.0.1 2026-10-03 20:47:40.953 UTC [96] supabase_admin@postgres LOG:  statement: COMMENT ON TABLE public.knowledge_chunks IS 'Changed-chunk-only lexical and vector evidence shared across brain scopes. Embeddings remain canonical; ANN indexing is optional and currently disabled by the storage guard migration.';
172.17.0.1 2026-10-03 20:47:40.953 UTC [96] supabase_admin@postgres LOG:  statement: COMMENT ON COLUMN public.knowledge_chunks.vector_indexed_hash IS 'content_hash the serving-index worker last confirmed for this chunk; null or stale means the chunk is not in the serving index at its current content.';
172.17.0.1 2026-10-03 20:47:40.953 UTC [96] supabase_admin@postgres LOG:  statement: COMMENT ON COLUMN public.knowledge_chunks.vector_indexed_generation IS 'collection generation that confirmed vector_indexed_hash; a receipt from any other generation does not count as indexed.';
172.17.0.1 2026-10-03 20:47:40.953 UTC [96] supabase_admin@postgres LOG:  statement: CREATE TABLE public.knowledge_documents (
	    id uuid DEFAULT gen_random_uuid() NOT NULL,
	    org_id text NOT NULL,
	    source_id uuid NOT NULL,
	    external_id text NOT NULL,
	    title text NOT NULL,
	    raw_text text NOT NULL,
	    normalized_text text NOT NULL,
	    content_hash text NOT NULL,
	    source_revision text,
	    occurred_at timestamp with time zone,
	    source_updated_at timestamp with time zone,
	    ingested_at timestamp with time zone DEFAULT now() NOT NULL,
	    status text DEFAULT 'pending'::text NOT NULL,
	    metadata jsonb DEFAULT '{}'::jsonb NOT NULL,
	    created_at timestamp with time zone DEFAULT now() NOT NULL,
	    updated_at timestamp with time zone DEFAULT now() NOT NULL,
	    CONSTRAINT knowledge_documents_status_check CHECK ((status = ANY (ARRAY['pending'::text, 'processing'::text, 'ready'::text, 'failed'::text, 'deleted'::text])))
	)
	WITH (autovacuum_vacuum_scale_factor='0.02', autovacuum_analyze_scale_factor='0.02');
172.17.0.1 2026-10-03 20:47:40.955 UTC [96] supabase_admin@postgres LOG:  statement: ALTER TABLE ONLY public.knowledge_documents FORCE ROW LEVEL SECURITY;
172.17.0.1 2026-10-03 20:47:40.955 UTC [96] supabase_admin@postgres LOG:  statement: COMMENT ON TABLE public.knowledge_documents IS 'Normalized, idempotent source documents stored once in the canonical brain corpus.';
172.17.0.1 2026-10-03 20:47:40.955 UTC [96] supabase_admin@postgres LOG:  statement: CREATE TABLE public.knowledge_sources (
	    id uuid DEFAULT gen_random_uuid() NOT NULL,
	    org_id text NOT NULL,
	    connector text NOT NULL,
	    external_key text NOT NULL,
	    name text NOT NULL,
	    config jsonb DEFAULT '{}'::jsonb NOT NULL,
	    status text DEFAULT 'discovered'::text NOT NULL,
	    sync_mode text DEFAULT 'incremental'::text NOT NULL,
	    cadence text,
	    watermark jsonb DEFAULT '{}'::jsonb NOT NULL,
	    last_synced_at timestamp with time zone,
	    last_error text,
	    created_at timestamp with time zone DEFAULT now() NOT NULL,
	    updated_at timestamp with time zone DEFAULT now() NOT NULL,
	    CONSTRAINT knowledge_sources_status_check CHECK ((status = ANY (ARRAY['discovered'::text, 'queued'::text, 'processing'::text, 'ready'::text, 'degraded'::text, 'failed'::text])))
	);
172.17.0.1 2026-10-03 20:47:40.956 UTC [96] supabase_admin@postgres LOG:  statement: ALTER TABLE ONLY public.knowledge_sources FORCE ROW LEVEL SECURITY;
172.17.0.1 2026-10-03 20:47:40.957 UTC [96] supabase_admin@postgres LOG:  statement: COMMENT ON TABLE public.knowledge_sources IS 'Org-scoped upstream connector feeds shared by Master and Focused brains.';
172.17.0.1 2026-10-03 20:47:40.957 UTC [96] supabase_admin@postgres LOG:  statement: CREATE TABLE public.marketplace_agents (
	    id text NOT NULL,
	    name text NOT NULL,
	    role text NOT NULL,
	    category text NOT NULL,
	    tags text NOT NULL,
	    description text NOT NULL,
	    catchphrase text,
	    version text NOT NULL,
	    model text,
	    avatar_seed text NOT NULL,
	    github_path text NOT NULL,
	    soul_md text,
	    identity_md text,
	    user_md text,
	    context_md text,
	    skills_md text,
	    install_count integer DEFAULT 0,
	    synced_at timestamp with time zone DEFAULT now() NOT NULL,
	    files_loaded_at timestamp with time zone,
	    created_at timestamp with time zone DEFAULT now() NOT NULL,
	    updated_at timestamp with time zone DEFAULT now() NOT NULL,
	    archetype text
	);
172.17.0.1 2026-10-03 20:47:40.958 UTC [96] supabase_admin@postgres LOG:  statement: CREATE TABLE public.marketplace_installs (
	    id text NOT NULL,
	    tenant_id uuid NOT NULL,
	    agent_id text NOT NULL,
	    gateway_id uuid NOT NULL,
	    installed_at timestamp with time zone DEFAULT now() NOT NULL
	);
172.17.0.1 2026-10-03 20:47:40.959 UTC [96] supabase_admin@postgres LOG:  statement: ALTER TABLE ONLY public.marketplace_installs FORCE ROW LEVEL SECURITY;
172.17.0.1 2026-10-03 20:47:40.959 UTC [96] supabase_admin@postgres LOG:  statement: CREATE TABLE public.member_roles (
	    org_id uuid NOT NULL,
	    profile_id uuid NOT NULL,
	    role_key text NOT NULL,
	    granted_by uuid,
	    granted_at timestamp with time zone DEFAULT now() NOT NULL
	);
172.17.0.1 2026-10-03 20:47:40.960 UTC [96] supabase_admin@postgres LOG:  statement: ALTER TABLE ONLY public.member_roles FORCE ROW LEVEL SECURITY;
172.17.0.1 2026-10-03 20:47:40.960 UTC [96] supabase_admin@postgres LOG:  statement: COMMENT ON TABLE public.member_roles IS 'Per-org role assignments (multi-role per member). Backfilled from organization_members; member→manager to preserve access.';
172.17.0.1 2026-10-03 20:47:40.960 UTC [96] supabase_admin@postgres LOG:  statement: CREATE TABLE public.membership_cycles (
	    id uuid DEFAULT gen_random_uuid() NOT NULL,
	    org_id text NOT NULL,
	    membership_id uuid NOT NULL,
	    cycle_no integer NOT NULL,
	    period_start timestamp with time zone NOT NULL,
	    period_end timestamp with time zone NOT NULL,
	    sales_order_id uuid,
	    created_at timestamp with time zone DEFAULT now() NOT NULL
	);
172.17.0.1 2026-10-03 20:47:40.962 UTC [96] supabase_admin@postgres LOG:  statement: ALTER TABLE ONLY public.membership_cycles FORCE ROW LEVEL SECURITY;
172.17.0.1 2026-10-03 20:47:40.962 UTC [96] supabase_admin@postgres LOG:  statement: CREATE TABLE public.membership_plans (
	    id uuid DEFAULT gen_random_uuid() NOT NULL,
	    org_id text NOT NULL,
	    name text NOT NULL,
	    price numeric,
	    currency text DEFAULT 'PEN'::text,
	    interval_unit text DEFAULT 'month'::text NOT NULL,
	    interval_count integer DEFAULT 1 NOT NULL,
	    enabled boolean DEFAULT true NOT NULL,
	    created_at timestamp with time zone DEFAULT now() NOT NULL,
	    updated_at timestamp with time zone DEFAULT now() NOT NULL
	);
172.17.0.1 2026-10-03 20:47:40.963 UTC [96] supabase_admin@postgres LOG:  statement: ALTER TABLE ONLY public.membership_plans FORCE ROW LEVEL SECURITY;
172.17.0.1 2026-10-03 20:47:40.964 UTC [96] supabase_admin@postgres LOG:  statement: CREATE TABLE public.memberships (
	    id uuid DEFAULT gen_random_uuid() NOT NULL,
	    org_id text NOT NULL,
	    plan_id uuid NOT NULL,
	    crm_contact_id uuid,
	    party_id uuid,
	    customer_name text,
	    status text DEFAULT 'active'::text NOT NULL,
	    started_at timestamp with time zone DEFAULT now() NOT NULL,
	    next_cycle_date timestamp with time zone NOT NULL,
	    cycle_no integer DEFAULT 0 NOT NULL,
	    created_at timestamp with time zone DEFAULT now() NOT NULL,
	    updated_at timestamp with time zone DEFAULT now() NOT NULL
	);
172.17.0.1 2026-10-03 20:47:40.965 UTC [96] supabase_admin@postgres LOG:  statement: ALTER TABLE ONLY public.memberships FORCE ROW LEVEL SECURITY;
172.17.0.1 2026-10-03 20:47:40.965 UTC [96] supabase_admin@postgres LOG:  statement: CREATE TABLE public.meta_ad_insights (
	    id uuid DEFAULT gen_random_uuid() NOT NULL,
	    org_id text NOT NULL,
	    ad_account_id text NOT NULL,
	    campaign_id text,
	    campaign_name text,
	    adset_id text,
	    adset_name text,
	    ad_id text NOT NULL,
	    ad_name text,
	    date date NOT NULL,
	    spend numeric,
	    impressions integer,
	    reach integer,
	    clicks integer,
	    ctr numeric,
	    cpc numeric,
	    actions jsonb DEFAULT '[]'::jsonb NOT NULL,
	    currency text,
	    fetched_at timestamp with time zone DEFAULT now() NOT NULL
	);
172.17.0.1 2026-10-03 20:47:40.967 UTC [96] supabase_admin@postgres LOG:  statement: ALTER TABLE ONLY public.meta_ad_insights FORCE ROW LEVEL SECURITY;
172.17.0.1 2026-10-03 20:47:40.967 UTC [96] supabase_admin@postgres LOG:  statement: CREATE TABLE public.meta_ad_posts (
	    org_id text NOT NULL,
	    ad_id text NOT NULL,
	    post_id text NOT NULL,
	    platform text DEFAULT 'fb'::text NOT NULL,
	    updated_at timestamp with time zone DEFAULT now() NOT NULL
	);
172.17.0.1 2026-10-03 20:47:40.968 UTC [96] supabase_admin@postgres LOG:  statement: ALTER TABLE ONLY public.meta_ad_posts FORCE ROW LEVEL SECURITY;
172.17.0.1 2026-10-03 20:47:40.968 UTC [96] supabase_admin@postgres LOG:  statement: CREATE TABLE public.meta_assets (
	    id uuid DEFAULT gen_random_uuid() NOT NULL,
	    org_id text NOT NULL,
	    connection_id uuid NOT NULL,
	    kind text NOT NULL,
	    external_id text NOT NULL,
	    name text,
	    page_token_ciphertext text,
	    page_token_iv text,
	    parent_page_id text,
	    currency text,
	    enabled boolean DEFAULT true NOT NULL,
	    meta jsonb DEFAULT '{}'::jsonb NOT NULL,
	    created_at timestamp with time zone DEFAULT now() NOT NULL
	);
172.17.0.1 2026-10-03 20:47:40.970 UTC [96] supabase_admin@postgres LOG:  statement: ALTER TABLE ONLY public.meta_assets FORCE ROW LEVEL SECURITY;
172.17.0.1 2026-10-03 20:47:40.970 UTC [96] supabase_admin@postgres LOG:  statement: CREATE TABLE public.meta_connections (
	    id uuid DEFAULT gen_random_uuid() NOT NULL,
	    org_id text NOT NULL,
	    kind text NOT NULL,
	    fb_user_id text,
	    token_ciphertext text,
	    token_iv text,
	    token_expires_at timestamp with time zone,
	    granted_scopes jsonb DEFAULT '[]'::jsonb NOT NULL,
	    status text DEFAULT 'active'::text NOT NULL,
	    connected_by text,
	    created_at timestamp with time zone DEFAULT now() NOT NULL,
	    updated_at timestamp with time zone DEFAULT now() NOT NULL
	);
172.17.0.1 2026-10-03 20:47:40.973 UTC [96] supabase_admin@postgres LOG:  statement: ALTER TABLE ONLY public.meta_connections FORCE ROW LEVEL SECURITY;
172.17.0.1 2026-10-03 20:47:40.974 UTC [96] supabase_admin@postgres LOG:  statement: CREATE TABLE public.meta_lead_attribution (
	    id uuid DEFAULT gen_random_uuid() NOT NULL,
	    org_id text NOT NULL,
	    channel text NOT NULL,
	    sender_id text NOT NULL,
	    chat_id text,
	    first_message_id text,
	    first_contact_at timestamp with time zone,
	    origin text DEFAULT 'unknown'::text NOT NULL,
	    source text,
	    ref text,
	    ad_id text,
	    adset_id text,
	    campaign_id text,
	    campaign_name text,
	    ad_title text,
	    photo_url text,
	    video_url text,
	    provenance text NOT NULL,
	    confidence text NOT NULL,
	    match_meta jsonb DEFAULT '{}'::jsonb NOT NULL,
	    captured_at timestamp with time zone DEFAULT now() NOT NULL,
	    created_at timestamp with time zone DEFAULT now() NOT NULL,
	    updated_at timestamp with time zone DEFAULT now() NOT NULL
	);
172.17.0.1 2026-10-03 20:47:40.975 UTC [96] supabase_admin@postgres LOG:  statement: ALTER TABLE ONLY public.meta_lead_attribution FORCE ROW LEVEL SECURITY;
172.17.0.1 2026-10-03 20:47:40.976 UTC [96] supabase_admin@postgres LOG:  statement: CREATE TABLE public.meta_post_insights (
	    id uuid DEFAULT gen_random_uuid() NOT NULL,
	    org_id text NOT NULL,
	    asset_id uuid NOT NULL,
	    platform text NOT NULL,
	    post_id text NOT NULL,
	    permalink text,
	    caption text,
	    media_type text,
	    posted_at timestamp with time zone,
	    metric text NOT NULL,
	    value numeric,
	    period text DEFAULT 'lifetime'::text NOT NULL,
	    fetched_at timestamp with time zone DEFAULT now() NOT NULL,
	    is_promoted boolean DEFAULT false NOT NULL
	);
172.17.0.1 2026-10-03 20:47:40.978 UTC [96] supabase_admin@postgres LOG:  statement: ALTER TABLE ONLY public.meta_post_insights FORCE ROW LEVEL SECURITY;
172.17.0.1 2026-10-03 20:47:40.978 UTC [96] supabase_admin@postgres LOG:  statement: CREATE TABLE public.meta_post_media (
	    org_id text NOT NULL,
	    platform text NOT NULL,
	    post_id text NOT NULL,
	    file_id text,
	    source_url text,
	    media_type text,
	    status text DEFAULT 'pending'::text NOT NULL,
	    error text,
	    attempts integer DEFAULT 0 NOT NULL,
	    fetched_at timestamp with time zone,
	    created_at timestamp with time zone DEFAULT now() NOT NULL,
	    updated_at timestamp with time zone DEFAULT now() NOT NULL
	);
172.17.0.1 2026-10-03 20:47:40.980 UTC [96] supabase_admin@postgres LOG:  statement: ALTER TABLE ONLY public.meta_post_media FORCE ROW LEVEL SECURITY;
172.17.0.1 2026-10-03 20:47:40.980 UTC [96] supabase_admin@postgres LOG:  statement: CREATE TABLE public.meta_sync_jobs (
	    id uuid DEFAULT gen_random_uuid() NOT NULL,
	    org_id text NOT NULL,
	    kind text NOT NULL,
	    status text DEFAULT 'queued'::text NOT NULL,
	    page_cursor text,
	    since date,
	    until date,
	    counts jsonb DEFAULT '{}'::jsonb NOT NULL,
	    error text,
	    started_at timestamp with time zone,
	    finished_at timestamp with time zone,
	    created_at timestamp with time zone DEFAULT now() NOT NULL
	);
172.17.0.1 2026-10-03 20:47:40.981 UTC [96] supabase_admin@postgres LOG:  statement: ALTER TABLE ONLY public.meta_sync_jobs FORCE ROW LEVEL SECURITY;
172.17.0.1 2026-10-03 20:47:40.981 UTC [96] supabase_admin@postgres LOG:  statement: CREATE TABLE public.missions (
	    id text NOT NULL,
	    tenant_id uuid NOT NULL,
	    gateway_id uuid NOT NULL,
	    session_id text NOT NULL,
	    title text NOT NULL,
	    description text,
	    status text DEFAULT 'active'::text NOT NULL,
	    metadata text,
	    created_at timestamp with time zone DEFAULT now() NOT NULL,
	    updated_at timestamp with time zone DEFAULT now() NOT NULL
	);
172.17.0.1 2026-10-03 20:47:40.983 UTC [96] supabase_admin@postgres LOG:  statement: ALTER TABLE ONLY public.missions FORCE ROW LEVEL SECURITY;
172.17.0.1 2026-10-03 20:47:40.983 UTC [96] supabase_admin@postgres LOG:  statement: CREATE TABLE public.naming_series_counters (
	    org_id text NOT NULL,
	    prefix text NOT NULL,
	    n bigint DEFAULT 0 NOT NULL,
	    updated_at timestamp with time zone DEFAULT now() NOT NULL
	);
172.17.0.1 2026-10-03 20:47:40.984 UTC [96] supabase_admin@postgres LOG:  statement: ALTER TABLE ONLY public.naming_series_counters FORCE ROW LEVEL SECURITY;
172.17.0.1 2026-10-03 20:47:40.984 UTC [96] supabase_admin@postgres LOG:  statement: CREATE TABLE public.notes (
	    id text NOT NULL,
	    tenant_id text,
	    user_id text,
	    kind text DEFAULT 'note'::text NOT NULL,
	    title text DEFAULT ''::text NOT NULL,
	    color text DEFAULT 'default'::text NOT NULL,
	    pinned boolean DEFAULT false NOT NULL,
	    data text DEFAULT '{}'::text NOT NULL,
	    created_at bigint NOT NULL,
	    updated_at bigint NOT NULL
	);
172.17.0.1 2026-10-03 20:47:40.986 UTC [96] supabase_admin@postgres LOG:  statement: CREATE TABLE public.notif_log (
	    id uuid DEFAULT gen_random_uuid() NOT NULL,
	    org_id text NOT NULL,
	    rule_id uuid NOT NULL,
	    entity_id text NOT NULL,
	    trigger_key text NOT NULL,
	    channel text NOT NULL,
	    recipient text,
	    content text,
	    status text NOT NULL,
	    error text,
	    message_id text,
	    created_at timestamp with time zone DEFAULT now() NOT NULL
	);
172.17.0.1 2026-10-03 20:47:40.987 UTC [96] supabase_admin@postgres LOG:  statement: ALTER TABLE ONLY public.notif_log FORCE ROW LEVEL SECURITY;
172.17.0.1 2026-10-03 20:47:40.987 UTC [96] supabase_admin@postgres LOG:  statement: CREATE TABLE public.notif_rules (
	    id uuid DEFAULT gen_random_uuid() NOT NULL,
	    org_id text NOT NULL,
	    name text NOT NULL,
	    enabled boolean DEFAULT true NOT NULL,
	    trigger_table text NOT NULL,
	    trigger_event text NOT NULL,
	    date_field text,
	    date_offset_mins integer,
	    condition jsonb DEFAULT '[]'::jsonb NOT NULL,
	    recipients jsonb DEFAULT '[]'::jsonb NOT NULL,
	    channel text NOT NULL,
	    account_id text,
	    template text NOT NULL,
	    last_run_at timestamp with time zone,
	    created_at timestamp with time zone DEFAULT now() NOT NULL,
	    updated_at timestamp with time zone DEFAULT now() NOT NULL
	);
172.17.0.1 2026-10-03 20:47:40.989 UTC [96] supabase_admin@postgres LOG:  statement: ALTER TABLE ONLY public.notif_rules FORCE ROW LEVEL SECURITY;
172.17.0.1 2026-10-03 20:47:40.990 UTC [96] supabase_admin@postgres LOG:  statement: CREATE TABLE public.org_areas (
	    id uuid DEFAULT gen_random_uuid() NOT NULL,
	    organization_id uuid NOT NULL,
	    name text NOT NULL,
	    slug text NOT NULL,
	    icon text DEFAULT 'Building2'::text NOT NULL,
	    color text DEFAULT '#6366f1'::text NOT NULL,
	    sort_order integer DEFAULT 0 NOT NULL,
	    agent_ids text[] DEFAULT '{}'::text[] NOT NULL,
	    user_ids uuid[] DEFAULT '{}'::uuid[] NOT NULL,
	    skill_keys text[] DEFAULT '{}'::text[] NOT NULL,
	    created_at timestamp with time zone DEFAULT now() NOT NULL,
	    updated_at timestamp with time zone DEFAULT now() NOT NULL,
	    integration_keys text[] DEFAULT '{}'::text[] NOT NULL,
	    virtual_agents jsonb DEFAULT '[]'::jsonb NOT NULL
	);
172.17.0.1 2026-10-03 20:47:40.992 UTC [96] supabase_admin@postgres LOG:  statement: ALTER TABLE ONLY public.org_areas FORCE ROW LEVEL SECURITY;
172.17.0.1 2026-10-03 20:47:40.992 UTC [96] supabase_admin@postgres LOG:  statement: COMMENT ON TABLE public.org_areas IS 'Org areas (departments). Groups agents/users/skills per organization for the OVERVIEW graph. Member-read RLS; hub service-role writes.';
172.17.0.1 2026-10-03 20:47:40.993 UTC [96] supabase_admin@postgres LOG:  statement: COMMENT ON COLUMN public.org_areas.integration_keys IS 'Keys into the hub INTEGRATIONS registry (branded third-party platforms used by this area).';
172.17.0.1 2026-10-03 20:47:40.993 UTC [96] supabase_admin@postgres LOG:  statement: COMMENT ON COLUMN public.org_areas.virtual_agents IS 'Provisioned single-function agents: [{id,name,role,skillKeys,integrationKeys}].';
172.17.0.1 2026-10-03 20:47:40.994 UTC [96] supabase_admin@postgres LOG:  statement: CREATE TABLE public.org_provision_runs (
	    org_id uuid NOT NULL,
	    ok boolean NOT NULL,
	    steps jsonb NOT NULL,
	    started_at timestamp with time zone NOT NULL,
	    completed_at timestamp with time zone NOT NULL,
	    updated_at timestamp with time zone DEFAULT now() NOT NULL
	);
172.17.0.1 2026-10-03 20:47:40.995 UTC [96] supabase_admin@postgres LOG:  statement: ALTER TABLE ONLY public.org_provision_runs FORCE ROW LEVEL SECURITY;
172.17.0.1 2026-10-03 20:47:40.995 UTC [96] supabase_admin@postgres LOG:  statement: CREATE TABLE public.org_roles (
	    org_id text NOT NULL,
	    key text NOT NULL,
	    name text NOT NULL,
	    rank integer NOT NULL,
	    source_role_key text,
	    created_by text,
	    created_at timestamp with time zone DEFAULT now() NOT NULL
	);
172.17.0.1 2026-10-03 20:47:40.997 UTC [96] supabase_admin@postgres LOG:  statement: ALTER TABLE ONLY public.org_roles FORCE ROW LEVEL SECURITY;
172.17.0.1 2026-10-03 20:47:40.997 UTC [96] supabase_admin@postgres LOG:  statement: COMMENT ON TABLE public.org_roles IS 'Org-scoped custom roles (P3-W2). Additive beside the global permission_roles catalog — a custom role key (custom-<slug>) is never inserted into permission_roles; its permission_rules rows are org_id+role_key scoped like any override.';
172.17.0.1 2026-10-03 20:47:40.997 UTC [96] supabase_admin@postgres LOG:  statement: CREATE TABLE public.organization_members (
	    organization_id uuid NOT NULL,
	    profile_id uuid NOT NULL,
	    role text DEFAULT 'member'::text NOT NULL,
	    created_at timestamp with time zone DEFAULT now() NOT NULL
	);
172.17.0.1 2026-10-03 20:47:40.998 UTC [96] supabase_admin@postgres LOG:  statement: ALTER TABLE ONLY public.organization_members FORCE ROW LEVEL SECURITY;
172.17.0.1 2026-10-03 20:47:40.998 UTC [96] supabase_admin@postgres LOG:  statement: CREATE TABLE public.organizations (
	    id uuid DEFAULT gen_random_uuid() NOT NULL,
	    name text NOT NULL,
	    slug text,
	    status text DEFAULT 'active'::text NOT NULL,
	    created_at timestamp with time zone DEFAULT now() NOT NULL,
	    updated_at timestamp with time zone DEFAULT now() NOT NULL,
	    paperclip_company_id text,
	    kind text DEFAULT 'business'::text NOT NULL,
	    CONSTRAINT organizations_kind_check CHECK ((kind = ANY (ARRAY['business'::text, 'personal'::text])))
	);
172.17.0.1 2026-10-03 20:47:41.000 UTC [96] supabase_admin@postgres LOG:  statement: CREATE TABLE public.parties (
	    id uuid DEFAULT gen_random_uuid() NOT NULL,
	    org_id text NOT NULL,
	    type text DEFAULT 'person'::text NOT NULL,
	    name text,
	    phone9 text,
	    email text,
	    doc_type text,
	    doc_number text,
	    metadata jsonb DEFAULT '{}'::jsonb NOT NULL,
	    created_at timestamp with time zone DEFAULT now() NOT NULL,
	    updated_at timestamp with time zone DEFAULT now() NOT NULL,
	    agent_id text,
	    dob date,
	    dni_verified boolean DEFAULT false NOT NULL
	);
172.17.0.1 2026-10-03 20:47:41.002 UTC [96] supabase_admin@postgres LOG:  statement: ALTER TABLE ONLY public.parties FORCE ROW LEVEL SECURITY;
172.17.0.1 2026-10-03 20:47:41.003 UTC [96] supabase_admin@postgres LOG:  statement: CREATE TABLE public.pending_channel_claims (
	    id uuid DEFAULT gen_random_uuid() NOT NULL,
	    user_id uuid NOT NULL,
	    channel text NOT NULL,
	    method text DEFAULT 'otp'::text NOT NULL,
	    channel_user_id text,
	    display_name text,
	    code_hash text,
	    start_token text,
	    attempts integer DEFAULT 0 NOT NULL,
	    max_attempts integer DEFAULT 5 NOT NULL,
	    last_sent_at timestamp with time zone,
	    expires_at timestamp with time zone NOT NULL,
	    consumed_at timestamp with time zone,
	    created_at timestamp with time zone DEFAULT now() NOT NULL
	);
172.17.0.1 2026-10-03 20:47:41.005 UTC [96] supabase_admin@postgres LOG:  statement: ALTER TABLE ONLY public.pending_channel_claims FORCE ROW LEVEL SECURITY;
172.17.0.1 2026-10-03 20:47:41.005 UTC [96] supabase_admin@postgres LOG:  statement: COMMENT ON TABLE public.pending_channel_claims IS 'Hub-owned in-flight channel claim state (OTP + deep-link). Service-role only.';
172.17.0.1 2026-10-03 20:47:41.006 UTC [96] supabase_admin@postgres LOG:  statement: CREATE TABLE public.permission_roles (
	    key text NOT NULL,
	    name text NOT NULL,
	    rank integer NOT NULL,
	    description text,
	    is_system boolean DEFAULT true NOT NULL,
	    created_at timestamp with time zone DEFAULT now() NOT NULL
	);
172.17.0.1 2026-10-03 20:47:41.007 UTC [96] supabase_admin@postgres LOG:  statement: COMMENT ON TABLE public.permission_roles IS 'Global RBAC role catalog (ERPNext-inspired). rank = authority/escalation ceiling.';
172.17.0.1 2026-10-03 20:47:41.008 UTC [96] supabase_admin@postgres LOG:  statement: CREATE TABLE public.permission_rules (
	    id uuid DEFAULT gen_random_uuid() NOT NULL,
	    org_id uuid NOT NULL,
	    role_key text NOT NULL,
	    module text NOT NULL,
	    can_view boolean DEFAULT false NOT NULL,
	    can_create boolean DEFAULT false NOT NULL,
	    can_edit boolean DEFAULT false NOT NULL,
	    can_delete boolean DEFAULT false NOT NULL,
	    can_export boolean DEFAULT false NOT NULL,
	    can_manage boolean DEFAULT false NOT NULL,
	    updated_at timestamp with time zone DEFAULT now() NOT NULL,
	    if_owner boolean DEFAULT false NOT NULL,
	    field_level smallint DEFAULT 0 NOT NULL
	);
172.17.0.1 2026-10-03 20:47:41.010 UTC [96] supabase_admin@postgres LOG:  statement: ALTER TABLE ONLY public.permission_rules FORCE ROW LEVEL SECURITY;
172.17.0.1 2026-10-03 20:47:41.010 UTC [96] supabase_admin@postgres LOG:  statement: COMMENT ON TABLE public.permission_rules IS 'Per-org capability OVERRIDES (role×module×action). Global defaults live in permissions.service DEFAULT_MATRIX.';
172.17.0.1 2026-10-03 20:47:41.011 UTC [96] supabase_admin@postgres LOG:  statement: CREATE TABLE public.personal_agents (
	    id text NOT NULL,
	    profile_id uuid NOT NULL,
	    agent_id text NOT NULL,
	    gateway_id uuid,
	    display_name text NOT NULL,
	    conversation_name text,
	    avatar_url text,
	    personality_preset text,
	    personality_text text,
	    personality_configured boolean DEFAULT false NOT NULL,
	    provisioning_status text DEFAULT 'pending'::text NOT NULL,
	    provisioning_error text,
	    last_retry_at timestamp with time zone,
	    retry_count integer DEFAULT 0 NOT NULL,
	    created_at timestamp with time zone DEFAULT now() NOT NULL,
	    updated_at timestamp with time zone DEFAULT now() NOT NULL
	);
172.17.0.1 2026-10-03 20:47:41.013 UTC [96] supabase_admin@postgres LOG:  statement: CREATE TABLE public.plugin_org_disabled (
	    org_id uuid NOT NULL,
	    gateway_id uuid NOT NULL,
	    plugin_id text NOT NULL,
	    disabled boolean DEFAULT true NOT NULL,
	    updated_at timestamp with time zone DEFAULT now() NOT NULL
	);
172.17.0.1 2026-10-03 20:47:41.014 UTC [96] supabase_admin@postgres LOG:  statement: ALTER TABLE ONLY public.plugin_org_disabled FORCE ROW LEVEL SECURITY;
172.17.0.1 2026-10-03 20:47:41.015 UTC [96] supabase_admin@postgres LOG:  statement: COMMENT ON TABLE public.plugin_org_disabled IS 'DB-authoritative per-org plugin disable state. Hub pushes the derived plugins.orgDisabled map to the gateway via reconcileOrgConfig. org_guc RLS for withOrgCore writes; gateway-filtered service-role reads for reconcile.';
172.17.0.1 2026-10-03 20:47:41.015 UTC [96] supabase_admin@postgres LOG:  statement: CREATE TABLE public.pos_client_ledger (
	    id uuid DEFAULT gen_random_uuid() NOT NULL,
	    org_id text NOT NULL,
	    party_id uuid,
	    crm_contact_id uuid,
	    kind text NOT NULL,
	    amount numeric(12,2) NOT NULL,
	    currency text DEFAULT 'PEN'::text NOT NULL,
	    ticket_id uuid,
	    plan_id uuid,
	    booking_id uuid,
	    note text,
	    created_by uuid,
	    created_at timestamp with time zone DEFAULT now() NOT NULL,
	    metadata jsonb DEFAULT '{}'::jsonb NOT NULL,
	    CONSTRAINT pos_client_ledger_amount_chk CHECK ((amount <> (0)::numeric)),
	    CONSTRAINT pos_client_ledger_client_chk CHECK (((party_id IS NOT NULL) OR (crm_contact_id IS NOT NULL))),
	    CONSTRAINT pos_client_ledger_kind_chk CHECK ((kind = ANY (ARRAY['topup'::text, 'deposit'::text, 'redemption'::text, 'refund'::text, 'adjustment'::text])))
	);
172.17.0.1 2026-10-03 20:47:41.017 UTC [96] supabase_admin@postgres LOG:  statement: ALTER TABLE ONLY public.pos_client_ledger FORCE ROW LEVEL SECURITY;
172.17.0.1 2026-10-03 20:47:41.017 UTC [96] supabase_admin@postgres LOG:  statement: CREATE TABLE public.pos_emissions (
	    id uuid DEFAULT gen_random_uuid() NOT NULL,
	    org_id text NOT NULL,
	    ticket_id uuid NOT NULL,
	    doc_type text NOT NULL,
	    serie text NOT NULL,
	    correlativo integer NOT NULL,
	    environment text NOT NULL,
	    status text DEFAULT 'pending'::text NOT NULL,
	    response_code text,
	    response_description text,
	    xml_hash text,
	    total numeric,
	    client_doc_type text,
	    client_doc_number text,
	    created_at timestamp with time zone DEFAULT now() NOT NULL,
	    updated_at timestamp with time zone DEFAULT now() NOT NULL
	);
172.17.0.1 2026-10-03 20:47:41.019 UTC [96] supabase_admin@postgres LOG:  statement: ALTER TABLE ONLY public.pos_emissions FORCE ROW LEVEL SECURITY;
172.17.0.1 2026-10-03 20:47:41.019 UTC [96] supabase_admin@postgres LOG:  statement: CREATE TABLE public.pos_package_grants (
	    id uuid DEFAULT gen_random_uuid() NOT NULL,
	    org_id text NOT NULL,
	    party_id uuid,
	    crm_contact_id uuid,
	    source_ticket_id uuid NOT NULL,
	    source_line_id uuid NOT NULL,
	    package_product_id uuid NOT NULL,
	    service_product_id uuid NOT NULL,
	    sessions_total integer NOT NULL,
	    unit_value numeric(12,2) DEFAULT 0 NOT NULL,
	    expires_at date,
	    status text DEFAULT 'active'::text NOT NULL,
	    created_at timestamp with time zone DEFAULT now() NOT NULL,
	    cancelled_at timestamp with time zone,
	    cancelled_by uuid,
	    CONSTRAINT pos_package_grants_client_chk CHECK (((party_id IS NOT NULL) OR (crm_contact_id IS NOT NULL))),
	    CONSTRAINT pos_package_grants_sessions_chk CHECK ((sessions_total > 0)),
	    CONSTRAINT pos_package_grants_status_chk CHECK ((status = ANY (ARRAY['active'::text, 'exhausted'::text, 'expired'::text, 'cancelled'::text]))),
	    CONSTRAINT pos_package_grants_unit_value_chk CHECK ((unit_value >= (0)::numeric))
	);
172.17.0.1 2026-10-03 20:47:41.021 UTC [96] supabase_admin@postgres LOG:  statement: ALTER TABLE ONLY public.pos_package_grants FORCE ROW LEVEL SECURITY;
172.17.0.1 2026-10-03 20:47:41.021 UTC [96] supabase_admin@postgres LOG:  statement: CREATE TABLE public.pos_package_redemptions (
	    id uuid DEFAULT gen_random_uuid() NOT NULL,
	    org_id text NOT NULL,
	    grant_id uuid NOT NULL,
	    booking_id uuid,
	    ticket_id uuid,
	    ticket_line_id uuid,
	    redeemed_at timestamp with time zone DEFAULT now() NOT NULL,
	    redeemed_by uuid,
	    reversed_at timestamp with time zone,
	    reversed_by uuid,
	    reversal_reason text
	);
172.17.0.1 2026-10-03 20:47:41.023 UTC [96] supabase_admin@postgres LOG:  statement: ALTER TABLE ONLY public.pos_package_redemptions FORCE ROW LEVEL SECURITY;
172.17.0.1 2026-10-03 20:47:41.023 UTC [96] supabase_admin@postgres LOG:  statement: CREATE TABLE public.pos_payment_plans (
	    id uuid DEFAULT gen_random_uuid() NOT NULL,
	    org_id text NOT NULL,
	    party_id uuid,
	    crm_contact_id uuid,
	    title text NOT NULL,
	    total_amount numeric(12,2) NOT NULL,
	    currency text DEFAULT 'PEN'::text NOT NULL,
	    status text DEFAULT 'open'::text NOT NULL,
	    product_id uuid,
	    booking_id uuid,
	    due_schedule jsonb,
	    note text,
	    created_by uuid,
	    created_at timestamp with time zone DEFAULT now() NOT NULL,
	    settled_at timestamp with time zone,
	    cancelled_at timestamp with time zone,
	    cancelled_by uuid,
	    CONSTRAINT pos_payment_plans_client_chk CHECK (((party_id IS NOT NULL) OR (crm_contact_id IS NOT NULL))),
	    CONSTRAINT pos_payment_plans_status_chk CHECK ((status = ANY (ARRAY['open'::text, 'settled'::text, 'cancelled'::text]))),
	    CONSTRAINT pos_payment_plans_total_chk CHECK ((total_amount > (0)::numeric))
	);
172.17.0.1 2026-10-03 20:47:41.025 UTC [96] supabase_admin@postgres LOG:  statement: ALTER TABLE ONLY public.pos_payment_plans FORCE ROW LEVEL SECURITY;
172.17.0.1 2026-10-03 20:47:41.025 UTC [96] supabase_admin@postgres LOG:  statement: CREATE TABLE public.pos_payments (
	    id uuid DEFAULT gen_random_uuid() NOT NULL,
	    org_id text NOT NULL,
	    ticket_id uuid NOT NULL,
	    shift_id uuid NOT NULL,
	    method text NOT NULL,
	    amount numeric NOT NULL,
	    tendered numeric,
	    paid_at timestamp with time zone DEFAULT now() NOT NULL,
	    metadata jsonb DEFAULT '{}'::jsonb NOT NULL
	);
172.17.0.1 2026-10-03 20:47:41.026 UTC [96] supabase_admin@postgres LOG:  statement: ALTER TABLE ONLY public.pos_payments FORCE ROW LEVEL SECURITY;
172.17.0.1 2026-10-03 20:47:41.026 UTC [96] supabase_admin@postgres LOG:  statement: CREATE TABLE public.pos_series (
	    id uuid DEFAULT gen_random_uuid() NOT NULL,
	    org_id text NOT NULL,
	    doc_type text NOT NULL,
	    serie text NOT NULL,
	    next_number integer DEFAULT 1 NOT NULL,
	    environment text NOT NULL,
	    active boolean DEFAULT true NOT NULL,
	    created_at timestamp with time zone DEFAULT now() NOT NULL,
	    updated_at timestamp with time zone DEFAULT now() NOT NULL
	);
172.17.0.1 2026-10-03 20:47:41.027 UTC [96] supabase_admin@postgres LOG:  statement: ALTER TABLE ONLY public.pos_series FORCE ROW LEVEL SECURITY;
172.17.0.1 2026-10-03 20:47:41.028 UTC [96] supabase_admin@postgres LOG:  statement: CREATE TABLE public.pos_settings (
	    org_id text NOT NULL,
	    methods jsonb DEFAULT '["cash", "card", "yape", "plin", "transfer"]'::jsonb NOT NULL,
	    currency text DEFAULT 'PEN'::text NOT NULL,
	    require_customer boolean DEFAULT false NOT NULL,
	    allow_price_override boolean DEFAULT true NOT NULL,
	    created_at timestamp with time zone DEFAULT now() NOT NULL,
	    updated_at timestamp with time zone DEFAULT now() NOT NULL,
	    surcharges jsonb DEFAULT '{}'::jsonb NOT NULL,
	    emission jsonb DEFAULT '{"mode": "off", "docTypeDefault": "03"}'::jsonb NOT NULL,
	    requirements jsonb DEFAULT '{}'::jsonb NOT NULL
	);
172.17.0.1 2026-10-03 20:47:41.029 UTC [96] supabase_admin@postgres LOG:  statement: ALTER TABLE ONLY public.pos_settings FORCE ROW LEVEL SECURITY;
172.17.0.1 2026-10-03 20:47:41.029 UTC [96] supabase_admin@postgres LOG:  statement: COMMENT ON COLUMN public.pos_settings.methods IS 'PaymentMethod[] objects ({id,label,enabled,takesTendered,surcharge?,documentDefault?}); legacy string[] rows are upgraded on read by pos.service.ts normalizeMethods().';
172.17.0.1 2026-10-03 20:47:41.029 UTC [96] supabase_admin@postgres LOG:  statement: CREATE TABLE public.pos_shifts (
	    id uuid DEFAULT gen_random_uuid() NOT NULL,
	    org_id text NOT NULL,
	    status text DEFAULT 'open'::text NOT NULL,
	    opened_by uuid,
	    opened_at timestamp with time zone DEFAULT now() NOT NULL,
	    opening_float jsonb DEFAULT '{}'::jsonb NOT NULL,
	    closed_by uuid,
	    closed_at timestamp with time zone,
	    expected jsonb,
	    counted jsonb,
	    note text,
	    created_at timestamp with time zone DEFAULT now() NOT NULL,
	    updated_at timestamp with time zone DEFAULT now() NOT NULL
	);
172.17.0.1 2026-10-03 20:47:41.030 UTC [96] supabase_admin@postgres LOG:  statement: ALTER TABLE ONLY public.pos_shifts FORCE ROW LEVEL SECURITY;
172.17.0.1 2026-10-03 20:47:41.030 UTC [96] supabase_admin@postgres LOG:  statement: CREATE TABLE public.pos_ticket_lines (
	    id uuid DEFAULT gen_random_uuid() NOT NULL,
	    org_id text NOT NULL,
	    ticket_id uuid NOT NULL,
	    kind text NOT NULL,
	    fin_product_id uuid,
	    booking_id uuid,
	    description text NOT NULL,
	    qty numeric NOT NULL,
	    unit_price numeric NOT NULL,
	    discount numeric DEFAULT 0 NOT NULL,
	    total numeric NOT NULL,
	    line_no integer DEFAULT 0 NOT NULL,
	    modifiers jsonb DEFAULT '[]'::jsonb NOT NULL,
	    plan_id uuid,
	    redemption_id uuid
	);
172.17.0.1 2026-10-03 20:47:41.031 UTC [96] supabase_admin@postgres LOG:  statement: ALTER TABLE ONLY public.pos_ticket_lines FORCE ROW LEVEL SECURITY;
172.17.0.1 2026-10-03 20:47:41.032 UTC [96] supabase_admin@postgres LOG:  statement: CREATE TABLE public.pos_tickets (
	    id uuid DEFAULT gen_random_uuid() NOT NULL,
	    org_id text NOT NULL,
	    human_id text,
	    shift_id uuid NOT NULL,
	    party_id uuid,
	    crm_contact_id uuid,
	    customer_name text,
	    status text DEFAULT 'submitted'::text NOT NULL,
	    subtotal numeric NOT NULL,
	    discount numeric DEFAULT 0 NOT NULL,
	    total numeric NOT NULL,
	    currency text DEFAULT 'PEN'::text NOT NULL,
	    note text,
	    stock_entry_id uuid,
	    stock_warning jsonb,
	    invoice_provider_ref text,
	    created_by uuid,
	    submitted_at timestamp with time zone DEFAULT now() NOT NULL,
	    voided_at timestamp with time zone,
	    voided_by uuid,
	    metadata jsonb DEFAULT '{}'::jsonb NOT NULL
	);
172.17.0.1 2026-10-03 20:47:41.033 UTC [96] supabase_admin@postgres LOG:  statement: ALTER TABLE ONLY public.pos_tickets FORCE ROW LEVEL SECURITY;
172.17.0.1 2026-10-03 20:47:41.033 UTC [96] supabase_admin@postgres LOG:  statement: CREATE TABLE public.profiles (
	    id uuid NOT NULL,
	    email text NOT NULL,
	    display_name text,
	    role text DEFAULT 'user'::text NOT NULL,
	    personal_agent_id text,
	    created_at timestamp with time zone DEFAULT now() NOT NULL,
	    updated_at timestamp with time zone DEFAULT now() NOT NULL,
	    avatar_url text,
	    alias text,
	    role_id text,
	    account_type text DEFAULT 'person'::text NOT NULL,
	    username text,
	    CONSTRAINT profiles_account_type_chk CHECK ((account_type = ANY (ARRAY['person'::text, 'service'::text])))
	);
172.17.0.1 2026-10-03 20:47:41.034 UTC [96] supabase_admin@postgres LOG:  statement: CREATE TABLE public.profiles_legacy_user_id_backup_20260610 (
	    id uuid,
	    email text,
	    legacy_user_id text,
	    backed_up_at timestamp with time zone
	);
172.17.0.1 2026-10-03 20:47:41.035 UTC [96] supabase_admin@postgres LOG:  statement: CREATE TABLE public.proj_projects (
	    id uuid DEFAULT gen_random_uuid() NOT NULL,
	    org_id text NOT NULL,
	    human_id text,
	    name text NOT NULL,
	    description text,
	    status text DEFAULT 'open'::text NOT NULL,
	    customer_party_id uuid,
	    lead_party_id uuid,
	    color text,
	    icon text,
	    target_date date,
	    started_at timestamp with time zone,
	    completed_at timestamp with time zone,
	    archived_at timestamp with time zone,
	    metadata jsonb DEFAULT '{}'::jsonb NOT NULL,
	    created_at timestamp with time zone DEFAULT now() NOT NULL,
	    updated_at timestamp with time zone DEFAULT now() NOT NULL
	);
172.17.0.1 2026-10-03 20:47:41.036 UTC [96] supabase_admin@postgres LOG:  statement: ALTER TABLE ONLY public.proj_projects FORCE ROW LEVEL SECURITY;
172.17.0.1 2026-10-03 20:47:41.037 UTC [96] supabase_admin@postgres LOG:  statement: CREATE TABLE public.proj_tasks (
	    id uuid DEFAULT gen_random_uuid() NOT NULL,
	    org_id text NOT NULL,
	    project_id uuid NOT NULL,
	    parent_id uuid,
	    milestone_id uuid,
	    is_milestone boolean DEFAULT false NOT NULL,
	    human_id text,
	    title text NOT NULL,
	    description text,
	    status text DEFAULT 'backlog'::text NOT NULL,
	    priority text DEFAULT 'medium'::text NOT NULL,
	    assignee_party_id uuid,
	    est_minutes integer,
	    sort_order integer DEFAULT 0 NOT NULL,
	    started_at timestamp with time zone,
	    completed_at timestamp with time zone,
	    cancelled_at timestamp with time zone,
	    metadata jsonb DEFAULT '{}'::jsonb NOT NULL,
	    created_at timestamp with time zone DEFAULT now() NOT NULL,
	    updated_at timestamp with time zone DEFAULT now() NOT NULL
	);
172.17.0.1 2026-10-03 20:47:41.038 UTC [96] supabase_admin@postgres LOG:  statement: ALTER TABLE ONLY public.proj_tasks FORCE ROW LEVEL SECURITY;
172.17.0.1 2026-10-03 20:47:41.038 UTC [96] supabase_admin@postgres LOG:  statement: CREATE TABLE public.proj_templates (
	    id uuid DEFAULT gen_random_uuid() NOT NULL,
	    org_id text NOT NULL,
	    name text NOT NULL,
	    description text,
	    spec jsonb DEFAULT '{}'::jsonb NOT NULL,
	    archived_at timestamp with time zone,
	    created_at timestamp with time zone DEFAULT now() NOT NULL,
	    updated_at timestamp with time zone DEFAULT now() NOT NULL
	);
172.17.0.1 2026-10-03 20:47:41.039 UTC [96] supabase_admin@postgres LOG:  statement: ALTER TABLE ONLY public.proj_templates FORCE ROW LEVEL SECURITY;
172.17.0.1 2026-10-03 20:47:41.039 UTC [96] supabase_admin@postgres LOG:  statement: CREATE TABLE public.proj_timesheets (
	    id uuid DEFAULT gen_random_uuid() NOT NULL,
	    org_id text NOT NULL,
	    project_id uuid,
	    task_id uuid,
	    party_id uuid NOT NULL,
	    spent_date date NOT NULL,
	    minutes integer NOT NULL,
	    description text,
	    billable boolean DEFAULT false NOT NULL,
	    billing_rate_cents integer,
	    created_at timestamp with time zone DEFAULT now() NOT NULL,
	    updated_at timestamp with time zone DEFAULT now() NOT NULL
	);
172.17.0.1 2026-10-03 20:47:41.040 UTC [96] supabase_admin@postgres LOG:  statement: ALTER TABLE ONLY public.proj_timesheets FORCE ROW LEVEL SECURITY;
172.17.0.1 2026-10-03 20:47:41.040 UTC [96] supabase_admin@postgres LOG:  statement: CREATE TABLE public.pulse_proposals (
	    id uuid DEFAULT gen_random_uuid() NOT NULL,
	    org_id text NOT NULL,
	    created_at timestamp with time zone DEFAULT now() NOT NULL,
	    source text NOT NULL,
	    kind text NOT NULL,
	    title text NOT NULL,
	    summary text,
	    payload jsonb DEFAULT '{}'::jsonb NOT NULL,
	    status text DEFAULT 'pending'::text NOT NULL,
	    dedup_key text NOT NULL,
	    decided_by text,
	    executed_at timestamp with time zone,
	    error text
	);
172.17.0.1 2026-10-03 20:47:41.042 UTC [96] supabase_admin@postgres LOG:  statement: CREATE TABLE public.pulse_settings (
	    org_id text NOT NULL,
	    enabled boolean DEFAULT false NOT NULL,
	    briefing_time text DEFAULT '08:00'::text NOT NULL,
	    locale text DEFAULT 'es'::text NOT NULL,
	    channels text[] DEFAULT '{whatsapp}'::text[] NOT NULL,
	    watch jsonb DEFAULT '{"email": true, "calendar": true, "whatsapp": true}'::jsonb NOT NULL,
	    auto_approve jsonb DEFAULT '{}'::jsonb NOT NULL,
	    updated_at timestamp with time zone DEFAULT now() NOT NULL
	);
172.17.0.1 2026-10-03 20:47:41.043 UTC [96] supabase_admin@postgres LOG:  statement: CREATE TABLE public.sales_orders (
	    id uuid DEFAULT gen_random_uuid() NOT NULL,
	    org_id text NOT NULL,
	    source_booking_id uuid,
	    party_id uuid,
	    crm_contact_id uuid,
	    customer_name text,
	    event_type_id uuid,
	    product_id uuid,
	    description text,
	    quantity numeric DEFAULT 1 NOT NULL,
	    unit_price numeric,
	    total numeric,
	    currency text DEFAULT 'PEN'::text,
	    status text DEFAULT 'draft'::text NOT NULL,
	    invoice_provider_ref text,
	    metadata jsonb DEFAULT '{}'::jsonb NOT NULL,
	    created_at timestamp with time zone DEFAULT now() NOT NULL,
	    updated_at timestamp with time zone DEFAULT now() NOT NULL,
	    human_id text,
	    owner_id uuid
	);
172.17.0.1 2026-10-03 20:47:41.044 UTC [96] supabase_admin@postgres LOG:  statement: ALTER TABLE ONLY public.sales_orders FORCE ROW LEVEL SECURITY;
172.17.0.1 2026-10-03 20:47:41.045 UTC [96] supabase_admin@postgres LOG:  statement: CREATE TABLE public.sched_availability (
	    id uuid DEFAULT gen_random_uuid() NOT NULL,
	    org_id text NOT NULL,
	    schedule_id uuid NOT NULL,
	    days integer[] DEFAULT '{}'::integer[] NOT NULL,
	    start_time text NOT NULL,
	    end_time text NOT NULL,
	    date text,
	    metadata jsonb DEFAULT '{}'::jsonb NOT NULL
	);
172.17.0.1 2026-10-03 20:47:41.046 UTC [96] supabase_admin@postgres LOG:  statement: ALTER TABLE ONLY public.sched_availability FORCE ROW LEVEL SECURITY;
172.17.0.1 2026-10-03 20:47:41.046 UTC [96] supabase_admin@postgres LOG:  statement: CREATE TABLE public.sched_booking_status_log (
	    id uuid DEFAULT gen_random_uuid() NOT NULL,
	    org_id text NOT NULL,
	    booking_id uuid NOT NULL,
	    from_status text,
	    to_status text NOT NULL,
	    reason text,
	    changed_by uuid,
	    changed_at timestamp with time zone DEFAULT now() NOT NULL
	);
172.17.0.1 2026-10-03 20:47:41.048 UTC [96] supabase_admin@postgres LOG:  statement: ALTER TABLE ONLY public.sched_booking_status_log FORCE ROW LEVEL SECURITY;
172.17.0.1 2026-10-03 20:47:41.048 UTC [96] supabase_admin@postgres LOG:  statement: CREATE TABLE public.sched_bookings (
	    id uuid DEFAULT gen_random_uuid() NOT NULL,
	    org_id text NOT NULL,
	    uid text NOT NULL,
	    event_type_id uuid NOT NULL,
	    resource_id uuid NOT NULL,
	    start_time timestamp with time zone NOT NULL,
	    end_time timestamp with time zone NOT NULL,
	    status text DEFAULT 'accepted'::text NOT NULL,
	    title text,
	    notes text,
	    attendee_name text,
	    attendee_email text,
	    attendee_phone text,
	    crm_contact_id uuid,
	    product_id uuid,
	    source text DEFAULT 'internal'::text NOT NULL,
	    rescheduled_from_id uuid,
	    metadata jsonb DEFAULT '{}'::jsonb NOT NULL,
	    created_at timestamp with time zone DEFAULT now() NOT NULL,
	    updated_at timestamp with time zone DEFAULT now() NOT NULL,
	    party_id uuid,
	    kind_id uuid,
	    invoice_id uuid,
	    package_grant_id uuid,
	    payment_plan_id uuid,
	    series_id uuid,
	    series_index integer,
	    client_note text
	);
172.17.0.1 2026-10-03 20:47:41.050 UTC [96] supabase_admin@postgres LOG:  statement: ALTER TABLE ONLY public.sched_bookings FORCE ROW LEVEL SECURITY;
172.17.0.1 2026-10-03 20:47:41.051 UTC [96] supabase_admin@postgres LOG:  statement: CREATE TABLE public.sched_event_kinds (
	    id uuid DEFAULT gen_random_uuid() NOT NULL,
	    org_id text NOT NULL,
	    name text NOT NULL,
	    color text NOT NULL,
	    "position" double precision DEFAULT 0 NOT NULL,
	    is_default boolean DEFAULT false NOT NULL,
	    active boolean DEFAULT true NOT NULL,
	    created_at timestamp with time zone DEFAULT now() NOT NULL,
	    updated_at timestamp with time zone DEFAULT now() NOT NULL
	);
172.17.0.1 2026-10-03 20:47:41.053 UTC [96] supabase_admin@postgres LOG:  statement: ALTER TABLE ONLY public.sched_event_kinds FORCE ROW LEVEL SECURITY;
172.17.0.1 2026-10-03 20:47:41.053 UTC [96] supabase_admin@postgres LOG:  statement: CREATE TABLE public.sched_event_type_resources (
	    org_id text NOT NULL,
	    event_type_id uuid NOT NULL,
	    resource_id uuid NOT NULL
	);
172.17.0.1 2026-10-03 20:47:41.054 UTC [96] supabase_admin@postgres LOG:  statement: ALTER TABLE ONLY public.sched_event_type_resources FORCE ROW LEVEL SECURITY;
172.17.0.1 2026-10-03 20:47:41.054 UTC [96] supabase_admin@postgres LOG:  statement: CREATE TABLE public.sched_event_types (
	    id uuid DEFAULT gen_random_uuid() NOT NULL,
	    org_id text NOT NULL,
	    slug text NOT NULL,
	    title text NOT NULL,
	    description text,
	    length integer NOT NULL,
	    slot_interval integer,
	    before_buffer integer DEFAULT 0 NOT NULL,
	    after_buffer integer DEFAULT 0 NOT NULL,
	    minimum_booking_notice integer DEFAULT 120 NOT NULL,
	    period_type text DEFAULT 'rolling'::text NOT NULL,
	    period_days integer,
	    scheduling_type text,
	    requires_confirmation boolean DEFAULT false NOT NULL,
	    public boolean DEFAULT true NOT NULL,
	    color text,
	    product_id uuid,
	    active boolean DEFAULT true NOT NULL,
	    metadata jsonb DEFAULT '{}'::jsonb NOT NULL,
	    created_at timestamp with time zone DEFAULT now() NOT NULL,
	    updated_at timestamp with time zone DEFAULT now() NOT NULL,
	    use_custom_schedule boolean DEFAULT false NOT NULL,
	    schedule_rules jsonb DEFAULT '[]'::jsonb NOT NULL,
	    kind_id uuid
	);
172.17.0.1 2026-10-03 20:47:41.056 UTC [96] supabase_admin@postgres LOG:  statement: ALTER TABLE ONLY public.sched_event_types FORCE ROW LEVEL SECURITY;
172.17.0.1 2026-10-03 20:47:41.056 UTC [96] supabase_admin@postgres LOG:  statement: CREATE TABLE public.sched_links (
	    id uuid DEFAULT gen_random_uuid() NOT NULL,
	    org_id text NOT NULL,
	    slug text NOT NULL,
	    title text NOT NULL,
	    description text,
	    event_type_ids uuid[] DEFAULT '{}'::uuid[] NOT NULL,
	    resource_id uuid,
	    active boolean DEFAULT true NOT NULL,
	    expires_at timestamp with time zone,
	    metadata jsonb DEFAULT '{}'::jsonb NOT NULL,
	    created_at timestamp with time zone DEFAULT now() NOT NULL,
	    updated_at timestamp with time zone DEFAULT now() NOT NULL
	);
172.17.0.1 2026-10-03 20:47:41.057 UTC [96] supabase_admin@postgres LOG:  statement: ALTER TABLE ONLY public.sched_links FORCE ROW LEVEL SECURITY;
172.17.0.1 2026-10-03 20:47:41.057 UTC [96] supabase_admin@postgres LOG:  statement: CREATE TABLE public.sched_reminder_config (
	    org_id text NOT NULL,
	    enabled boolean DEFAULT false NOT NULL,
	    stages jsonb DEFAULT '[{"key": "confirmation"}, {"key": "24h", "minutesBefore": 1440}, {"key": "2h", "minutesBefore": 120}]'::jsonb NOT NULL,
	    channel text DEFAULT 'whatsapp'::text NOT NULL,
	    account_id text,
	    personalize boolean DEFAULT true NOT NULL,
	    locale text DEFAULT 'es'::text NOT NULL,
	    from_name text,
	    updated_at timestamp with time zone DEFAULT now() NOT NULL,
	    channels jsonb DEFAULT '[]'::jsonb NOT NULL,
	    infer_confirmation boolean DEFAULT false NOT NULL
	);
172.17.0.1 2026-10-03 20:47:41.058 UTC [96] supabase_admin@postgres LOG:  statement: ALTER TABLE ONLY public.sched_reminder_config FORCE ROW LEVEL SECURITY;
172.17.0.1 2026-10-03 20:47:41.059 UTC [96] supabase_admin@postgres LOG:  statement: CREATE TABLE public.sched_reminders (
	    id uuid DEFAULT gen_random_uuid() NOT NULL,
	    org_id text NOT NULL,
	    booking_id uuid NOT NULL,
	    stage text NOT NULL,
	    channel text NOT NULL,
	    recipient text,
	    content text,
	    status text NOT NULL,
	    message_id text,
	    error text,
	    sent_at timestamp with time zone,
	    created_at timestamp with time zone DEFAULT now() NOT NULL,
	    recipient_role text DEFAULT 'client'::text NOT NULL
	);
172.17.0.1 2026-10-03 20:47:41.059 UTC [96] supabase_admin@postgres LOG:  statement: ALTER TABLE ONLY public.sched_reminders FORCE ROW LEVEL SECURITY;
172.17.0.1 2026-10-03 20:47:41.060 UTC [96] supabase_admin@postgres LOG:  statement: CREATE TABLE public.sched_resources (
	    id uuid DEFAULT gen_random_uuid() NOT NULL,
	    org_id text NOT NULL,
	    kind text DEFAULT 'staff'::text NOT NULL,
	    profile_id uuid,
	    name text NOT NULL,
	    email text,
	    timezone text DEFAULT 'America/Lima'::text NOT NULL,
	    color text,
	    active boolean DEFAULT true NOT NULL,
	    metadata jsonb DEFAULT '{}'::jsonb NOT NULL,
	    created_at timestamp with time zone DEFAULT now() NOT NULL,
	    updated_at timestamp with time zone DEFAULT now() NOT NULL
	);
172.17.0.1 2026-10-03 20:47:41.061 UTC [96] supabase_admin@postgres LOG:  statement: ALTER TABLE ONLY public.sched_resources FORCE ROW LEVEL SECURITY;
172.17.0.1 2026-10-03 20:47:41.061 UTC [96] supabase_admin@postgres LOG:  statement: CREATE TABLE public.sched_schedules (
	    id uuid DEFAULT gen_random_uuid() NOT NULL,
	    org_id text NOT NULL,
	    resource_id uuid NOT NULL,
	    name text DEFAULT 'Working hours'::text NOT NULL,
	    timezone text DEFAULT 'America/Lima'::text NOT NULL,
	    is_default boolean DEFAULT true NOT NULL,
	    metadata jsonb DEFAULT '{}'::jsonb NOT NULL,
	    created_at timestamp with time zone DEFAULT now() NOT NULL,
	    updated_at timestamp with time zone DEFAULT now() NOT NULL
	);
172.17.0.1 2026-10-03 20:47:41.062 UTC [96] supabase_admin@postgres LOG:  statement: ALTER TABLE ONLY public.sched_schedules FORCE ROW LEVEL SECURITY;
172.17.0.1 2026-10-03 20:47:41.062 UTC [96] supabase_admin@postgres LOG:  statement: CREATE TABLE public.server_backups (
	    id text NOT NULL,
	    gateway_id uuid NOT NULL,
	    tenant_id uuid NOT NULL,
	    snapshot_path text NOT NULL,
	    "timestamp" timestamp with time zone NOT NULL,
	    size_bytes bigint,
	    status text DEFAULT 'running'::text NOT NULL,
	    created_at timestamp with time zone DEFAULT now() NOT NULL
	);
172.17.0.1 2026-10-03 20:47:41.063 UTC [96] supabase_admin@postgres LOG:  statement: ALTER TABLE ONLY public.server_backups FORCE ROW LEVEL SECURITY;
172.17.0.1 2026-10-03 20:47:41.063 UTC [96] supabase_admin@postgres LOG:  statement: CREATE TABLE public.server_provision_configs (
	    id text NOT NULL,
	    gateway_id uuid NOT NULL,
	    tenant_id uuid NOT NULL,
	    ssh_host text,
	    ssh_user text DEFAULT 'root'::text,
	    ssh_port integer DEFAULT 22,
	    api_key text,
	    api_key_iv text,
	    agent_name text,
	    sandbox_mode text DEFAULT 'non-main'::text,
	    dm_policy text DEFAULT 'pairing'::text,
	    install_method text DEFAULT 'package'::text,
	    pkg_manager text DEFAULT 'npm'::text,
	    gateway_port integer DEFAULT 18789,
	    gateway_bind text DEFAULT 'loopback'::text,
	    enable_whatsapp boolean DEFAULT false,
	    enable_telegram boolean DEFAULT false,
	    enable_discord boolean DEFAULT false,
	    phase_statuses text DEFAULT '{}'::text,
	    last_provision_at timestamp with time zone,
	    created_at timestamp with time zone DEFAULT now() NOT NULL,
	    updated_at timestamp with time zone DEFAULT now() NOT NULL
	);
172.17.0.1 2026-10-03 20:47:41.065 UTC [96] supabase_admin@postgres LOG:  statement: ALTER TABLE ONLY public.server_provision_configs FORCE ROW LEVEL SECURITY;
172.17.0.1 2026-10-03 20:47:41.066 UTC [96] supabase_admin@postgres LOG:  statement: CREATE TABLE public.session_tasks (
	    id text NOT NULL,
	    tenant_id uuid NOT NULL,
	    gateway_id uuid NOT NULL,
	    session_key text NOT NULL,
	    title text NOT NULL,
	    description text,
	    status text DEFAULT 'backlog'::text NOT NULL,
	    sort_order integer DEFAULT 0 NOT NULL,
	    metadata text,
	    created_at timestamp with time zone DEFAULT now() NOT NULL,
	    updated_at timestamp with time zone DEFAULT now() NOT NULL
	);
172.17.0.1 2026-10-03 20:47:41.068 UTC [96] supabase_admin@postgres LOG:  statement: ALTER TABLE ONLY public.session_tasks FORCE ROW LEVEL SECURITY;
172.17.0.1 2026-10-03 20:47:41.068 UTC [96] supabase_admin@postgres LOG:  statement: CREATE TABLE public.sessions (
	    id text NOT NULL,
	    tenant_id uuid NOT NULL,
	    gateway_id uuid NOT NULL,
	    agent_id text NOT NULL,
	    session_key text NOT NULL,
	    status text DEFAULT 'idle'::text NOT NULL,
	    metadata text,
	    started_at timestamp with time zone,
	    ended_at timestamp with time zone,
	    created_at timestamp with time zone DEFAULT now() NOT NULL,
	    updated_at timestamp with time zone DEFAULT now() NOT NULL
	);
172.17.0.1 2026-10-03 20:47:41.069 UTC [96] supabase_admin@postgres LOG:  statement: ALTER TABLE ONLY public.sessions FORCE ROW LEVEL SECURITY;
172.17.0.1 2026-10-03 20:47:41.070 UTC [96] supabase_admin@postgres LOG:  statement: CREATE TABLE public.settings (
	    id uuid DEFAULT gen_random_uuid() NOT NULL,
	    tenant_id uuid NOT NULL,
	    gateway_id uuid NOT NULL,
	    section text NOT NULL,
	    value text NOT NULL,
	    updated_at timestamp with time zone DEFAULT now() NOT NULL
	);
172.17.0.1 2026-10-03 20:47:41.071 UTC [96] supabase_admin@postgres LOG:  statement: ALTER TABLE ONLY public.settings FORCE ROW LEVEL SECURITY;
172.17.0.1 2026-10-03 20:47:41.071 UTC [96] supabase_admin@postgres LOG:  statement: CREATE TABLE public.skill_execution_stats (
	    id bigint NOT NULL,
	    tenant_id uuid NOT NULL,
	    gateway_id uuid NOT NULL,
	    agent_id text,
	    skill_name text NOT NULL,
	    session_key text,
	    status text NOT NULL,
	    duration_ms integer,
	    error_message text,
	    occurred_at timestamp with time zone NOT NULL,
	    created_at timestamp with time zone DEFAULT now() NOT NULL
	);
172.17.0.1 2026-10-03 20:47:41.072 UTC [96] supabase_admin@postgres LOG:  statement: ALTER TABLE ONLY public.skill_execution_stats FORCE ROW LEVEL SECURITY;
172.17.0.1 2026-10-03 20:47:41.073 UTC [96] supabase_admin@postgres LOG:  statement: CREATE SEQUENCE public.skill_execution_stats_id_seq
	    START WITH 1
	    INCREMENT BY 1
	    NO MINVALUE
	    NO MAXVALUE
	    CACHE 1;
172.17.0.1 2026-10-03 20:47:41.073 UTC [96] supabase_admin@postgres LOG:  statement: ALTER SEQUENCE public.skill_execution_stats_id_seq OWNED BY public.skill_execution_stats.id;
172.17.0.1 2026-10-03 20:47:41.074 UTC [96] supabase_admin@postgres LOG:  statement: CREATE TABLE public.skills (
	    skill_key text NOT NULL,
	    gateway_id uuid NOT NULL,
	    tenant_id uuid NOT NULL,
	    name text NOT NULL,
	    description text,
	    emoji text,
	    bundled boolean DEFAULT false NOT NULL,
	    disabled boolean DEFAULT false NOT NULL,
	    eligible boolean DEFAULT false NOT NULL,
	    raw_json text NOT NULL,
	    last_seen_at timestamp with time zone NOT NULL
	);
172.17.0.1 2026-10-03 20:47:41.075 UTC [96] supabase_admin@postgres LOG:  statement: ALTER TABLE ONLY public.skills FORCE ROW LEVEL SECURITY;
172.17.0.1 2026-10-03 20:47:41.075 UTC [96] supabase_admin@postgres LOG:  statement: CREATE TABLE public.stk_accruals (
	    id uuid DEFAULT gen_random_uuid() NOT NULL,
	    org_id text NOT NULL,
	    source text NOT NULL,
	    source_id uuid NOT NULL,
	    fin_product_id uuid,
	    item_id uuid NOT NULL,
	    warehouse_id uuid NOT NULL,
	    qty_consumption numeric NOT NULL,
	    qty numeric NOT NULL,
	    est_unit_cost numeric DEFAULT 0 NOT NULL,
	    est_value numeric DEFAULT 0 NOT NULL,
	    status text DEFAULT 'open'::text NOT NULL,
	    realized_entry_id uuid,
	    realized_qty numeric,
	    realized_value numeric,
	    created_at timestamp with time zone DEFAULT now() NOT NULL,
	    updated_at timestamp with time zone DEFAULT now() NOT NULL,
	    realized_at timestamp with time zone,
	    released_at timestamp with time zone
	);
172.17.0.1 2026-10-03 20:47:41.077 UTC [96] supabase_admin@postgres LOG:  statement: ALTER TABLE ONLY public.stk_accruals FORCE ROW LEVEL SECURITY;
172.17.0.1 2026-10-03 20:47:41.077 UTC [96] supabase_admin@postgres LOG:  statement: CREATE TABLE public.stk_bins (
	    org_id text NOT NULL,
	    item_id uuid NOT NULL,
	    warehouse_id uuid NOT NULL,
	    qty numeric DEFAULT 0 NOT NULL,
	    valuation_rate numeric DEFAULT 0 NOT NULL,
	    updated_at timestamp with time zone DEFAULT now() NOT NULL
	);
172.17.0.1 2026-10-03 20:47:41.078 UTC [96] supabase_admin@postgres LOG:  statement: ALTER TABLE ONLY public.stk_bins FORCE ROW LEVEL SECURITY;
172.17.0.1 2026-10-03 20:47:41.078 UTC [96] supabase_admin@postgres LOG:  statement: CREATE TABLE public.stk_bins_bak_insumos2608 (
	    org_id text,
	    item_id uuid,
	    warehouse_id uuid,
	    qty numeric,
	    valuation_rate numeric,
	    updated_at timestamp with time zone
	);
172.17.0.1 2026-10-03 20:47:41.079 UTC [96] supabase_admin@postgres LOG:  statement: CREATE TABLE public.stk_consumption (
	    id uuid DEFAULT gen_random_uuid() NOT NULL,
	    org_id text NOT NULL,
	    fin_product_id uuid NOT NULL,
	    item_id uuid NOT NULL,
	    qty_per_unit numeric NOT NULL,
	    note text,
	    created_at timestamp with time zone DEFAULT now() NOT NULL,
	    updated_at timestamp with time zone DEFAULT now() NOT NULL
	);
172.17.0.1 2026-10-03 20:47:41.081 UTC [96] supabase_admin@postgres LOG:  statement: ALTER TABLE ONLY public.stk_consumption FORCE ROW LEVEL SECURITY;
172.17.0.1 2026-10-03 20:47:41.081 UTC [96] supabase_admin@postgres LOG:  statement: CREATE TABLE public.stk_consumption_bak_insumos2608 (
	    id uuid,
	    org_id text,
	    fin_product_id uuid,
	    item_id uuid,
	    qty_per_unit numeric,
	    note text,
	    created_at timestamp with time zone,
	    updated_at timestamp with time zone
	);
172.17.0.1 2026-10-03 20:47:41.082 UTC [96] supabase_admin@postgres LOG:  statement: CREATE TABLE public.stk_entries (
	    id uuid DEFAULT gen_random_uuid() NOT NULL,
	    org_id text NOT NULL,
	    human_id text,
	    type text NOT NULL,
	    status text DEFAULT 'draft'::text NOT NULL,
	    party_id uuid,
	    note text,
	    posted_at timestamp with time zone,
	    created_by text,
	    metadata jsonb DEFAULT '{}'::jsonb NOT NULL,
	    created_at timestamp with time zone DEFAULT now() NOT NULL,
	    updated_at timestamp with time zone DEFAULT now() NOT NULL
	);
172.17.0.1 2026-10-03 20:47:41.084 UTC [96] supabase_admin@postgres LOG:  statement: ALTER TABLE ONLY public.stk_entries FORCE ROW LEVEL SECURITY;
172.17.0.1 2026-10-03 20:47:41.084 UTC [96] supabase_admin@postgres LOG:  statement: CREATE TABLE public.stk_entries_bak_repair (
	    id uuid,
	    org_id text,
	    human_id text,
	    type text,
	    status text,
	    party_id uuid,
	    note text,
	    posted_at timestamp with time zone,
	    created_by text,
	    metadata jsonb,
	    created_at timestamp with time zone,
	    updated_at timestamp with time zone
	);
172.17.0.1 2026-10-03 20:47:41.086 UTC [96] supabase_admin@postgres LOG:  statement: CREATE TABLE public.stk_entries_reclass_bak (
	    id uuid,
	    org_id text,
	    human_id text,
	    type text,
	    status text,
	    party_id uuid,
	    note text,
	    posted_at timestamp with time zone,
	    created_by text,
	    metadata jsonb,
	    created_at timestamp with time zone,
	    updated_at timestamp with time zone
	);
172.17.0.1 2026-10-03 20:47:41.087 UTC [96] supabase_admin@postgres LOG:  statement: CREATE TABLE public.stk_entry_lines (
	    id uuid DEFAULT gen_random_uuid() NOT NULL,
	    org_id text NOT NULL,
	    entry_id uuid NOT NULL,
	    item_id uuid NOT NULL,
	    qty numeric NOT NULL,
	    uom text,
	    rate numeric,
	    from_warehouse_id uuid,
	    to_warehouse_id uuid,
	    line_no integer DEFAULT 0 NOT NULL
	);
172.17.0.1 2026-10-03 20:47:41.089 UTC [96] supabase_admin@postgres LOG:  statement: ALTER TABLE ONLY public.stk_entry_lines FORCE ROW LEVEL SECURITY;
172.17.0.1 2026-10-03 20:47:41.089 UTC [96] supabase_admin@postgres LOG:  statement: CREATE TABLE public.stk_item_components (
	    id uuid DEFAULT gen_random_uuid() NOT NULL,
	    org_id text NOT NULL,
	    parent_item_id uuid NOT NULL,
	    child_item_id uuid NOT NULL,
	    qty numeric NOT NULL,
	    optional boolean DEFAULT false NOT NULL,
	    default_included boolean DEFAULT true NOT NULL,
	    choice_group text,
	    note text,
	    created_at timestamp with time zone DEFAULT now() NOT NULL,
	    updated_at timestamp with time zone DEFAULT now() NOT NULL,
	    CONSTRAINT stk_item_components_no_self CHECK ((parent_item_id <> child_item_id))
	);
172.17.0.1 2026-10-03 20:47:41.091 UTC [96] supabase_admin@postgres LOG:  statement: ALTER TABLE ONLY public.stk_item_components FORCE ROW LEVEL SECURITY;
172.17.0.1 2026-10-03 20:47:41.091 UTC [96] supabase_admin@postgres LOG:  statement: CREATE TABLE public.stk_items (
	    id uuid DEFAULT gen_random_uuid() NOT NULL,
	    org_id text NOT NULL,
	    code text NOT NULL,
	    name text NOT NULL,
	    uom text DEFAULT 'unit'::text NOT NULL,
	    item_group text,
	    is_stock_item boolean DEFAULT true NOT NULL,
	    reorder_level numeric,
	    reorder_qty numeric,
	    valuation_method text DEFAULT 'moving_avg'::text NOT NULL,
	    fin_product_id uuid,
	    created_at timestamp with time zone DEFAULT now() NOT NULL,
	    updated_at timestamp with time zone DEFAULT now() NOT NULL,
	    consumption_uom text,
	    units_per_stock_uom numeric,
	    subunits_per_stock_uom numeric,
	    diagram_enabled boolean DEFAULT false NOT NULL,
	    unit_svg text,
	    subunit_svg text,
	    moq numeric,
	    default_supplier_party_id uuid,
	    sku uuid DEFAULT gen_random_uuid() NOT NULL,
	    metadata jsonb DEFAULT '{}'::jsonb NOT NULL
	);
172.17.0.1 2026-10-03 20:47:41.093 UTC [96] supabase_admin@postgres LOG:  statement: ALTER TABLE ONLY public.stk_items FORCE ROW LEVEL SECURITY;
172.17.0.1 2026-10-03 20:47:41.093 UTC [96] supabase_admin@postgres LOG:  statement: CREATE TABLE public.stk_items_bak_insumos2608 (
	    id uuid,
	    org_id text,
	    code text,
	    name text,
	    uom text,
	    item_group text,
	    is_stock_item boolean,
	    reorder_level numeric,
	    reorder_qty numeric,
	    valuation_method text,
	    fin_product_id uuid,
	    created_at timestamp with time zone,
	    updated_at timestamp with time zone,
	    consumption_uom text,
	    units_per_stock_uom numeric,
	    subunits_per_stock_uom numeric,
	    diagram_enabled boolean,
	    unit_svg text,
	    subunit_svg text,
	    moq numeric,
	    default_supplier_party_id uuid,
	    sku uuid,
	    metadata jsonb
	);
172.17.0.1 2026-10-03 20:47:41.095 UTC [96] supabase_admin@postgres LOG:  statement: CREATE TABLE public.stk_ledger (
	    id bigint NOT NULL,
	    org_id text NOT NULL,
	    item_id uuid NOT NULL,
	    warehouse_id uuid NOT NULL,
	    entry_id uuid NOT NULL,
	    qty_delta numeric NOT NULL,
	    qty_after numeric NOT NULL,
	    valuation_rate numeric NOT NULL,
	    value_delta numeric NOT NULL,
	    posted_at timestamp with time zone DEFAULT now() NOT NULL
	);
172.17.0.1 2026-10-03 20:47:41.096 UTC [96] supabase_admin@postgres LOG:  statement: ALTER TABLE ONLY public.stk_ledger FORCE ROW LEVEL SECURITY;
172.17.0.1 2026-10-03 20:47:41.097 UTC [96] supabase_admin@postgres LOG:  statement: CREATE TABLE public.stk_ledger_bak_repair (
	    id bigint,
	    org_id text,
	    item_id uuid,
	    warehouse_id uuid,
	    entry_id uuid,
	    qty_delta numeric,
	    qty_after numeric,
	    valuation_rate numeric,
	    value_delta numeric,
	    posted_at timestamp with time zone
	);
172.17.0.1 2026-10-03 20:47:41.098 UTC [96] supabase_admin@postgres LOG:  statement: CREATE SEQUENCE public.stk_ledger_id_seq
	    START WITH 1
	    INCREMENT BY 1
	    NO MINVALUE
	    NO MAXVALUE
	    CACHE 1;
172.17.0.1 2026-10-03 20:47:41.099 UTC [96] supabase_admin@postgres LOG:  statement: ALTER SEQUENCE public.stk_ledger_id_seq OWNED BY public.stk_ledger.id;
172.17.0.1 2026-10-03 20:47:41.099 UTC [96] supabase_admin@postgres LOG:  statement: CREATE TABLE public.stk_warehouses (
	    id uuid DEFAULT gen_random_uuid() NOT NULL,
	    org_id text NOT NULL,
	    name text NOT NULL,
	    parent_id uuid,
	    created_at timestamp with time zone DEFAULT now() NOT NULL,
	    updated_at timestamp with time zone DEFAULT now() NOT NULL,
	    is_default boolean DEFAULT false NOT NULL,
	    archived_at timestamp with time zone
	);
172.17.0.1 2026-10-03 20:47:41.100 UTC [96] supabase_admin@postgres LOG:  statement: ALTER TABLE ONLY public.stk_warehouses FORCE ROW LEVEL SECURITY;
172.17.0.1 2026-10-03 20:47:41.101 UTC [96] supabase_admin@postgres LOG:  statement: CREATE TABLE public.support_issues (
	    id uuid DEFAULT gen_random_uuid() NOT NULL,
	    org_id text NOT NULL,
	    subject text NOT NULL,
	    description text,
	    status text DEFAULT 'open'::text NOT NULL,
	    priority text DEFAULT 'medium'::text NOT NULL,
	    party_id uuid,
	    crm_contact_id uuid,
	    owner_id uuid,
	    source text DEFAULT 'manual'::text NOT NULL,
	    channel text,
	    response_by timestamp with time zone,
	    resolution_by timestamp with time zone,
	    first_responded_at timestamp with time zone,
	    resolved_at timestamp with time zone,
	    closed_at timestamp with time zone,
	    metadata jsonb DEFAULT '{}'::jsonb NOT NULL,
	    created_at timestamp with time zone DEFAULT now() NOT NULL,
	    updated_at timestamp with time zone DEFAULT now() NOT NULL,
	    human_id text
	);
172.17.0.1 2026-10-03 20:47:41.102 UTC [96] supabase_admin@postgres LOG:  statement: ALTER TABLE ONLY public.support_issues FORCE ROW LEVEL SECURITY;
172.17.0.1 2026-10-03 20:47:41.103 UTC [96] supabase_admin@postgres LOG:  statement: CREATE TABLE public.support_settings (
	    org_id text NOT NULL,
	    value jsonb DEFAULT '{}'::jsonb NOT NULL,
	    updated_at timestamp with time zone DEFAULT now() NOT NULL
	);
172.17.0.1 2026-10-03 20:47:41.104 UTC [96] supabase_admin@postgres LOG:  statement: ALTER TABLE ONLY public.support_settings FORCE ROW LEVEL SECURITY;
172.17.0.1 2026-10-03 20:47:41.105 UTC [96] supabase_admin@postgres LOG:  statement: CREATE TABLE public.tag_links (
	    org_id text NOT NULL,
	    entity_kind text NOT NULL,
	    entity_id uuid NOT NULL,
	    tag_id uuid NOT NULL,
	    applied_by uuid,
	    applied_at timestamp with time zone DEFAULT now() NOT NULL,
	    CONSTRAINT tag_links_entity_kind_check CHECK ((entity_kind = ANY (ARRAY['booking'::text, 'event_type'::text, 'product'::text])))
	);
172.17.0.1 2026-10-03 20:47:41.106 UTC [96] supabase_admin@postgres LOG:  statement: ALTER TABLE ONLY public.tag_links FORCE ROW LEVEL SECURITY;
172.17.0.1 2026-10-03 20:47:41.106 UTC [96] supabase_admin@postgres LOG:  statement: CREATE TABLE public.tasks (
	    id text NOT NULL,
	    tenant_id uuid NOT NULL,
	    mission_id text NOT NULL,
	    title text NOT NULL,
	    description text,
	    status text DEFAULT 'backlog'::text NOT NULL,
	    sort_order integer DEFAULT 0 NOT NULL,
	    metadata text,
	    created_at timestamp with time zone DEFAULT now() NOT NULL,
	    updated_at timestamp with time zone DEFAULT now() NOT NULL
	);
172.17.0.1 2026-10-03 20:47:41.107 UTC [96] supabase_admin@postgres LOG:  statement: ALTER TABLE ONLY public.tasks FORCE ROW LEVEL SECURITY;
172.17.0.1 2026-10-03 20:47:41.108 UTC [96] supabase_admin@postgres LOG:  statement: CREATE TABLE public.user_agents (
	    user_id uuid NOT NULL,
	    agent_id text NOT NULL,
	    gateway_id uuid NOT NULL,
	    created_at timestamp with time zone DEFAULT now() NOT NULL
	);
172.17.0.1 2026-10-03 20:47:41.109 UTC [96] supabase_admin@postgres LOG:  statement: CREATE TABLE public.user_gateway (
	    profile_id uuid NOT NULL,
	    gateway_id uuid NOT NULL,
	    is_default boolean DEFAULT false NOT NULL,
	    created_at timestamp with time zone DEFAULT now() NOT NULL
	);
172.17.0.1 2026-10-03 20:47:41.110 UTC [96] supabase_admin@postgres LOG:  statement: CREATE TABLE public.user_identities (
	    id uuid DEFAULT gen_random_uuid() NOT NULL,
	    user_id uuid NOT NULL,
	    provider text NOT NULL,
	    kind text NOT NULL,
	    external_id text NOT NULL,
	    display_name text,
	    scope text,
	    secret_ciphertext text,
	    secret_iv text,
	    expires_at bigint,
	    verified_at bigint,
	    created_at timestamp with time zone DEFAULT now() NOT NULL,
	    updated_at timestamp with time zone DEFAULT now() NOT NULL,
	    shareable boolean DEFAULT false NOT NULL
	);
172.17.0.1 2026-10-03 20:47:41.111 UTC [96] supabase_admin@postgres LOG:  statement: CREATE TABLE public.user_preferences (
	    id uuid DEFAULT gen_random_uuid() NOT NULL,
	    profile_id uuid NOT NULL,
	    section text NOT NULL,
	    value text NOT NULL,
	    updated_at timestamp with time zone DEFAULT now() NOT NULL
	);
172.17.0.1 2026-10-03 20:47:41.112 UTC [96] supabase_admin@postgres LOG:  statement: CREATE TABLE public.workflow_defs (
	    id uuid DEFAULT gen_random_uuid() NOT NULL,
	    org_id text NOT NULL,
	    doc_type text NOT NULL,
	    name text NOT NULL,
	    enabled boolean DEFAULT true NOT NULL,
	    states jsonb DEFAULT '[]'::jsonb NOT NULL,
	    transitions jsonb DEFAULT '[]'::jsonb NOT NULL,
	    created_at timestamp with time zone DEFAULT now() NOT NULL,
	    updated_at timestamp with time zone DEFAULT now() NOT NULL
	);
172.17.0.1 2026-10-03 20:47:41.114 UTC [96] supabase_admin@postgres LOG:  statement: ALTER TABLE ONLY public.workflow_defs FORCE ROW LEVEL SECURITY;
172.17.0.1 2026-10-03 20:47:41.114 UTC [96] supabase_admin@postgres LOG:  statement: CREATE TABLE public.workshop_comparison_outputs (
	    id text NOT NULL,
	    run_id text NOT NULL,
	    model_id text NOT NULL,
	    provider text,
	    output text,
	    latency_ms integer,
	    input_tokens integer,
	    output_tokens integer,
	    cost_usd double precision,
	    error text,
	    created_at bigint NOT NULL
	);
172.17.0.1 2026-10-03 20:47:41.116 UTC [96] supabase_admin@postgres LOG:  statement: CREATE TABLE public.workshop_comparison_runs (
	    id text NOT NULL,
	    tenant_id text NOT NULL,
	    server_id text,
	    user_id text,
	    prompt text NOT NULL,
	    system text,
	    params text,
	    model_ids text NOT NULL,
	    blind boolean DEFAULT false NOT NULL,
	    category_ids text,
	    created_at bigint NOT NULL,
	    finished_at bigint
	);
172.17.0.1 2026-10-03 20:47:41.117 UTC [96] supabase_admin@postgres LOG:  statement: CREATE TABLE public.workshop_groupchat_agents (
	    id text NOT NULL,
	    run_id text NOT NULL,
	    name text NOT NULL,
	    system_prompt text NOT NULL,
	    provider text NOT NULL,
	    model_id text NOT NULL,
	    order_index integer DEFAULT 0 NOT NULL
	);
172.17.0.1 2026-10-03 20:47:41.118 UTC [96] supabase_admin@postgres LOG:  statement: CREATE TABLE public.workshop_groupchat_messages (
	    id text NOT NULL,
	    run_id text NOT NULL,
	    agent_id text,
	    round integer NOT NULL,
	    role text NOT NULL,
	    content text NOT NULL,
	    model_id text,
	    latency_ms integer,
	    tokens integer,
	    cost_usd double precision,
	    created_at bigint NOT NULL
	);
172.17.0.1 2026-10-03 20:47:41.119 UTC [96] supabase_admin@postgres LOG:  statement: CREATE TABLE public.workshop_groupchat_runs (
	    id text NOT NULL,
	    tenant_id text NOT NULL,
	    server_id text,
	    user_id text,
	    prompt text NOT NULL,
	    status text DEFAULT 'draft'::text NOT NULL,
	    rounds integer,
	    style text,
	    include_orchestrator boolean DEFAULT false NOT NULL,
	    background boolean DEFAULT false NOT NULL,
	    settings text,
	    current_round integer DEFAULT 0 NOT NULL,
	    created_at bigint NOT NULL,
	    finished_at bigint
	);
172.17.0.1 2026-10-03 20:47:41.121 UTC [96] supabase_admin@postgres LOG:  statement: CREATE TABLE public.workshop_prompt_categories (
	    id text NOT NULL,
	    tenant_id text NOT NULL,
	    name text NOT NULL,
	    source text NOT NULL,
	    created_at bigint NOT NULL
	);
172.17.0.1 2026-10-03 20:47:41.122 UTC [96] supabase_admin@postgres LOG:  statement: CREATE TABLE public.workshop_rankings (
	    id text NOT NULL,
	    run_id text NOT NULL,
	    model_id text NOT NULL,
	    rank integer NOT NULL,
	    picked boolean DEFAULT false NOT NULL,
	    user_id text,
	    created_at bigint NOT NULL
	);
172.17.0.1 2026-10-03 20:47:41.123 UTC [96] supabase_admin@postgres LOG:  statement: CREATE TABLE public.workshop_saves (
	    id text NOT NULL,
	    name text NOT NULL,
	    state text NOT NULL,
	    thumbnail text,
	    profile_id uuid,
	    tenant_id uuid,
	    created_at timestamp with time zone DEFAULT now() NOT NULL,
	    updated_at timestamp with time zone DEFAULT now() NOT NULL
	);
172.17.0.1 2026-10-03 20:47:41.124 UTC [96] supabase_admin@postgres LOG:  statement: ALTER TABLE ONLY public.workshop_saves FORCE ROW LEVEL SECURITY;
172.17.0.1 2026-10-03 20:47:41.125 UTC [96] supabase_admin@postgres LOG:  statement: CREATE TABLE public.workspace_membership (
	    user_id uuid NOT NULL,
	    paperclip_company_id text NOT NULL,
	    role text DEFAULT 'admin'::text NOT NULL,
	    created_at timestamp with time zone DEFAULT now() NOT NULL
	);
172.17.0.1 2026-10-03 20:47:41.126 UTC [96] supabase_admin@postgres LOG:  statement: ALTER TABLE ONLY public.chat_messages ALTER COLUMN id SET DEFAULT nextval('public.chat_messages_id_seq'::regclass);
172.17.0.1 2026-10-03 20:47:41.126 UTC [96] supabase_admin@postgres LOG:  statement: ALTER TABLE ONLY public.skill_execution_stats ALTER COLUMN id SET DEFAULT nextval('public.skill_execution_stats_id_seq'::regclass);
172.17.0.1 2026-10-03 20:47:41.127 UTC [96] supabase_admin@postgres LOG:  statement: ALTER TABLE ONLY public.stk_ledger ALTER COLUMN id SET DEFAULT nextval('public.stk_ledger_id_seq'::regclass);
172.17.0.1 2026-10-03 20:47:41.127 UTC [96] supabase_admin@postgres LOG:  statement: ALTER TABLE ONLY public.agent_artifact_revisions
	    ADD CONSTRAINT agent_artifact_revisions_pkey PRIMARY KEY (id);
172.17.0.1 2026-10-03 20:47:41.128 UTC [96] supabase_admin@postgres LOG:  statement: ALTER TABLE ONLY public.agent_artifacts
	    ADD CONSTRAINT agent_artifacts_pkey PRIMARY KEY (id);
172.17.0.1 2026-10-03 20:47:41.129 UTC [96] supabase_admin@postgres LOG:  statement: ALTER TABLE ONLY public.agent_built_skills
	    ADD CONSTRAINT agent_built_skills_pkey PRIMARY KEY (id);
172.17.0.1 2026-10-03 20:47:41.130 UTC [96] supabase_admin@postgres LOG:  statement: ALTER TABLE ONLY public.agent_group_members
	    ADD CONSTRAINT agent_group_members_group_id_agent_id_pk PRIMARY KEY (group_id, agent_id);
172.17.0.1 2026-10-03 20:47:41.130 UTC [96] supabase_admin@postgres LOG:  statement: ALTER TABLE ONLY public.agent_groups
	    ADD CONSTRAINT agent_groups_pkey PRIMARY KEY (id);
172.17.0.1 2026-10-03 20:47:41.131 UTC [96] supabase_admin@postgres LOG:  statement: ALTER TABLE ONLY public.agent_memories
	    ADD CONSTRAINT agent_memories_pkey PRIMARY KEY (id);
172.17.0.1 2026-10-03 20:47:41.131 UTC [96] supabase_admin@postgres LOG:  statement: ALTER TABLE ONLY public.ai_usage
	    ADD CONSTRAINT ai_usage_pkey PRIMARY KEY (id);
172.17.0.1 2026-10-03 20:47:41.132 UTC [96] supabase_admin@postgres LOG:  statement: ALTER TABLE ONLY public.app_modules
	    ADD CONSTRAINT app_modules_pkey PRIMARY KEY (org_id, module_id);
172.17.0.1 2026-10-03 20:47:41.132 UTC [96] supabase_admin@postgres LOG:  statement: ALTER TABLE ONLY public.assignment_rules
	    ADD CONSTRAINT assignment_rules_pkey PRIMARY KEY (id);
172.17.0.1 2026-10-03 20:47:41.133 UTC [96] supabase_admin@postgres LOG:  statement: ALTER TABLE ONLY public.attachment_file_state
	    ADD CONSTRAINT attachment_file_state_pkey PRIMARY KEY (file_id);
172.17.0.1 2026-10-03 20:47:41.133 UTC [96] supabase_admin@postgres LOG:  statement: ALTER TABLE ONLY public.attachment_links
	    ADD CONSTRAINT attachment_links_pkey PRIMARY KEY (object_type, object_id, file_id);
172.17.0.1 2026-10-03 20:47:41.134 UTC [96] supabase_admin@postgres LOG:  statement: ALTER TABLE ONLY public.attachment_trash
	    ADD CONSTRAINT attachment_trash_pkey PRIMARY KEY (object_type, object_id, file_id);
172.17.0.1 2026-10-03 20:47:41.135 UTC [96] supabase_admin@postgres LOG:  statement: ALTER TABLE ONLY public.backup_configs
	    ADD CONSTRAINT backup_configs_pkey PRIMARY KEY (id);
172.17.0.1 2026-10-03 20:47:41.135 UTC [96] supabase_admin@postgres LOG:  statement: ALTER TABLE ONLY public.bg_jobs
	    ADD CONSTRAINT bg_jobs_pkey PRIMARY KEY (id);
172.17.0.1 2026-10-03 20:47:41.136 UTC [96] supabase_admin@postgres LOG:  statement: ALTER TABLE ONLY public.brain_access
	    ADD CONSTRAINT brain_access_pkey PRIMARY KEY (brain_id, principal_type, principal_id);
172.17.0.1 2026-10-03 20:47:41.136 UTC [96] supabase_admin@postgres LOG:  statement: ALTER TABLE ONLY public.brain_agent_templates
	    ADD CONSTRAINT brain_agent_templates_org_id_key UNIQUE (org_id);
172.17.0.1 2026-10-03 20:47:41.137 UTC [96] supabase_admin@postgres LOG:  statement: ALTER TABLE ONLY public.brain_agent_templates
	    ADD CONSTRAINT brain_agent_templates_pkey PRIMARY KEY (id);
172.17.0.1 2026-10-03 20:47:41.137 UTC [96] supabase_admin@postgres LOG:  statement: ALTER TABLE ONLY public.brain_chunks
	    ADD CONSTRAINT brain_chunks_pkey PRIMARY KEY (id);
172.17.0.1 2026-10-03 20:47:41.138 UTC [96] supabase_admin@postgres LOG:  statement: ALTER TABLE ONLY public.brain_documents
	    ADD CONSTRAINT brain_documents_pkey PRIMARY KEY (id);
172.17.0.1 2026-10-03 20:47:41.138 UTC [96] supabase_admin@postgres LOG:  statement: ALTER TABLE ONLY public.brain_enrichment_settings
	    ADD CONSTRAINT brain_enrichment_settings_org_id_key UNIQUE (org_id);
172.17.0.1 2026-10-03 20:47:41.139 UTC [96] supabase_admin@postgres LOG:  statement: ALTER TABLE ONLY public.brain_enrichment_settings
	    ADD CONSTRAINT brain_enrichment_settings_pkey PRIMARY KEY (id);
172.17.0.1 2026-10-03 20:47:41.139 UTC [96] supabase_admin@postgres LOG:  statement: ALTER TABLE ONLY public.brain_sources
	    ADD CONSTRAINT brain_sources_pkey PRIMARY KEY (brain_id, source_id);
172.17.0.1 2026-10-03 20:47:41.140 UTC [96] supabase_admin@postgres LOG:  statement: ALTER TABLE ONLY public.brain_vector_generations
	    ADD CONSTRAINT brain_vector_generations_pkey PRIMARY KEY (generation);
172.17.0.1 2026-10-03 20:47:41.140 UTC [96] supabase_admin@postgres LOG:  statement: ALTER TABLE ONLY public.brain_vector_outbox
	    ADD CONSTRAINT brain_vector_outbox_pkey PRIMARY KEY (chunk_id, collection_generation);
172.17.0.1 2026-10-03 20:47:41.141 UTC [96] supabase_admin@postgres LOG:  statement: ALTER TABLE ONLY public.brain_vector_reconcile_state
	    ADD CONSTRAINT brain_vector_reconcile_state_pkey PRIMARY KEY (collection_generation);
172.17.0.1 2026-10-03 20:47:41.141 UTC [96] supabase_admin@postgres LOG:  statement: ALTER TABLE ONLY public.brains
	    ADD CONSTRAINT brains_pkey PRIMARY KEY (id);
172.17.0.1 2026-10-03 20:47:41.142 UTC [96] supabase_admin@postgres LOG:  statement: ALTER TABLE ONLY public.built_agent_skills
	    ADD CONSTRAINT built_agent_skills_pkey PRIMARY KEY (id);
172.17.0.1 2026-10-03 20:47:41.142 UTC [96] supabase_admin@postgres LOG:  statement: ALTER TABLE ONLY public.built_agents
	    ADD CONSTRAINT built_agents_pkey PRIMARY KEY (id);
172.17.0.1 2026-10-03 20:47:41.142 UTC [96] supabase_admin@postgres LOG:  statement: ALTER TABLE ONLY public.built_chapter_edges
	    ADD CONSTRAINT built_chapter_edges_pkey PRIMARY KEY (id);
172.17.0.1 2026-10-03 20:47:41.143 UTC [96] supabase_admin@postgres LOG:  statement: ALTER TABLE ONLY public.built_chapter_tools
	    ADD CONSTRAINT built_chapter_tools_pkey PRIMARY KEY (id);
172.17.0.1 2026-10-03 20:47:41.143 UTC [96] supabase_admin@postgres LOG:  statement: ALTER TABLE ONLY public.built_chapters
	    ADD CONSTRAINT built_chapters_pkey PRIMARY KEY (id);
172.17.0.1 2026-10-03 20:47:41.144 UTC [96] supabase_admin@postgres LOG:  statement: ALTER TABLE ONLY public.built_skill_tools
	    ADD CONSTRAINT built_skill_tools_pkey PRIMARY KEY (id);
172.17.0.1 2026-10-03 20:47:41.144 UTC [96] supabase_admin@postgres LOG:  statement: ALTER TABLE ONLY public.built_skills
	    ADD CONSTRAINT built_skills_pkey PRIMARY KEY (id);
172.17.0.1 2026-10-03 20:47:41.144 UTC [96] supabase_admin@postgres LOG:  statement: ALTER TABLE ONLY public.built_tools
	    ADD CONSTRAINT built_tools_pkey PRIMARY KEY (id);
172.17.0.1 2026-10-03 20:47:41.145 UTC [96] supabase_admin@postgres LOG:  statement: ALTER TABLE ONLY public.channel_assignments
	    ADD CONSTRAINT channel_assignments_pkey PRIMARY KEY (id);
172.17.0.1 2026-10-03 20:47:41.146 UTC [96] supabase_admin@postgres LOG:  statement: ALTER TABLE ONLY public.channel_bindings
	    ADD CONSTRAINT channel_bindings_pkey PRIMARY KEY (id);
172.17.0.1 2026-10-03 20:47:41.147 UTC [96] supabase_admin@postgres LOG:  statement: ALTER TABLE ONLY public.channel_identities
	    ADD CONSTRAINT channel_identities_pkey PRIMARY KEY (id);
172.17.0.1 2026-10-03 20:47:41.148 UTC [96] supabase_admin@postgres LOG:  statement: ALTER TABLE ONLY public.channel_pairing_requests
	    ADD CONSTRAINT channel_pairing_requests_pkey PRIMARY KEY (id);
172.17.0.1 2026-10-03 20:47:41.149 UTC [96] supabase_admin@postgres LOG:  statement: ALTER TABLE ONLY public.channels
	    ADD CONSTRAINT channels_pkey PRIMARY KEY (id);
172.17.0.1 2026-10-03 20:47:41.149 UTC [96] supabase_admin@postgres LOG:  statement: ALTER TABLE ONLY public.chat_messages
	    ADD CONSTRAINT chat_messages_pkey PRIMARY KEY (id);
172.17.0.1 2026-10-03 20:47:41.150 UTC [96] supabase_admin@postgres LOG:  statement: ALTER TABLE ONLY public.config_snapshots
	    ADD CONSTRAINT config_snapshots_pkey PRIMARY KEY (id);
172.17.0.1 2026-10-03 20:47:41.150 UTC [96] supabase_admin@postgres LOG:  statement: ALTER TABLE ONLY public.crm_activities
	    ADD CONSTRAINT crm_activities_pkey PRIMARY KEY (id);
172.17.0.1 2026-10-03 20:47:41.151 UTC [96] supabase_admin@postgres LOG:  statement: ALTER TABLE ONLY public.crm_contact_activity_stats
	    ADD CONSTRAINT crm_contact_activity_stats_pkey PRIMARY KEY (contact_id);
172.17.0.1 2026-10-03 20:47:41.151 UTC [96] supabase_admin@postgres LOG:  statement: ALTER TABLE ONLY public.crm_contact_identities
	    ADD CONSTRAINT crm_contact_identities_pkey PRIMARY KEY (id);
172.17.0.1 2026-10-03 20:47:41.152 UTC [96] supabase_admin@postgres LOG:  statement: ALTER TABLE ONLY public.crm_contact_tags
	    ADD CONSTRAINT crm_contact_tags_pkey PRIMARY KEY (contact_id, tag_id);
172.17.0.1 2026-10-03 20:47:41.152 UTC [96] supabase_admin@postgres LOG:  statement: ALTER TABLE ONLY public.crm_contacts
	    ADD CONSTRAINT crm_contacts_pkey PRIMARY KEY (id);
172.17.0.1 2026-10-03 20:47:41.153 UTC [96] supabase_admin@postgres LOG:  statement: ALTER TABLE ONLY public.crm_conversation_analysis
	    ADD CONSTRAINT crm_conversation_analysis_pkey PRIMARY KEY (org_id, channel, chat_id);
172.17.0.1 2026-10-03 20:47:41.153 UTC [96] supabase_admin@postgres LOG:  statement: ALTER TABLE ONLY public.crm_conversation_chunks
	    ADD CONSTRAINT crm_conversation_chunks_pkey PRIMARY KEY (id);
172.17.0.1 2026-10-03 20:47:41.154 UTC [96] supabase_admin@postgres LOG:  statement: ALTER TABLE ONLY public.crm_conversation_index
	    ADD CONSTRAINT crm_conversation_index_pkey PRIMARY KEY (org_id, channel, chat_id);
172.17.0.1 2026-10-03 20:47:41.154 UTC [96] supabase_admin@postgres LOG:  statement: ALTER TABLE ONLY public.crm_message_sentiment
	    ADD CONSTRAINT crm_message_sentiment_pkey PRIMARY KEY (org_id, message_id);
172.17.0.1 2026-10-03 20:47:41.155 UTC [96] supabase_admin@postgres LOG:  statement: ALTER TABLE ONLY public.crm_sentiment_chat_daily
	    ADD CONSTRAINT crm_sentiment_chat_daily_pkey PRIMARY KEY (org_id, chat_id, day);
172.17.0.1 2026-10-03 20:47:41.155 UTC [96] supabase_admin@postgres LOG:  statement: ALTER TABLE ONLY public.app_table_config
	    ADD CONSTRAINT app_table_config_pkey PRIMARY KEY (org_id);
172.17.0.1 2026-10-03 20:47:41.155 UTC [96] supabase_admin@postgres LOG:  statement: ALTER TABLE ONLY public.crm_settings
	    ADD CONSTRAINT crm_settings_pkey PRIMARY KEY (org_id);
172.17.0.1 2026-10-03 20:47:41.156 UTC [96] supabase_admin@postgres LOG:  statement: ALTER TABLE ONLY public.crm_tags
	    ADD CONSTRAINT crm_tags_pkey PRIMARY KEY (id);
172.17.0.1 2026-10-03 20:47:41.156 UTC [96] supabase_admin@postgres LOG:  statement: ALTER TABLE ONLY public.crm_win_embeddings
	    ADD CONSTRAINT crm_win_embeddings_pkey PRIMARY KEY (org_id, contact_id);
172.17.0.1 2026-10-03 20:47:41.157 UTC [96] supabase_admin@postgres LOG:  statement: ALTER TABLE ONLY public.crm_word_frequency_daily
	    ADD CONSTRAINT crm_word_frequency_daily_pkey PRIMARY KEY (org_id, day, word);
172.17.0.1 2026-10-03 20:47:41.157 UTC [96] supabase_admin@postgres LOG:  statement: ALTER TABLE ONLY public.dashboard_layouts
	    ADD CONSTRAINT dashboard_layouts_pkey PRIMARY KEY (org_id, dashboard_id);
172.17.0.1 2026-10-03 20:47:41.158 UTC [96] supabase_admin@postgres LOG:  statement: ALTER TABLE ONLY public.device_identities
	    ADD CONSTRAINT device_identities_pkey PRIMARY KEY (id);
172.17.0.1 2026-10-03 20:47:41.158 UTC [96] supabase_admin@postgres LOG:  statement: ALTER TABLE ONLY public.device_identities
	    ADD CONSTRAINT device_identities_tenant_id_unique UNIQUE (tenant_id);
172.17.0.1 2026-10-03 20:47:41.158 UTC [96] supabase_admin@postgres LOG:  statement: ALTER TABLE ONLY public.doc_audit_log
	    ADD CONSTRAINT doc_audit_log_pkey PRIMARY KEY (id);
172.17.0.1 2026-10-03 20:47:41.159 UTC [96] supabase_admin@postgres LOG:  statement: ALTER TABLE ONLY public.doc_comments
	    ADD CONSTRAINT doc_comments_pkey PRIMARY KEY (id);
172.17.0.1 2026-10-03 20:47:41.159 UTC [96] supabase_admin@postgres LOG:  statement: ALTER TABLE ONLY public.email_ledger
	    ADD CONSTRAINT email_ledger_mailbox_gmail_message_id_key UNIQUE (mailbox, gmail_message_id);
172.17.0.1 2026-10-03 20:47:41.160 UTC [96] supabase_admin@postgres LOG:  statement: ALTER TABLE ONLY public.email_ledger
	    ADD CONSTRAINT email_ledger_pkey PRIMARY KEY (id);
172.17.0.1 2026-10-03 20:47:41.160 UTC [96] supabase_admin@postgres LOG:  statement: ALTER TABLE ONLY public.email_ledger_settings
	    ADD CONSTRAINT email_ledger_settings_pkey PRIMARY KEY (org_id);
172.17.0.1 2026-10-03 20:47:41.160 UTC [96] supabase_admin@postgres LOG:  statement: ALTER TABLE ONLY public.email_opens
	    ADD CONSTRAINT email_opens_pkey PRIMARY KEY (user_id, gmail_message_id);
172.17.0.1 2026-10-03 20:47:41.161 UTC [96] supabase_admin@postgres LOG:  statement: ALTER TABLE ONLY public.files
	    ADD CONSTRAINT files_pkey PRIMARY KEY (id);
172.17.0.1 2026-10-03 20:47:41.161 UTC [96] supabase_admin@postgres LOG:  statement: ALTER TABLE ONLY public.fin_clients
	    ADD CONSTRAINT fin_clients_pkey PRIMARY KEY (id);
172.17.0.1 2026-10-03 20:47:41.162 UTC [96] supabase_admin@postgres LOG:  statement: ALTER TABLE ONLY public.fin_invoice_items
	    ADD CONSTRAINT fin_invoice_items_pkey PRIMARY KEY (id);
172.17.0.1 2026-10-03 20:47:41.162 UTC [96] supabase_admin@postgres LOG:  statement: ALTER TABLE ONLY public.fin_invoices
	    ADD CONSTRAINT fin_invoices_pkey PRIMARY KEY (id);
172.17.0.1 2026-10-03 20:47:41.163 UTC [96] supabase_admin@postgres LOG:  statement: ALTER TABLE ONLY public.fin_payments
	    ADD CONSTRAINT fin_payments_pkey PRIMARY KEY (id);
172.17.0.1 2026-10-03 20:47:41.163 UTC [96] supabase_admin@postgres LOG:  statement: ALTER TABLE ONLY public.fin_product_components
	    ADD CONSTRAINT fin_product_components_org_id_bundle_product_id_child_produ_key UNIQUE (org_id, bundle_product_id, child_product_id);
172.17.0.1 2026-10-03 20:47:41.163 UTC [96] supabase_admin@postgres LOG:  statement: ALTER TABLE ONLY public.fin_product_components
	    ADD CONSTRAINT fin_product_components_pkey PRIMARY KEY (id);
172.17.0.1 2026-10-03 20:47:41.164 UTC [96] supabase_admin@postgres LOG:  statement: ALTER TABLE ONLY public.fin_products
	    ADD CONSTRAINT fin_products_pkey PRIMARY KEY (id);
172.17.0.1 2026-10-03 20:47:41.164 UTC [96] supabase_admin@postgres LOG:  statement: ALTER TABLE ONLY public.fin_purchase_periods
	    ADD CONSTRAINT fin_purchase_periods_pkey PRIMARY KEY (id);
172.17.0.1 2026-10-03 20:47:41.165 UTC [96] supabase_admin@postgres LOG:  statement: ALTER TABLE ONLY public.fin_purchases
	    ADD CONSTRAINT fin_purchases_pkey PRIMARY KEY (id);
172.17.0.1 2026-10-03 20:47:41.165 UTC [96] supabase_admin@postgres LOG:  statement: ALTER TABLE ONLY public.fin_settings
	    ADD CONSTRAINT fin_settings_pkey PRIMARY KEY (org_id);
172.17.0.1 2026-10-03 20:47:41.166 UTC [96] supabase_admin@postgres LOG:  statement: ALTER TABLE ONLY public.fin_sources
	    ADD CONSTRAINT fin_sources_pkey PRIMARY KEY (org_id, provider);
172.17.0.1 2026-10-03 20:47:41.166 UTC [96] supabase_admin@postgres LOG:  statement: ALTER TABLE ONLY public.fin_statement_imports
	    ADD CONSTRAINT fin_statement_imports_pkey PRIMARY KEY (id);
172.17.0.1 2026-10-03 20:47:41.166 UTC [96] supabase_admin@postgres LOG:  statement: ALTER TABLE ONLY public.fin_sync_jobs
	    ADD CONSTRAINT fin_sync_jobs_pkey PRIMARY KEY (id);
172.17.0.1 2026-10-03 20:47:41.167 UTC [96] supabase_admin@postgres LOG:  statement: ALTER TABLE ONLY public.fin_transactions
	    ADD CONSTRAINT fin_transactions_pkey PRIMARY KEY (id);
172.17.0.1 2026-10-03 20:47:41.167 UTC [96] supabase_admin@postgres LOG:  statement: ALTER TABLE ONLY public.flow_groups
	    ADD CONSTRAINT flow_groups_pkey PRIMARY KEY (id);
172.17.0.1 2026-10-03 20:47:41.168 UTC [96] supabase_admin@postgres LOG:  statement: ALTER TABLE ONLY public.flow_runs
	    ADD CONSTRAINT flow_runs_pkey PRIMARY KEY (id);
172.17.0.1 2026-10-03 20:47:41.168 UTC [96] supabase_admin@postgres LOG:  statement: ALTER TABLE ONLY public.flow_var_exports
	    ADD CONSTRAINT flow_var_exports_pkey PRIMARY KEY (id);
172.17.0.1 2026-10-03 20:47:41.169 UTC [96] supabase_admin@postgres LOG:  statement: ALTER TABLE ONLY public.flows
	    ADD CONSTRAINT flows_pkey PRIMARY KEY (id);
172.17.0.1 2026-10-03 20:47:41.169 UTC [96] supabase_admin@postgres LOG:  statement: ALTER TABLE ONLY public.gateway_lease
	    ADD CONSTRAINT gateway_lease_pkey PRIMARY KEY (org_id, channel);
172.17.0.1 2026-10-03 20:47:41.169 UTC [96] supabase_admin@postgres LOG:  statement: ALTER TABLE ONLY public.gateway
	    ADD CONSTRAINT gateway_pkey PRIMARY KEY (id);
172.17.0.1 2026-10-03 20:47:41.170 UTC [96] supabase_admin@postgres LOG:  statement: ALTER TABLE ONLY public.gateway_signing_keys
	    ADD CONSTRAINT gateway_signing_keys_pkey PRIMARY KEY (kid);
172.17.0.1 2026-10-03 20:47:41.170 UTC [96] supabase_admin@postgres LOG:  statement: ALTER TABLE ONLY public.hr_employees
	    ADD CONSTRAINT hr_employees_pkey PRIMARY KEY (id);
172.17.0.1 2026-10-03 20:47:41.171 UTC [96] supabase_admin@postgres LOG:  statement: ALTER TABLE ONLY public.hr_holidays
	    ADD CONSTRAINT hr_holidays_pkey PRIMARY KEY (id);
172.17.0.1 2026-10-03 20:47:41.171 UTC [96] supabase_admin@postgres LOG:  statement: ALTER TABLE ONLY public.hr_leave_allocations
	    ADD CONSTRAINT hr_leave_allocations_pkey PRIMARY KEY (id);
172.17.0.1 2026-10-03 20:47:41.172 UTC [96] supabase_admin@postgres LOG:  statement: ALTER TABLE ONLY public.hr_leave_requests
	    ADD CONSTRAINT hr_leave_requests_pkey PRIMARY KEY (id);
172.17.0.1 2026-10-03 20:47:41.172 UTC [96] supabase_admin@postgres LOG:  statement: ALTER TABLE ONLY public.hr_leave_types
	    ADD CONSTRAINT hr_leave_types_pkey PRIMARY KEY (id);
172.17.0.1 2026-10-03 20:47:41.173 UTC [96] supabase_admin@postgres LOG:  statement: ALTER TABLE ONLY public.hr_settings
	    ADD CONSTRAINT hr_settings_pkey PRIMARY KEY (org_id);
172.17.0.1 2026-10-03 20:47:41.173 UTC [96] supabase_admin@postgres LOG:  statement: ALTER TABLE ONLY public.hub_migrations
	    ADD CONSTRAINT hub_migrations_pkey PRIMARY KEY (version);
172.17.0.1 2026-10-03 20:47:41.174 UTC [96] supabase_admin@postgres LOG:  statement: ALTER TABLE ONLY public.identity_subscriptions
	    ADD CONSTRAINT identity_subscriptions_identity_id_subscriber_profile_id_key UNIQUE (identity_id, subscriber_profile_id);
172.17.0.1 2026-10-03 20:47:41.174 UTC [96] supabase_admin@postgres LOG:  statement: ALTER TABLE ONLY public.identity_subscriptions
	    ADD CONSTRAINT identity_subscriptions_pkey PRIMARY KEY (id);
172.17.0.1 2026-10-03 20:47:41.174 UTC [96] supabase_admin@postgres LOG:  statement: ALTER TABLE ONLY public.job_effect_batches
	    ADD CONSTRAINT job_effect_batches_pkey PRIMARY KEY (id);
172.17.0.1 2026-10-03 20:47:41.175 UTC [96] supabase_admin@postgres LOG:  statement: ALTER TABLE ONLY public.job_effect_pages
	    ADD CONSTRAINT job_effect_pages_pkey PRIMARY KEY (id);
172.17.0.1 2026-10-03 20:47:41.175 UTC [96] supabase_admin@postgres LOG:  statement: ALTER TABLE ONLY public.job_effect_units
	    ADD CONSTRAINT job_effect_units_pkey PRIMARY KEY (id);
172.17.0.1 2026-10-03 20:47:41.176 UTC [96] supabase_admin@postgres LOG:  statement: ALTER TABLE ONLY public.job_effects
	    ADD CONSTRAINT job_effects_pkey PRIMARY KEY (id);
172.17.0.1 2026-10-03 20:47:41.176 UTC [96] supabase_admin@postgres LOG:  statement: ALTER TABLE ONLY public.join_link
	    ADD CONSTRAINT join_link_pkey PRIMARY KEY (id);
172.17.0.1 2026-10-03 20:47:41.177 UTC [96] supabase_admin@postgres LOG:  statement: ALTER TABLE ONLY public.join_link
	    ADD CONSTRAINT join_link_token_unique UNIQUE (token);
172.17.0.1 2026-10-03 20:47:41.177 UTC [96] supabase_admin@postgres LOG:  statement: ALTER TABLE ONLY public.join_request
	    ADD CONSTRAINT join_request_pkey PRIMARY KEY (id);
172.17.0.1 2026-10-03 20:47:41.178 UTC [96] supabase_admin@postgres LOG:  statement: ALTER TABLE ONLY public.knowledge_chunks
	    ADD CONSTRAINT knowledge_chunks_org_document_key_uniq UNIQUE (org_id, document_id, chunk_key);
172.17.0.1 2026-10-03 20:47:41.178 UTC [96] supabase_admin@postgres LOG:  statement: ALTER TABLE ONLY public.knowledge_chunks
	    ADD CONSTRAINT knowledge_chunks_pkey PRIMARY KEY (id);
172.17.0.1 2026-10-03 20:47:41.179 UTC [96] supabase_admin@postgres LOG:  statement: ALTER TABLE ONLY public.knowledge_documents
	    ADD CONSTRAINT knowledge_documents_org_id_uniq UNIQUE (org_id, id);
172.17.0.1 2026-10-03 20:47:41.179 UTC [96] supabase_admin@postgres LOG:  statement: ALTER TABLE ONLY public.knowledge_documents
	    ADD CONSTRAINT knowledge_documents_org_source_external_uniq UNIQUE (org_id, source_id, external_id);
172.17.0.1 2026-10-03 20:47:41.179 UTC [96] supabase_admin@postgres LOG:  statement: ALTER TABLE ONLY public.knowledge_documents
	    ADD CONSTRAINT knowledge_documents_pkey PRIMARY KEY (id);
172.17.0.1 2026-10-03 20:47:41.180 UTC [96] supabase_admin@postgres LOG:  statement: ALTER TABLE ONLY public.knowledge_sources
	    ADD CONSTRAINT knowledge_sources_org_connector_key_uniq UNIQUE (org_id, connector, external_key);
172.17.0.1 2026-10-03 20:47:41.180 UTC [96] supabase_admin@postgres LOG:  statement: ALTER TABLE ONLY public.knowledge_sources
	    ADD CONSTRAINT knowledge_sources_org_id_uniq UNIQUE (org_id, id);
172.17.0.1 2026-10-03 20:47:41.181 UTC [96] supabase_admin@postgres LOG:  statement: ALTER TABLE ONLY public.knowledge_sources
	    ADD CONSTRAINT knowledge_sources_pkey PRIMARY KEY (id);
172.17.0.1 2026-10-03 20:47:41.182 UTC [96] supabase_admin@postgres LOG:  statement: ALTER TABLE ONLY public.marketplace_agents
	    ADD CONSTRAINT marketplace_agents_pkey PRIMARY KEY (id);
172.17.0.1 2026-10-03 20:47:41.182 UTC [96] supabase_admin@postgres LOG:  statement: ALTER TABLE ONLY public.marketplace_installs
	    ADD CONSTRAINT marketplace_installs_pkey PRIMARY KEY (id);
172.17.0.1 2026-10-03 20:47:41.183 UTC [96] supabase_admin@postgres LOG:  statement: ALTER TABLE ONLY public.member_roles
	    ADD CONSTRAINT member_roles_pkey PRIMARY KEY (org_id, profile_id, role_key);
172.17.0.1 2026-10-03 20:47:41.184 UTC [96] supabase_admin@postgres LOG:  statement: ALTER TABLE ONLY public.membership_cycles
	    ADD CONSTRAINT membership_cycles_pkey PRIMARY KEY (id);
172.17.0.1 2026-10-03 20:47:41.185 UTC [96] supabase_admin@postgres LOG:  statement: ALTER TABLE ONLY public.membership_plans
	    ADD CONSTRAINT membership_plans_pkey PRIMARY KEY (id);
172.17.0.1 2026-10-03 20:47:41.185 UTC [96] supabase_admin@postgres LOG:  statement: ALTER TABLE ONLY public.memberships
	    ADD CONSTRAINT memberships_pkey PRIMARY KEY (id);
172.17.0.1 2026-10-03 20:47:41.186 UTC [96] supabase_admin@postgres LOG:  statement: ALTER TABLE ONLY public.messages
	    ADD CONSTRAINT messages_pkey PRIMARY KEY (id);
172.17.0.1 2026-10-03 20:47:41.187 UTC [96] supabase_admin@postgres LOG:  statement: ALTER TABLE ONLY public.meta_ad_insights
	    ADD CONSTRAINT meta_ad_insights_pkey PRIMARY KEY (id);
172.17.0.1 2026-10-03 20:47:41.188 UTC [96] supabase_admin@postgres LOG:  statement: ALTER TABLE ONLY public.meta_ad_posts
	    ADD CONSTRAINT meta_ad_posts_pkey PRIMARY KEY (org_id, ad_id);
172.17.0.1 2026-10-03 20:47:41.188 UTC [96] supabase_admin@postgres LOG:  statement: ALTER TABLE ONLY public.meta_assets
	    ADD CONSTRAINT meta_assets_pkey PRIMARY KEY (id);
172.17.0.1 2026-10-03 20:47:41.189 UTC [96] supabase_admin@postgres LOG:  statement: ALTER TABLE ONLY public.meta_connections
	    ADD CONSTRAINT meta_connections_pkey PRIMARY KEY (id);
172.17.0.1 2026-10-03 20:47:41.190 UTC [96] supabase_admin@postgres LOG:  statement: ALTER TABLE ONLY public.meta_lead_attribution
	    ADD CONSTRAINT meta_lead_attribution_org_id_channel_sender_id_key UNIQUE (org_id, channel, sender_id);
172.17.0.1 2026-10-03 20:47:41.191 UTC [96] supabase_admin@postgres LOG:  statement: ALTER TABLE ONLY public.meta_lead_attribution
	    ADD CONSTRAINT meta_lead_attribution_pkey PRIMARY KEY (id);
172.17.0.1 2026-10-03 20:47:41.191 UTC [96] supabase_admin@postgres LOG:  statement: ALTER TABLE ONLY public.meta_post_insights
	    ADD CONSTRAINT meta_post_insights_pkey PRIMARY KEY (id);
172.17.0.1 2026-10-03 20:47:41.192 UTC [96] supabase_admin@postgres LOG:  statement: ALTER TABLE ONLY public.meta_post_media
	    ADD CONSTRAINT meta_post_media_pkey PRIMARY KEY (org_id, platform, post_id);
172.17.0.1 2026-10-03 20:47:41.193 UTC [96] supabase_admin@postgres LOG:  statement: ALTER TABLE ONLY public.meta_sync_jobs
	    ADD CONSTRAINT meta_sync_jobs_pkey PRIMARY KEY (id);
172.17.0.1 2026-10-03 20:47:41.194 UTC [96] supabase_admin@postgres LOG:  statement: ALTER TABLE ONLY public.missions
	    ADD CONSTRAINT missions_pkey PRIMARY KEY (id);
172.17.0.1 2026-10-03 20:47:41.195 UTC [96] supabase_admin@postgres LOG:  statement: ALTER TABLE ONLY public.naming_series_counters
	    ADD CONSTRAINT naming_series_counters_pkey PRIMARY KEY (org_id, prefix);
172.17.0.1 2026-10-03 20:47:41.196 UTC [96] supabase_admin@postgres LOG:  statement: ALTER TABLE ONLY public.notes
	    ADD CONSTRAINT notes_pkey PRIMARY KEY (id);
172.17.0.1 2026-10-03 20:47:41.196 UTC [96] supabase_admin@postgres LOG:  statement: ALTER TABLE ONLY public.notif_log
	    ADD CONSTRAINT notif_log_pkey PRIMARY KEY (id);
172.17.0.1 2026-10-03 20:47:41.197 UTC [96] supabase_admin@postgres LOG:  statement: ALTER TABLE ONLY public.notif_rules
	    ADD CONSTRAINT notif_rules_pkey PRIMARY KEY (id);
172.17.0.1 2026-10-03 20:47:41.198 UTC [96] supabase_admin@postgres LOG:  statement: ALTER TABLE ONLY public.org_areas
	    ADD CONSTRAINT org_areas_pkey PRIMARY KEY (id);
172.17.0.1 2026-10-03 20:47:41.198 UTC [96] supabase_admin@postgres LOG:  statement: ALTER TABLE ONLY public.org_provision_runs
	    ADD CONSTRAINT org_provision_runs_pkey PRIMARY KEY (org_id);
172.17.0.1 2026-10-03 20:47:41.199 UTC [96] supabase_admin@postgres LOG:  statement: ALTER TABLE ONLY public.org_roles
	    ADD CONSTRAINT org_roles_pkey PRIMARY KEY (org_id, key);
172.17.0.1 2026-10-03 20:47:41.200 UTC [96] supabase_admin@postgres LOG:  statement: ALTER TABLE ONLY public.organization_members
	    ADD CONSTRAINT organization_members_pkey PRIMARY KEY (organization_id, profile_id);
172.17.0.1 2026-10-03 20:47:41.201 UTC [96] supabase_admin@postgres LOG:  statement: ALTER TABLE ONLY public.organizations
	    ADD CONSTRAINT organizations_pkey PRIMARY KEY (id);
172.17.0.1 2026-10-03 20:47:41.202 UTC [96] supabase_admin@postgres LOG:  statement: ALTER TABLE ONLY public.organizations
	    ADD CONSTRAINT organizations_slug_key UNIQUE (slug);
172.17.0.1 2026-10-03 20:47:41.202 UTC [96] supabase_admin@postgres LOG:  statement: ALTER TABLE ONLY public.parties
	    ADD CONSTRAINT parties_pkey PRIMARY KEY (id);
172.17.0.1 2026-10-03 20:47:41.203 UTC [96] supabase_admin@postgres LOG:  statement: ALTER TABLE ONLY public.pending_channel_claims
	    ADD CONSTRAINT pending_channel_claims_pkey PRIMARY KEY (id);
172.17.0.1 2026-10-03 20:47:41.204 UTC [96] supabase_admin@postgres LOG:  statement: ALTER TABLE ONLY public.permission_roles
	    ADD CONSTRAINT permission_roles_pkey PRIMARY KEY (key);
172.17.0.1 2026-10-03 20:47:41.205 UTC [96] supabase_admin@postgres LOG:  statement: ALTER TABLE ONLY public.permission_rules
	    ADD CONSTRAINT permission_rules_pkey PRIMARY KEY (id);
172.17.0.1 2026-10-03 20:47:41.205 UTC [96] supabase_admin@postgres LOG:  statement: ALTER TABLE ONLY public.personal_agents
	    ADD CONSTRAINT personal_agents_pkey PRIMARY KEY (id);
172.17.0.1 2026-10-03 20:47:41.206 UTC [96] supabase_admin@postgres LOG:  statement: ALTER TABLE ONLY public.personal_agents
	    ADD CONSTRAINT personal_agents_profile_id_unique UNIQUE (profile_id);
172.17.0.1 2026-10-03 20:47:41.207 UTC [96] supabase_admin@postgres LOG:  statement: ALTER TABLE ONLY public.plugin_org_disabled
	    ADD CONSTRAINT plugin_org_disabled_pkey PRIMARY KEY (org_id, gateway_id, plugin_id);
172.17.0.1 2026-10-03 20:47:41.208 UTC [96] supabase_admin@postgres LOG:  statement: ALTER TABLE ONLY public.pos_client_ledger
	    ADD CONSTRAINT pos_client_ledger_pkey PRIMARY KEY (id);
172.17.0.1 2026-10-03 20:47:41.209 UTC [96] supabase_admin@postgres LOG:  statement: ALTER TABLE ONLY public.pos_emissions
	    ADD CONSTRAINT pos_emissions_pkey PRIMARY KEY (id);
172.17.0.1 2026-10-03 20:47:41.210 UTC [96] supabase_admin@postgres LOG:  statement: ALTER TABLE ONLY public.pos_package_grants
	    ADD CONSTRAINT pos_package_grants_pkey PRIMARY KEY (id);
172.17.0.1 2026-10-03 20:47:41.210 UTC [96] supabase_admin@postgres LOG:  statement: ALTER TABLE ONLY public.pos_package_redemptions
	    ADD CONSTRAINT pos_package_redemptions_pkey PRIMARY KEY (id);
172.17.0.1 2026-10-03 20:47:41.211 UTC [96] supabase_admin@postgres LOG:  statement: ALTER TABLE ONLY public.pos_payment_plans
	    ADD CONSTRAINT pos_payment_plans_pkey PRIMARY KEY (id);
172.17.0.1 2026-10-03 20:47:41.212 UTC [96] supabase_admin@postgres LOG:  statement: ALTER TABLE ONLY public.pos_payments
	    ADD CONSTRAINT pos_payments_pkey PRIMARY KEY (id);
172.17.0.1 2026-10-03 20:47:41.212 UTC [96] supabase_admin@postgres LOG:  statement: ALTER TABLE ONLY public.pos_series
	    ADD CONSTRAINT pos_series_pkey PRIMARY KEY (id);
172.17.0.1 2026-10-03 20:47:41.213 UTC [96] supabase_admin@postgres LOG:  statement: ALTER TABLE ONLY public.pos_settings
	    ADD CONSTRAINT pos_settings_pkey PRIMARY KEY (org_id);
172.17.0.1 2026-10-03 20:47:41.214 UTC [96] supabase_admin@postgres LOG:  statement: ALTER TABLE ONLY public.pos_shifts
	    ADD CONSTRAINT pos_shifts_pkey PRIMARY KEY (id);
172.17.0.1 2026-10-03 20:47:41.215 UTC [96] supabase_admin@postgres LOG:  statement: ALTER TABLE ONLY public.pos_ticket_lines
	    ADD CONSTRAINT pos_ticket_lines_pkey PRIMARY KEY (id);
172.17.0.1 2026-10-03 20:47:41.215 UTC [96] supabase_admin@postgres LOG:  statement: ALTER TABLE ONLY public.pos_tickets
	    ADD CONSTRAINT pos_tickets_pkey PRIMARY KEY (id);
172.17.0.1 2026-10-03 20:47:41.216 UTC [96] supabase_admin@postgres LOG:  statement: ALTER TABLE ONLY public.profiles
	    ADD CONSTRAINT profiles_pkey PRIMARY KEY (id);
172.17.0.1 2026-10-03 20:47:41.217 UTC [96] supabase_admin@postgres LOG:  statement: ALTER TABLE ONLY public.proj_projects
	    ADD CONSTRAINT proj_projects_pkey PRIMARY KEY (id);
172.17.0.1 2026-10-03 20:47:41.217 UTC [96] supabase_admin@postgres LOG:  statement: ALTER TABLE ONLY public.proj_tasks
	    ADD CONSTRAINT proj_tasks_pkey PRIMARY KEY (id);
172.17.0.1 2026-10-03 20:47:41.218 UTC [96] supabase_admin@postgres LOG:  statement: ALTER TABLE ONLY public.proj_templates
	    ADD CONSTRAINT proj_templates_pkey PRIMARY KEY (id);
172.17.0.1 2026-10-03 20:47:41.218 UTC [96] supabase_admin@postgres LOG:  statement: ALTER TABLE ONLY public.proj_timesheets
	    ADD CONSTRAINT proj_timesheets_pkey PRIMARY KEY (id);
172.17.0.1 2026-10-03 20:47:41.219 UTC [96] supabase_admin@postgres LOG:  statement: ALTER TABLE ONLY public.pulse_proposals
	    ADD CONSTRAINT pulse_proposals_org_id_dedup_key_key UNIQUE (org_id, dedup_key);
172.17.0.1 2026-10-03 20:47:41.220 UTC [96] supabase_admin@postgres LOG:  statement: ALTER TABLE ONLY public.pulse_proposals
	    ADD CONSTRAINT pulse_proposals_pkey PRIMARY KEY (id);
172.17.0.1 2026-10-03 20:47:41.221 UTC [96] supabase_admin@postgres LOG:  statement: ALTER TABLE ONLY public.pulse_settings
	    ADD CONSTRAINT pulse_settings_pkey PRIMARY KEY (org_id);
172.17.0.1 2026-10-03 20:47:41.221 UTC [96] supabase_admin@postgres LOG:  statement: ALTER TABLE ONLY public.sales_orders
	    ADD CONSTRAINT sales_orders_pkey PRIMARY KEY (id);
172.17.0.1 2026-10-03 20:47:41.222 UTC [96] supabase_admin@postgres LOG:  statement: ALTER TABLE ONLY public.sched_availability
	    ADD CONSTRAINT sched_availability_pkey PRIMARY KEY (id);
172.17.0.1 2026-10-03 20:47:41.223 UTC [96] supabase_admin@postgres LOG:  statement: ALTER TABLE ONLY public.sched_booking_status_log
	    ADD CONSTRAINT sched_booking_status_log_pkey PRIMARY KEY (id);
172.17.0.1 2026-10-03 20:47:41.224 UTC [96] supabase_admin@postgres LOG:  statement: ALTER TABLE ONLY public.sched_bookings
	    ADD CONSTRAINT sched_bookings_pkey PRIMARY KEY (id);
172.17.0.1 2026-10-03 20:47:41.224 UTC [96] supabase_admin@postgres LOG:  statement: ALTER TABLE ONLY public.sched_event_kinds
	    ADD CONSTRAINT sched_event_kinds_pkey PRIMARY KEY (id);
172.17.0.1 2026-10-03 20:47:41.225 UTC [96] supabase_admin@postgres LOG:  statement: ALTER TABLE ONLY public.sched_event_type_resources
	    ADD CONSTRAINT sched_event_type_resources_pkey PRIMARY KEY (event_type_id, resource_id);
172.17.0.1 2026-10-03 20:47:41.226 UTC [96] supabase_admin@postgres LOG:  statement: ALTER TABLE ONLY public.sched_event_types
	    ADD CONSTRAINT sched_event_types_pkey PRIMARY KEY (id);
172.17.0.1 2026-10-03 20:47:41.226 UTC [96] supabase_admin@postgres LOG:  statement: ALTER TABLE ONLY public.sched_links
	    ADD CONSTRAINT sched_links_pkey PRIMARY KEY (id);
172.17.0.1 2026-10-03 20:47:41.227 UTC [96] supabase_admin@postgres LOG:  statement: ALTER TABLE ONLY public.sched_reminder_config
	    ADD CONSTRAINT sched_reminder_config_pkey PRIMARY KEY (org_id);
172.17.0.1 2026-10-03 20:47:41.227 UTC [96] supabase_admin@postgres LOG:  statement: ALTER TABLE ONLY public.sched_reminders
	    ADD CONSTRAINT sched_reminders_pkey PRIMARY KEY (id);
172.17.0.1 2026-10-03 20:47:41.227 UTC [96] supabase_admin@postgres LOG:  statement: ALTER TABLE ONLY public.sched_resources
	    ADD CONSTRAINT sched_resources_pkey PRIMARY KEY (id);
172.17.0.1 2026-10-03 20:47:41.228 UTC [96] supabase_admin@postgres LOG:  statement: ALTER TABLE ONLY public.sched_schedules
	    ADD CONSTRAINT sched_schedules_pkey PRIMARY KEY (id);
172.17.0.1 2026-10-03 20:47:41.228 UTC [96] supabase_admin@postgres LOG:  statement: ALTER TABLE ONLY public.server_backups
	    ADD CONSTRAINT server_backups_pkey PRIMARY KEY (id);
172.17.0.1 2026-10-03 20:47:41.229 UTC [96] supabase_admin@postgres LOG:  statement: ALTER TABLE ONLY public.server_provision_configs
	    ADD CONSTRAINT server_provision_configs_pkey PRIMARY KEY (id);
172.17.0.1 2026-10-03 20:47:41.229 UTC [96] supabase_admin@postgres LOG:  statement: ALTER TABLE ONLY public.session_tasks
	    ADD CONSTRAINT session_tasks_pkey PRIMARY KEY (id);
172.17.0.1 2026-10-03 20:47:41.230 UTC [96] supabase_admin@postgres LOG:  statement: ALTER TABLE ONLY public.sessions
	    ADD CONSTRAINT sessions_pkey PRIMARY KEY (id);
172.17.0.1 2026-10-03 20:47:41.230 UTC [96] supabase_admin@postgres LOG:  statement: ALTER TABLE ONLY public.settings
	    ADD CONSTRAINT settings_pkey PRIMARY KEY (id);
172.17.0.1 2026-10-03 20:47:41.230 UTC [96] supabase_admin@postgres LOG:  statement: ALTER TABLE ONLY public.skill_execution_stats
	    ADD CONSTRAINT skill_execution_stats_pkey PRIMARY KEY (id);
172.17.0.1 2026-10-03 20:47:41.231 UTC [96] supabase_admin@postgres LOG:  statement: ALTER TABLE ONLY public.skills
	    ADD CONSTRAINT skills_skill_key_gateway_id_pk PRIMARY KEY (skill_key, gateway_id);
172.17.0.1 2026-10-03 20:47:41.231 UTC [96] supabase_admin@postgres LOG:  statement: ALTER TABLE ONLY public.stk_accruals
	    ADD CONSTRAINT stk_accruals_pkey PRIMARY KEY (id);
172.17.0.1 2026-10-03 20:47:41.232 UTC [96] supabase_admin@postgres LOG:  statement: ALTER TABLE ONLY public.stk_bins
	    ADD CONSTRAINT stk_bins_pkey PRIMARY KEY (org_id, item_id, warehouse_id);
172.17.0.1 2026-10-03 20:47:41.232 UTC [96] supabase_admin@postgres LOG:  statement: ALTER TABLE ONLY public.stk_consumption
	    ADD CONSTRAINT stk_consumption_org_id_fin_product_id_item_id_key UNIQUE (org_id, fin_product_id, item_id);
172.17.0.1 2026-10-03 20:47:41.233 UTC [96] supabase_admin@postgres LOG:  statement: ALTER TABLE ONLY public.stk_consumption
	    ADD CONSTRAINT stk_consumption_pkey PRIMARY KEY (id);
172.17.0.1 2026-10-03 20:47:41.233 UTC [96] supabase_admin@postgres LOG:  statement: ALTER TABLE ONLY public.stk_entries
	    ADD CONSTRAINT stk_entries_pkey PRIMARY KEY (id);
172.17.0.1 2026-10-03 20:47:41.233 UTC [96] supabase_admin@postgres LOG:  statement: ALTER TABLE ONLY public.stk_entry_lines
	    ADD CONSTRAINT stk_entry_lines_pkey PRIMARY KEY (id);
172.17.0.1 2026-10-03 20:47:41.234 UTC [96] supabase_admin@postgres LOG:  statement: ALTER TABLE ONLY public.stk_item_components
	    ADD CONSTRAINT stk_item_components_org_id_parent_item_id_child_item_id_key UNIQUE (org_id, parent_item_id, child_item_id);
172.17.0.1 2026-10-03 20:47:41.234 UTC [96] supabase_admin@postgres LOG:  statement: ALTER TABLE ONLY public.stk_item_components
	    ADD CONSTRAINT stk_item_components_pkey PRIMARY KEY (id);
172.17.0.1 2026-10-03 20:47:41.235 UTC [96] supabase_admin@postgres LOG:  statement: ALTER TABLE ONLY public.stk_items
	    ADD CONSTRAINT stk_items_pkey PRIMARY KEY (id);
172.17.0.1 2026-10-03 20:47:41.236 UTC [96] supabase_admin@postgres LOG:  statement: ALTER TABLE ONLY public.stk_ledger
	    ADD CONSTRAINT stk_ledger_pkey PRIMARY KEY (id);
172.17.0.1 2026-10-03 20:47:41.236 UTC [96] supabase_admin@postgres LOG:  statement: ALTER TABLE ONLY public.stk_warehouses
	    ADD CONSTRAINT stk_warehouses_pkey PRIMARY KEY (id);
172.17.0.1 2026-10-03 20:47:41.237 UTC [96] supabase_admin@postgres LOG:  statement: ALTER TABLE ONLY public.support_issues
	    ADD CONSTRAINT support_issues_pkey PRIMARY KEY (id);
172.17.0.1 2026-10-03 20:47:41.238 UTC [96] supabase_admin@postgres LOG:  statement: ALTER TABLE ONLY public.support_settings
	    ADD CONSTRAINT support_settings_pkey PRIMARY KEY (org_id);
172.17.0.1 2026-10-03 20:47:41.238 UTC [96] supabase_admin@postgres LOG:  statement: ALTER TABLE ONLY public.tag_links
	    ADD CONSTRAINT tag_links_pkey PRIMARY KEY (entity_kind, entity_id, tag_id);
172.17.0.1 2026-10-03 20:47:41.239 UTC [96] supabase_admin@postgres LOG:  statement: ALTER TABLE ONLY public.tasks
	    ADD CONSTRAINT tasks_pkey PRIMARY KEY (id);
172.17.0.1 2026-10-03 20:47:41.240 UTC [96] supabase_admin@postgres LOG:  statement: ALTER TABLE ONLY public.user_agents
	    ADD CONSTRAINT user_agents_user_id_agent_id_gateway_id_pk PRIMARY KEY (user_id, agent_id, gateway_id);
172.17.0.1 2026-10-03 20:47:41.240 UTC [96] supabase_admin@postgres LOG:  statement: ALTER TABLE ONLY public.user_gateway
	    ADD CONSTRAINT user_gateway_profile_id_gateway_id_pk PRIMARY KEY (profile_id, gateway_id);
172.17.0.1 2026-10-03 20:47:41.241 UTC [96] supabase_admin@postgres LOG:  statement: ALTER TABLE ONLY public.user_identities
	    ADD CONSTRAINT user_identities_pkey PRIMARY KEY (id);
172.17.0.1 2026-10-03 20:47:41.242 UTC [96] supabase_admin@postgres LOG:  statement: ALTER TABLE ONLY public.user_preferences
	    ADD CONSTRAINT user_preferences_pkey PRIMARY KEY (id);
172.17.0.1 2026-10-03 20:47:41.242 UTC [96] supabase_admin@postgres LOG:  statement: ALTER TABLE ONLY public.workflow_defs
	    ADD CONSTRAINT workflow_defs_pkey PRIMARY KEY (id);
172.17.0.1 2026-10-03 20:47:41.243 UTC [96] supabase_admin@postgres LOG:  statement: ALTER TABLE ONLY public.workshop_comparison_outputs
	    ADD CONSTRAINT workshop_comparison_outputs_pkey PRIMARY KEY (id);
172.17.0.1 2026-10-03 20:47:41.244 UTC [96] supabase_admin@postgres LOG:  statement: ALTER TABLE ONLY public.workshop_comparison_runs
	    ADD CONSTRAINT workshop_comparison_runs_pkey PRIMARY KEY (id);
172.17.0.1 2026-10-03 20:47:41.245 UTC [96] supabase_admin@postgres LOG:  statement: ALTER TABLE ONLY public.workshop_groupchat_agents
	    ADD CONSTRAINT workshop_groupchat_agents_pkey PRIMARY KEY (id);
172.17.0.1 2026-10-03 20:47:41.245 UTC [96] supabase_admin@postgres LOG:  statement: ALTER TABLE ONLY public.workshop_groupchat_messages
	    ADD CONSTRAINT workshop_groupchat_messages_pkey PRIMARY KEY (id);
172.17.0.1 2026-10-03 20:47:41.246 UTC [96] supabase_admin@postgres LOG:  statement: ALTER TABLE ONLY public.workshop_groupchat_runs
	    ADD CONSTRAINT workshop_groupchat_runs_pkey PRIMARY KEY (id);
172.17.0.1 2026-10-03 20:47:41.247 UTC [96] supabase_admin@postgres LOG:  statement: ALTER TABLE ONLY public.workshop_prompt_categories
	    ADD CONSTRAINT workshop_prompt_categories_pkey PRIMARY KEY (id);
172.17.0.1 2026-10-03 20:47:41.247 UTC [96] supabase_admin@postgres LOG:  statement: ALTER TABLE ONLY public.workshop_rankings
	    ADD CONSTRAINT workshop_rankings_pkey PRIMARY KEY (id);
172.17.0.1 2026-10-03 20:47:41.248 UTC [96] supabase_admin@postgres LOG:  statement: ALTER TABLE ONLY public.workshop_saves
	    ADD CONSTRAINT workshop_saves_pkey PRIMARY KEY (id);
172.17.0.1 2026-10-03 20:47:41.249 UTC [96] supabase_admin@postgres LOG:  statement: ALTER TABLE ONLY public.workspace_membership
	    ADD CONSTRAINT workspace_membership_user_id_paperclip_company_id_pk PRIMARY KEY (user_id, paperclip_company_id);
172.17.0.1 2026-10-03 20:47:41.249 UTC [96] supabase_admin@postgres LOG:  statement: CREATE INDEX agent_artifact_revisions_org_artifact_idx ON public.agent_artifact_revisions USING btree (org_id, artifact_id, version);
172.17.0.1 2026-10-03 20:47:41.250 UTC [96] supabase_admin@postgres LOG:  statement: CREATE INDEX agent_artifacts_org_agent_idx ON public.agent_artifacts USING btree (org_id, agent_id);
172.17.0.1 2026-10-03 20:47:41.251 UTC [96] supabase_admin@postgres LOG:  statement: CREATE INDEX agent_memories_org_agent_idx ON public.agent_memories USING btree (org_id, agent_id);
172.17.0.1 2026-10-03 20:47:41.251 UTC [96] supabase_admin@postgres LOG:  statement: CREATE INDEX agent_memories_org_category_idx ON public.agent_memories USING btree (org_id, category);
172.17.0.1 2026-10-03 20:47:41.252 UTC [96] supabase_admin@postgres LOG:  statement: CREATE INDEX agent_memories_org_time_idx ON public.agent_memories USING btree (org_id, created_at);
172.17.0.1 2026-10-03 20:47:41.253 UTC [96] supabase_admin@postgres LOG:  statement: CREATE UNIQUE INDEX agent_memories_source_uniq ON public.agent_memories USING btree (org_id, source, source_id) WHERE (source_id IS NOT NULL);
172.17.0.1 2026-10-03 20:47:41.253 UTC [96] supabase_admin@postgres LOG:  statement: CREATE INDEX ai_usage_created_idx ON public.ai_usage USING btree (created_at);
172.17.0.1 2026-10-03 20:47:41.254 UTC [96] supabase_admin@postgres LOG:  statement: CREATE INDEX ai_usage_org_created_idx ON public.ai_usage USING btree (org_id, created_at);
172.17.0.1 2026-10-03 20:47:41.255 UTC [96] supabase_admin@postgres LOG:  statement: CREATE INDEX assignment_rules_org_idx ON public.assignment_rules USING btree (org_id, doc_type, enabled);
172.17.0.1 2026-10-03 20:47:41.255 UTC [96] supabase_admin@postgres LOG:  statement: CREATE INDEX attachment_file_state_pending_idx ON public.attachment_file_state USING btree (org_id, COALESCE(delete_attempted_at, delete_requested_at), file_id) WHERE (state = 'deleting'::text);
172.17.0.1 2026-10-03 20:47:41.256 UTC [96] supabase_admin@postgres LOG:  statement: CREATE INDEX attachment_links_org_file_idx ON public.attachment_links USING btree (org_id, file_id);
172.17.0.1 2026-10-03 20:47:41.257 UTC [96] supabase_admin@postgres LOG:  statement: CREATE INDEX attachment_links_org_object_idx ON public.attachment_links USING btree (org_id, object_type, object_id);
172.17.0.1 2026-10-03 20:47:41.257 UTC [96] supabase_admin@postgres LOG:  statement: CREATE INDEX attachment_trash_org_file_hidden_idx ON public.attachment_trash USING btree (org_id, file_id, hidden_at);
172.17.0.1 2026-10-03 20:47:41.258 UTC [96] supabase_admin@postgres LOG:  statement: CREATE INDEX attachment_trash_org_object_idx ON public.attachment_trash USING btree (org_id, object_type, object_id);
172.17.0.1 2026-10-03 20:47:41.259 UTC [96] supabase_admin@postgres LOG:  statement: CREATE INDEX brain_access_org_brain_idx ON public.brain_access USING btree (org_id, brain_id);
172.17.0.1 2026-10-03 20:47:41.259 UTC [96] supabase_admin@postgres LOG:  statement: CREATE INDEX brain_chunks_document_idx ON public.brain_chunks USING btree (document_id);
172.17.0.1 2026-10-03 20:47:41.260 UTC [96] supabase_admin@postgres LOG:  statement: CREATE INDEX brain_chunks_embedding_hnsw ON public.brain_chunks USING hnsw (embedding public.vector_cosine_ops);
172.17.0.1 2026-10-03 20:47:41.261 UTC [96] supabase_admin@postgres LOG:  statement: CREATE INDEX brain_chunks_org_brain_idx ON public.brain_chunks USING btree (org_id, brain_id);
172.17.0.1 2026-10-03 20:47:41.262 UTC [96] supabase_admin@postgres LOG:  statement: CREATE INDEX brain_documents_org_brain_idx ON public.brain_documents USING btree (org_id, brain_id);
172.17.0.1 2026-10-03 20:47:41.263 UTC [96] supabase_admin@postgres LOG:  statement: CREATE INDEX brain_sources_org_brain_idx ON public.brain_sources USING btree (org_id, brain_id);
172.17.0.1 2026-10-03 20:47:41.263 UTC [96] supabase_admin@postgres LOG:  statement: CREATE INDEX brain_sources_org_source_idx ON public.brain_sources USING btree (org_id, source_id);
172.17.0.1 2026-10-03 20:47:41.264 UTC [96] supabase_admin@postgres LOG:  statement: CREATE UNIQUE INDEX brain_vector_generations_one_active_uniq ON public.brain_vector_generations USING btree (is_active) WHERE is_active;
172.17.0.1 2026-10-03 20:47:41.264 UTC [96] supabase_admin@postgres LOG:  statement: CREATE INDEX brain_vector_outbox_claim_idx ON public.brain_vector_outbox USING btree (available_at, updated_at) WHERE (status = 'queued'::text);
172.17.0.1 2026-10-03 20:47:41.265 UTC [96] supabase_admin@postgres LOG:  statement: CREATE INDEX brain_vector_outbox_expired_lease_idx ON public.brain_vector_outbox USING btree (lease_until) WHERE (status = 'running'::text);
172.17.0.1 2026-10-03 20:47:41.266 UTC [96] supabase_admin@postgres LOG:  statement: CREATE INDEX brain_vector_outbox_org_idx ON public.brain_vector_outbox USING btree (org_id, collection_generation);
172.17.0.1 2026-10-03 20:47:41.266 UTC [96] supabase_admin@postgres LOG:  statement: CREATE UNIQUE INDEX brains_org_id_uniq ON public.brains USING btree (org_id, id);
172.17.0.1 2026-10-03 20:47:41.267 UTC [96] supabase_admin@postgres LOG:  statement: CREATE INDEX brains_org_idx ON public.brains USING btree (org_id);
172.17.0.1 2026-10-03 20:47:41.267 UTC [96] supabase_admin@postgres LOG:  statement: CREATE UNIQUE INDEX brains_org_master_uniq ON public.brains USING btree (org_id) WHERE (kind = 'master'::text);
172.17.0.1 2026-10-03 20:47:41.268 UTC [96] supabase_admin@postgres LOG:  statement: CREATE UNIQUE INDEX channel_assign_uniq ON public.channel_assignments USING btree (channel_id, target_type, target_id);
172.17.0.1 2026-10-03 20:47:41.269 UTC [96] supabase_admin@postgres LOG:  statement: CREATE UNIQUE INDEX channel_bindings_uniq ON public.channel_bindings USING btree (channel_id, match_kind, match_peer);
172.17.0.1 2026-10-03 20:47:41.269 UTC [96] supabase_admin@postgres LOG:  statement: CREATE UNIQUE INDEX channel_pairing_uniq_sender ON public.channel_pairing_requests USING btree (tenant_id, gateway_id, channel_type, account_id, sender_id);
172.17.0.1 2026-10-03 20:47:41.270 UTC [96] supabase_admin@postgres LOG:  statement: CREATE INDEX channels_owner_profile_idx ON public.channels USING btree (owner_profile_id);
172.17.0.1 2026-10-03 20:47:41.271 UTC [96] supabase_admin@postgres LOG:  statement: CREATE UNIQUE INDEX channels_uniq_type_account ON public.channels USING btree (tenant_id, gateway_id, type, account_id);
172.17.0.1 2026-10-03 20:47:41.272 UTC [96] supabase_admin@postgres LOG:  statement: CREATE UNIQUE INDEX channels_uniq_type_label ON public.channels USING btree (tenant_id, gateway_id, type, label);
172.17.0.1 2026-10-03 20:47:41.272 UTC [96] supabase_admin@postgres LOG:  statement: CREATE INDEX crm_activities_contact_idx ON public.crm_activities USING btree (contact_id, occurred_at);
172.17.0.1 2026-10-03 20:47:41.273 UTC [96] supabase_admin@postgres LOG:  statement: CREATE INDEX crm_activities_org_idx ON public.crm_activities USING btree (org_id, occurred_at);
172.17.0.1 2026-10-03 20:47:41.273 UTC [96] supabase_admin@postgres LOG:  statement: CREATE INDEX crm_contact_activity_stats_org_count_idx ON public.crm_contact_activity_stats USING btree (org_id, message_count DESC, contact_id);
172.17.0.1 2026-10-03 20:47:41.274 UTC [96] supabase_admin@postgres LOG:  statement: CREATE INDEX crm_contact_activity_stats_org_last_idx ON public.crm_contact_activity_stats USING btree (org_id, last_contact_at DESC, contact_id);
172.17.0.1 2026-10-03 20:47:41.275 UTC [96] supabase_admin@postgres LOG:  statement: CREATE INDEX crm_contact_identities_contact_idx ON public.crm_contact_identities USING btree (contact_id);
172.17.0.1 2026-10-03 20:47:41.275 UTC [96] supabase_admin@postgres LOG:  statement: CREATE INDEX crm_contact_identities_lookup_idx ON public.crm_contact_identities USING btree (org_id, channel, external_id);
172.17.0.1 2026-10-03 20:47:41.276 UTC [96] supabase_admin@postgres LOG:  statement: CREATE UNIQUE INDEX crm_contact_identity_uniq ON public.crm_contact_identities USING btree (org_id, channel, external_id);
172.17.0.1 2026-10-03 20:47:41.276 UTC [96] supabase_admin@postgres LOG:  statement: CREATE INDEX crm_contact_tags_tag_idx ON public.crm_contact_tags USING btree (tag_id);
172.17.0.1 2026-10-03 20:47:41.277 UTC [96] supabase_admin@postgres LOG:  statement: CREATE UNIQUE INDEX crm_contacts_human_id_uniq ON public.crm_contacts USING btree (org_id, human_id) WHERE (human_id IS NOT NULL);
172.17.0.1 2026-10-03 20:47:41.278 UTC [96] supabase_admin@postgres LOG:  statement: CREATE INDEX crm_contacts_org_recent_idx ON public.crm_contacts USING btree (org_id, updated_at);
172.17.0.1 2026-10-03 20:47:41.278 UTC [96] supabase_admin@postgres LOG:  statement: CREATE INDEX crm_contacts_party_idx ON public.crm_contacts USING btree (party_id);
172.17.0.1 2026-10-03 20:47:41.279 UTC [96] supabase_admin@postgres LOG:  statement: CREATE INDEX crm_contacts_profile_idx ON public.crm_contacts USING btree (profile_id);
172.17.0.1 2026-10-03 20:47:41.279 UTC [96] supabase_admin@postgres LOG:  statement: CREATE INDEX crm_conversation_analysis_org_last_idx ON public.crm_conversation_analysis USING btree (org_id, last_at DESC);
172.17.0.1 2026-10-03 20:47:41.280 UTC [96] supabase_admin@postgres LOG:  statement: CREATE INDEX crm_conversation_analysis_over_answered_idx ON public.crm_conversation_analysis USING btree (org_id, over_answered);
172.17.0.1 2026-10-03 20:47:41.280 UTC [96] supabase_admin@postgres LOG:  statement: CREATE INDEX crm_conversation_chunks_org_chat_idx ON public.crm_conversation_chunks USING btree (org_id, channel, chat_id);
172.17.0.1 2026-10-03 20:47:41.281 UTC [96] supabase_admin@postgres LOG:  statement: CREATE UNIQUE INDEX crm_conversation_chunks_uniq ON public.crm_conversation_chunks USING btree (org_id, channel, chat_id, chunk_index);
172.17.0.1 2026-10-03 20:47:41.282 UTC [96] supabase_admin@postgres LOG:  statement: CREATE INDEX crm_conversation_index_ingested_idx ON public.crm_conversation_index USING btree (org_id, last_ingested_at);
172.17.0.1 2026-10-03 20:47:41.283 UTC [96] supabase_admin@postgres LOG:  statement: CREATE INDEX crm_conversation_index_pending_idx ON public.crm_conversation_index USING btree (org_id) WHERE (analyzed_at IS NULL);
172.17.0.1 2026-10-03 20:47:41.284 UTC [96] supabase_admin@postgres LOG:  statement: CREATE INDEX crm_message_sentiment_org_analyzed_idx ON public.crm_message_sentiment USING btree (org_id, analyzed_at DESC) INCLUDE (score);
172.17.0.1 2026-10-03 20:47:41.285 UTC [96] supabase_admin@postgres LOG:  statement: CREATE INDEX crm_message_sentiment_org_time_idx ON public.crm_message_sentiment USING btree (org_id, analyzed_at);
172.17.0.1 2026-10-03 20:47:41.286 UTC [96] supabase_admin@postgres LOG:  statement: CREATE INDEX crm_sentiment_chat_daily_org_day_idx ON public.crm_sentiment_chat_daily USING btree (org_id, day) INCLUDE (score, message_count);
172.17.0.1 2026-10-03 20:47:41.287 UTC [96] supabase_admin@postgres LOG:  statement: CREATE INDEX crm_tags_org_idx ON public.crm_tags USING btree (org_id);
172.17.0.1 2026-10-03 20:47:41.288 UTC [96] supabase_admin@postgres LOG:  statement: CREATE UNIQUE INDEX crm_tags_org_name_uniq ON public.crm_tags USING btree (org_id, name);
172.17.0.1 2026-10-03 20:47:41.288 UTC [96] supabase_admin@postgres LOG:  statement: CREATE INDEX crm_win_embeddings_vec_idx ON public.crm_win_embeddings USING ivfflat (embedding public.vector_cosine_ops) WITH (lists='10');
172.17.0.1 2026-10-03 20:47:41.339 UTC [96] supabase_admin@postgres LOG:  statement: CREATE INDEX doc_audit_log_ref_idx ON public.doc_audit_log USING btree (org_id, ref_type, ref_id, occurred_at);
172.17.0.1 2026-10-03 20:47:41.340 UTC [96] supabase_admin@postgres LOG:  statement: CREATE INDEX doc_comments_ref_idx ON public.doc_comments USING btree (org_id, ref_type, ref_id, created_at);
172.17.0.1 2026-10-03 20:47:41.341 UTC [96] supabase_admin@postgres LOG:  statement: CREATE INDEX email_ledger_expires_idx ON public.email_ledger USING btree (expires_at);
172.17.0.1 2026-10-03 20:47:41.341 UTC [96] supabase_admin@postgres LOG:  statement: CREATE INDEX email_ledger_org_processed_idx ON public.email_ledger USING btree (org_id, processed_at DESC);
172.17.0.1 2026-10-03 20:47:41.342 UTC [96] supabase_admin@postgres LOG:  statement: CREATE INDEX email_opens_user_idx ON public.email_opens USING btree (user_id, opened_at DESC);
172.17.0.1 2026-10-03 20:47:41.342 UTC [96] supabase_admin@postgres LOG:  statement: CREATE INDEX fin_clients_org_dni_idx ON public.fin_clients USING btree (org_id, doc_number);
172.17.0.1 2026-10-03 20:47:41.343 UTC [96] supabase_admin@postgres LOG:  statement: CREATE INDEX fin_clients_party_idx ON public.fin_clients USING btree (party_id);
172.17.0.1 2026-10-03 20:47:41.343 UTC [96] supabase_admin@postgres LOG:  statement: CREATE UNIQUE INDEX fin_clients_provider_ref_uniq ON public.fin_clients USING btree (org_id, provider, provider_ref);
172.17.0.1 2026-10-03 20:47:41.343 UTC [96] supabase_admin@postgres LOG:  statement: CREATE INDEX fin_invoice_items_invoice_idx ON public.fin_invoice_items USING btree (invoice_id);
172.17.0.1 2026-10-03 20:47:41.344 UTC [96] supabase_admin@postgres LOG:  statement: CREATE INDEX fin_invoice_items_product_idx ON public.fin_invoice_items USING btree (product_id);
172.17.0.1 2026-10-03 20:47:41.344 UTC [96] supabase_admin@postgres LOG:  statement: CREATE INDEX fin_invoices_client_idx ON public.fin_invoices USING btree (client_id);
172.17.0.1 2026-10-03 20:47:41.345 UTC [96] supabase_admin@postgres LOG:  statement: CREATE INDEX fin_invoices_org_dni_idx ON public.fin_invoices USING btree (org_id, client_doc_number);
172.17.0.1 2026-10-03 20:47:41.345 UTC [96] supabase_admin@postgres LOG:  statement: CREATE INDEX fin_invoices_org_issued_idx ON public.fin_invoices USING btree (org_id, issued_at);
172.17.0.1 2026-10-03 20:47:41.346 UTC [96] supabase_admin@postgres LOG:  statement: CREATE UNIQUE INDEX fin_invoices_provider_ref_uniq ON public.fin_invoices USING btree (org_id, provider, provider_ref);
172.17.0.1 2026-10-03 20:47:41.346 UTC [96] supabase_admin@postgres LOG:  statement: CREATE INDEX fin_payments_invoice_idx ON public.fin_payments USING btree (invoice_id);
172.17.0.1 2026-10-03 20:47:41.346 UTC [96] supabase_admin@postgres LOG:  statement: CREATE INDEX fin_payments_org_paid_idx ON public.fin_payments USING btree (org_id, paid_at);
172.17.0.1 2026-10-03 20:47:41.347 UTC [96] supabase_admin@postgres LOG:  statement: CREATE INDEX fin_product_components_org_bundle_idx ON public.fin_product_components USING btree (org_id, bundle_product_id);
172.17.0.1 2026-10-03 20:47:41.347 UTC [96] supabase_admin@postgres LOG:  statement: CREATE INDEX fin_product_components_org_child_idx ON public.fin_product_components USING btree (org_id, child_product_id);
172.17.0.1 2026-10-03 20:47:41.348 UTC [96] supabase_admin@postgres LOG:  statement: CREATE INDEX fin_products_org_aliases_idx ON public.fin_products USING gin (((metadata -> 'aliases'::text)) jsonb_path_ops);
172.17.0.1 2026-10-03 20:47:41.348 UTC [96] supabase_admin@postgres LOG:  statement: CREATE UNIQUE INDEX fin_products_org_code_uniq ON public.fin_products USING btree (org_id, code);
172.17.0.1 2026-10-03 20:47:41.349 UTC [96] supabase_admin@postgres LOG:  statement: CREATE INDEX fin_products_org_sku_idx ON public.fin_products USING btree (org_id, sku);
172.17.0.1 2026-10-03 20:47:41.349 UTC [96] supabase_admin@postgres LOG:  statement: CREATE UNIQUE INDEX fin_purchase_periods_org_period_uniq ON public.fin_purchase_periods USING btree (org_id, period);
172.17.0.1 2026-10-03 20:47:41.349 UTC [96] supabase_admin@postgres LOG:  statement: CREATE INDEX fin_purchases_org_period_idx ON public.fin_purchases USING btree (org_id, period);
172.17.0.1 2026-10-03 20:47:41.350 UTC [96] supabase_admin@postgres LOG:  statement: CREATE UNIQUE INDEX fin_purchases_org_provider_ref_uniq ON public.fin_purchases USING btree (org_id, provider_ref) WHERE (provider_ref IS NOT NULL);
172.17.0.1 2026-10-03 20:47:41.350 UTC [96] supabase_admin@postgres LOG:  statement: CREATE UNIQUE INDEX fin_statement_imports_org_id_uniq ON public.fin_statement_imports USING btree (org_id, id);
172.17.0.1 2026-10-03 20:47:41.351 UTC [96] supabase_admin@postgres LOG:  statement: CREATE INDEX fin_statement_imports_org_idx ON public.fin_statement_imports USING btree (org_id, created_at);
172.17.0.1 2026-10-03 20:47:41.351 UTC [96] supabase_admin@postgres LOG:  statement: CREATE UNIQUE INDEX fin_statement_imports_org_sha_uniq ON public.fin_statement_imports USING btree (org_id, content_sha256);
172.17.0.1 2026-10-03 20:47:41.351 UTC [96] supabase_admin@postgres LOG:  statement: CREATE UNIQUE INDEX fin_sync_jobs_active_uq ON public.fin_sync_jobs USING btree (org_id, provider) WHERE (status = ANY (ARRAY['queued'::text, 'running'::text]));
172.17.0.1 2026-10-03 20:47:41.352 UTC [96] supabase_admin@postgres LOG:  statement: CREATE INDEX fin_sync_jobs_org_provider_created_idx ON public.fin_sync_jobs USING btree (org_id, provider, created_at);
172.17.0.1 2026-10-03 20:47:41.352 UTC [96] supabase_admin@postgres LOG:  statement: CREATE INDEX fin_sync_jobs_status_heartbeat_idx ON public.fin_sync_jobs USING btree (status, heartbeat_at);
172.17.0.1 2026-10-03 20:47:41.353 UTC [96] supabase_admin@postgres LOG:  statement: CREATE UNIQUE INDEX fin_transactions_import_row_uniq ON public.fin_transactions USING btree (import_id, source_row);
172.17.0.1 2026-10-03 20:47:41.353 UTC [96] supabase_admin@postgres LOG:  statement: CREATE INDEX fin_transactions_org_posted_idx ON public.fin_transactions USING btree (org_id, posted_on DESC);
172.17.0.1 2026-10-03 20:47:41.353 UTC [96] supabase_admin@postgres LOG:  statement: CREATE INDEX fin_transactions_party_idx ON public.fin_transactions USING btree (party_id);
172.17.0.1 2026-10-03 20:47:41.354 UTC [96] supabase_admin@postgres LOG:  statement: CREATE INDEX flow_groups_owner_idx ON public.flow_groups USING btree (user_id, tenant_id);
172.17.0.1 2026-10-03 20:47:41.354 UTC [96] supabase_admin@postgres LOG:  statement: CREATE INDEX flow_runs_flow_idx ON public.flow_runs USING btree (flow_id, started_at);
172.17.0.1 2026-10-03 20:47:41.355 UTC [96] supabase_admin@postgres LOG:  statement: CREATE UNIQUE INDEX flow_var_exports_org_flow_key_uniq ON public.flow_var_exports USING btree (org_id, flow_id, var_key);
172.17.0.1 2026-10-03 20:47:41.355 UTC [96] supabase_admin@postgres LOG:  statement: CREATE INDEX flows_tenant_updated_idx ON public.flows USING btree (tenant_id, updated_at);
172.17.0.1 2026-10-03 20:47:41.355 UTC [96] supabase_admin@postgres LOG:  statement: CREATE INDEX gateway_org_channel_idx ON public.gateway USING btree (org_id, channel);
172.17.0.1 2026-10-03 20:47:41.356 UTC [96] supabase_admin@postgres LOG:  statement: CREATE UNIQUE INDEX gateway_uniq_url_org_channel ON public.gateway USING btree (url, COALESCE(org_id, '00000000-0000-0000-0000-000000000000'::uuid), channel);
172.17.0.1 2026-10-03 20:47:41.356 UTC [96] supabase_admin@postgres LOG:  statement: CREATE INDEX hr_employees_org_idx ON public.hr_employees USING btree (org_id);
172.17.0.1 2026-10-03 20:47:41.357 UTC [96] supabase_admin@postgres LOG:  statement: CREATE UNIQUE INDEX hr_employees_org_profile_uniq ON public.hr_employees USING btree (org_id, profile_id) WHERE (profile_id IS NOT NULL);
172.17.0.1 2026-10-03 20:47:41.357 UTC [96] supabase_admin@postgres LOG:  statement: CREATE UNIQUE INDEX hr_employees_org_resource_uniq ON public.hr_employees USING btree (org_id, resource_id) WHERE (resource_id IS NOT NULL);
172.17.0.1 2026-10-03 20:47:41.357 UTC [96] supabase_admin@postgres LOG:  statement: CREATE UNIQUE INDEX hr_holidays_org_date_uniq ON public.hr_holidays USING btree (org_id, date);
172.17.0.1 2026-10-03 20:47:41.358 UTC [96] supabase_admin@postgres LOG:  statement: CREATE UNIQUE INDEX hr_holidays_org_source_key_uniq ON public.hr_holidays USING btree (org_id, source_key) WHERE (source_key IS NOT NULL);
172.17.0.1 2026-10-03 20:47:41.358 UTC [96] supabase_admin@postgres LOG:  statement: CREATE INDEX hr_leave_allocations_employee_idx ON public.hr_leave_allocations USING btree (employee_id);
172.17.0.1 2026-10-03 20:47:41.359 UTC [96] supabase_admin@postgres LOG:  statement: CREATE INDEX hr_leave_requests_employee_idx ON public.hr_leave_requests USING btree (employee_id, from_date);
172.17.0.1 2026-10-03 20:47:41.359 UTC [96] supabase_admin@postgres LOG:  statement: CREATE INDEX hr_leave_requests_org_status_idx ON public.hr_leave_requests USING btree (org_id, status);
172.17.0.1 2026-10-03 20:47:41.359 UTC [96] supabase_admin@postgres LOG:  statement: CREATE UNIQUE INDEX hr_leave_types_org_code_uniq ON public.hr_leave_types USING btree (org_id, code);
172.17.0.1 2026-10-03 20:47:41.360 UTC [96] supabase_admin@postgres LOG:  statement: CREATE INDEX idx_agent_built_skills_gateway_agent ON public.agent_built_skills USING btree (gateway_agent_id);
172.17.0.1 2026-10-03 20:47:41.360 UTC [96] supabase_admin@postgres LOG:  statement: CREATE INDEX idx_agent_built_skills_tenant ON public.agent_built_skills USING btree (tenant_id);
172.17.0.1 2026-10-03 20:47:41.361 UTC [96] supabase_admin@postgres LOG:  statement: CREATE INDEX idx_agent_groups_profile ON public.agent_groups USING btree (profile_id, tenant_id);
172.17.0.1 2026-10-03 20:47:41.361 UTC [96] supabase_admin@postgres LOG:  statement: CREATE INDEX idx_backup_configs_tenant ON public.backup_configs USING btree (tenant_id);
172.17.0.1 2026-10-03 20:47:41.361 UTC [96] supabase_admin@postgres LOG:  statement: CREATE INDEX idx_bgjobs_ref ON public.bg_jobs USING btree (ref_id);
172.17.0.1 2026-10-03 20:47:41.362 UTC [96] supabase_admin@postgres LOG:  statement: CREATE INDEX idx_bgjobs_status ON public.bg_jobs USING btree (status);
172.17.0.1 2026-10-03 20:47:41.362 UTC [96] supabase_admin@postgres LOG:  statement: CREATE INDEX idx_bgjobs_tenant ON public.bg_jobs USING btree (tenant_id);
172.17.0.1 2026-10-03 20:47:41.363 UTC [96] supabase_admin@postgres LOG:  statement: CREATE INDEX idx_built_agent_skills_agent ON public.built_agent_skills USING btree (agent_id);
172.17.0.1 2026-10-03 20:47:41.363 UTC [96] supabase_admin@postgres LOG:  statement: CREATE INDEX idx_built_agents_gateway ON public.built_agents USING btree (gateway_id);
172.17.0.1 2026-10-03 20:47:41.363 UTC [96] supabase_admin@postgres LOG:  statement: CREATE INDEX idx_built_agents_runtime_agent ON public.built_agents USING btree (runtime_agent_id) WHERE (runtime_agent_id IS NOT NULL);
172.17.0.1 2026-10-03 20:47:41.364 UTC [96] supabase_admin@postgres LOG:  statement: CREATE INDEX idx_built_agents_tenant ON public.built_agents USING btree (tenant_id);
172.17.0.1 2026-10-03 20:47:41.364 UTC [96] supabase_admin@postgres LOG:  statement: CREATE INDEX idx_built_chapter_edges_skill ON public.built_chapter_edges USING btree (skill_id);
172.17.0.1 2026-10-03 20:47:41.364 UTC [96] supabase_admin@postgres LOG:  statement: CREATE INDEX idx_built_chapter_tools_chapter ON public.built_chapter_tools USING btree (chapter_id);
172.17.0.1 2026-10-03 20:47:41.365 UTC [96] supabase_admin@postgres LOG:  statement: CREATE INDEX idx_built_chapters_skill ON public.built_chapters USING btree (skill_id);
172.17.0.1 2026-10-03 20:47:41.365 UTC [96] supabase_admin@postgres LOG:  statement: CREATE INDEX idx_built_skill_tools_skill ON public.built_skill_tools USING btree (skill_id);
172.17.0.1 2026-10-03 20:47:41.365 UTC [96] supabase_admin@postgres LOG:  statement: CREATE INDEX idx_built_skills_gateway ON public.built_skills USING btree (gateway_id);
172.17.0.1 2026-10-03 20:47:41.366 UTC [96] supabase_admin@postgres LOG:  statement: CREATE INDEX idx_built_skills_tenant ON public.built_skills USING btree (tenant_id);
172.17.0.1 2026-10-03 20:47:41.366 UTC [96] supabase_admin@postgres LOG:  statement: CREATE INDEX idx_built_tools_gateway ON public.built_tools USING btree (gateway_id);
172.17.0.1 2026-10-03 20:47:41.367 UTC [96] supabase_admin@postgres LOG:  statement: CREATE INDEX idx_built_tools_tenant ON public.built_tools USING btree (tenant_id);
172.17.0.1 2026-10-03 20:47:41.367 UTC [96] supabase_admin@postgres LOG:  statement: CREATE INDEX idx_channel_assign_channel ON public.channel_assignments USING btree (channel_id);
172.17.0.1 2026-10-03 20:47:41.367 UTC [96] supabase_admin@postgres LOG:  statement: CREATE INDEX idx_channel_bindings_channel ON public.channel_bindings USING btree (channel_id);
172.17.0.1 2026-10-03 20:47:41.368 UTC [96] supabase_admin@postgres LOG:  statement: CREATE UNIQUE INDEX idx_channel_identity_unique ON public.channel_identities USING btree (channel, channel_user_id);
172.17.0.1 2026-10-03 20:47:41.368 UTC [96] supabase_admin@postgres LOG:  statement: CREATE INDEX idx_channel_identity_user ON public.channel_identities USING btree (user_id);
172.17.0.1 2026-10-03 20:47:41.369 UTC [96] supabase_admin@postgres LOG:  statement: CREATE INDEX idx_channel_pairing_lookup ON public.channel_pairing_requests USING btree (tenant_id, gateway_id, channel_type, account_id);
172.17.0.1 2026-10-03 20:47:41.369 UTC [96] supabase_admin@postgres LOG:  statement: CREATE INDEX idx_channels_tenant_gateway ON public.channels USING btree (tenant_id, gateway_id);
172.17.0.1 2026-10-03 20:47:41.370 UTC [96] supabase_admin@postgres LOG:  statement: CREATE INDEX idx_chat_by_agent ON public.chat_messages USING btree (agent_id, session_key, "timestamp");
172.17.0.1 2026-10-03 20:47:41.370 UTC [96] supabase_admin@postgres LOG:  statement: CREATE INDEX idx_chat_tenant ON public.chat_messages USING btree (tenant_id);
172.17.0.1 2026-10-03 20:47:41.371 UTC [96] supabase_admin@postgres LOG:  statement: CREATE UNIQUE INDEX idx_config_snapshots_gateway ON public.config_snapshots USING btree (gateway_id);
172.17.0.1 2026-10-03 20:47:41.371 UTC [96] supabase_admin@postgres LOG:  statement: CREATE INDEX idx_files_tenant ON public.files USING btree (tenant_id);
172.17.0.1 2026-10-03 20:47:41.371 UTC [96] supabase_admin@postgres LOG:  statement: CREATE INDEX idx_gateway_legacy ON public.gateway USING btree (legacy_server_id);
172.17.0.1 2026-10-03 20:47:41.372 UTC [96] supabase_admin@postgres LOG:  statement: CREATE INDEX idx_idsub_identity ON public.identity_subscriptions USING btree (identity_id);
172.17.0.1 2026-10-03 20:47:41.372 UTC [96] supabase_admin@postgres LOG:  statement: CREATE INDEX idx_idsub_subscriber ON public.identity_subscriptions USING btree (subscriber_profile_id);
172.17.0.1 2026-10-03 20:47:41.372 UTC [96] supabase_admin@postgres LOG:  statement: CREATE INDEX idx_marketplace_installs_agent ON public.marketplace_installs USING btree (agent_id);
172.17.0.1 2026-10-03 20:47:41.373 UTC [96] supabase_admin@postgres LOG:  statement: CREATE INDEX idx_marketplace_installs_tenant ON public.marketplace_installs USING btree (tenant_id);
172.17.0.1 2026-10-03 20:47:41.373 UTC [96] supabase_admin@postgres LOG:  statement: CREATE INDEX idx_missions_gateway ON public.missions USING btree (gateway_id);
172.17.0.1 2026-10-03 20:47:41.373 UTC [96] supabase_admin@postgres LOG:  statement: CREATE INDEX idx_missions_session ON public.missions USING btree (session_id);
172.17.0.1 2026-10-03 20:47:41.374 UTC [96] supabase_admin@postgres LOG:  statement: CREATE INDEX idx_missions_tenant ON public.missions USING btree (tenant_id);
172.17.0.1 2026-10-03 20:47:41.374 UTC [96] supabase_admin@postgres LOG:  statement: CREATE INDEX idx_org_members_org ON public.organization_members USING btree (organization_id);
172.17.0.1 2026-10-03 20:47:41.374 UTC [96] supabase_admin@postgres LOG:  statement: CREATE INDEX idx_org_members_profile ON public.organization_members USING btree (profile_id);
172.17.0.1 2026-10-03 20:47:41.375 UTC [96] supabase_admin@postgres LOG:  statement: CREATE INDEX idx_personal_agents_agent ON public.personal_agents USING btree (agent_id);
172.17.0.1 2026-10-03 20:47:41.375 UTC [96] supabase_admin@postgres LOG:  statement: CREATE INDEX idx_personal_agents_profile ON public.personal_agents USING btree (profile_id);
172.17.0.1 2026-10-03 20:47:41.375 UTC [96] supabase_admin@postgres LOG:  statement: CREATE INDEX idx_personal_agents_status ON public.personal_agents USING btree (provisioning_status);
172.17.0.1 2026-10-03 20:47:41.376 UTC [96] supabase_admin@postgres LOG:  statement: CREATE INDEX idx_provision_configs_tenant ON public.server_provision_configs USING btree (tenant_id);
172.17.0.1 2026-10-03 20:47:41.376 UTC [96] supabase_admin@postgres LOG:  statement: CREATE INDEX idx_server_backups_gateway ON public.server_backups USING btree (gateway_id);
172.17.0.1 2026-10-03 20:47:41.376 UTC [96] supabase_admin@postgres LOG:  statement: CREATE INDEX idx_server_backups_tenant ON public.server_backups USING btree (tenant_id);
172.17.0.1 2026-10-03 20:47:41.377 UTC [96] supabase_admin@postgres LOG:  statement: CREATE INDEX idx_session_tasks_gateway_session ON public.session_tasks USING btree (gateway_id, session_key);
172.17.0.1 2026-10-03 20:47:41.377 UTC [96] supabase_admin@postgres LOG:  statement: CREATE INDEX idx_session_tasks_tenant ON public.session_tasks USING btree (tenant_id);
172.17.0.1 2026-10-03 20:47:41.377 UTC [96] supabase_admin@postgres LOG:  statement: CREATE INDEX idx_sessions_gateway ON public.sessions USING btree (gateway_id);
172.17.0.1 2026-10-03 20:47:41.378 UTC [96] supabase_admin@postgres LOG:  statement: CREATE INDEX idx_sessions_tenant ON public.sessions USING btree (tenant_id);
172.17.0.1 2026-10-03 20:47:41.378 UTC [96] supabase_admin@postgres LOG:  statement: CREATE INDEX idx_settings_tenant ON public.settings USING btree (tenant_id);
172.17.0.1 2026-10-03 20:47:41.379 UTC [96] supabase_admin@postgres LOG:  statement: CREATE INDEX idx_skill_stats_gateway_skill_time ON public.skill_execution_stats USING btree (gateway_id, skill_name, occurred_at);
172.17.0.1 2026-10-03 20:47:41.379 UTC [96] supabase_admin@postgres LOG:  statement: CREATE INDEX idx_skill_stats_tenant ON public.skill_execution_stats USING btree (tenant_id);
172.17.0.1 2026-10-03 20:47:41.379 UTC [96] supabase_admin@postgres LOG:  statement: CREATE INDEX idx_skills_tenant ON public.skills USING btree (tenant_id);
172.17.0.1 2026-10-03 20:47:41.380 UTC [96] supabase_admin@postgres LOG:  statement: CREATE INDEX idx_tasks_mission ON public.tasks USING btree (mission_id);
172.17.0.1 2026-10-03 20:47:41.380 UTC [96] supabase_admin@postgres LOG:  statement: CREATE INDEX idx_tasks_tenant ON public.tasks USING btree (tenant_id);
172.17.0.1 2026-10-03 20:47:41.380 UTC [96] supabase_admin@postgres LOG:  statement: CREATE INDEX idx_user_agents_gateway ON public.user_agents USING btree (gateway_id);
172.17.0.1 2026-10-03 20:47:41.381 UTC [96] supabase_admin@postgres LOG:  statement: CREATE INDEX idx_user_gateway_gateway ON public.user_gateway USING btree (gateway_id);
172.17.0.1 2026-10-03 20:47:41.381 UTC [96] supabase_admin@postgres LOG:  statement: CREATE UNIQUE INDEX idx_user_identity_unique ON public.user_identities USING btree (provider, external_id);
172.17.0.1 2026-10-03 20:47:41.382 UTC [96] supabase_admin@postgres LOG:  statement: CREATE INDEX idx_user_identity_user ON public.user_identities USING btree (user_id);
172.17.0.1 2026-10-03 20:47:41.382 UTC [96] supabase_admin@postgres LOG:  statement: CREATE INDEX idx_user_prefs_profile ON public.user_preferences USING btree (profile_id);
172.17.0.1 2026-10-03 20:47:41.382 UTC [96] supabase_admin@postgres LOG:  statement: CREATE INDEX idx_wco_run ON public.workshop_comparison_outputs USING btree (run_id);
172.17.0.1 2026-10-03 20:47:41.383 UTC [96] supabase_admin@postgres LOG:  statement: CREATE INDEX idx_wcr_tenant ON public.workshop_comparison_runs USING btree (tenant_id);
172.17.0.1 2026-10-03 20:47:41.383 UTC [96] supabase_admin@postgres LOG:  statement: CREATE INDEX idx_wga_run ON public.workshop_groupchat_agents USING btree (run_id);
172.17.0.1 2026-10-03 20:47:41.384 UTC [96] supabase_admin@postgres LOG:  statement: CREATE INDEX idx_wgm_run ON public.workshop_groupchat_messages USING btree (run_id);
172.17.0.1 2026-10-03 20:47:41.385 UTC [96] supabase_admin@postgres LOG:  statement: CREATE INDEX idx_wgr_status ON public.workshop_groupchat_runs USING btree (status);
172.17.0.1 2026-10-03 20:47:41.385 UTC [96] supabase_admin@postgres LOG:  statement: CREATE INDEX idx_wgr_tenant ON public.workshop_groupchat_runs USING btree (tenant_id);
172.17.0.1 2026-10-03 20:47:41.386 UTC [96] supabase_admin@postgres LOG:  statement: CREATE INDEX idx_workspace_membership_user ON public.workspace_membership USING btree (user_id);
172.17.0.1 2026-10-03 20:47:41.386 UTC [96] supabase_admin@postgres LOG:  statement: CREATE INDEX idx_wr_model ON public.workshop_rankings USING btree (model_id);
172.17.0.1 2026-10-03 20:47:41.387 UTC [96] supabase_admin@postgres LOG:  statement: CREATE INDEX idx_wr_run ON public.workshop_rankings USING btree (run_id);
172.17.0.1 2026-10-03 20:47:41.388 UTC [96] supabase_admin@postgres LOG:  statement: CREATE INDEX job_effect_batches_owner ON public.job_effect_batches USING btree (tenant_id, reservation_job_id);
172.17.0.1 2026-10-03 20:47:41.388 UTC [96] supabase_admin@postgres LOG:  statement: CREATE UNIQUE INDEX job_effect_batches_tenant_id ON public.job_effect_batches USING btree (tenant_id, id);
172.17.0.1 2026-10-03 20:47:41.389 UTC [96] supabase_admin@postgres LOG:  statement: CREATE UNIQUE INDEX job_effect_pages_job_key ON public.job_effect_pages USING btree (tenant_id, job_id, page_key);
172.17.0.1 2026-10-03 20:47:41.390 UTC [96] supabase_admin@postgres LOG:  statement: CREATE UNIQUE INDEX job_effect_units_position ON public.job_effect_units USING btree (tenant_id, batch_id, vector_index) WHERE (batch_id IS NOT NULL);
172.17.0.1 2026-10-03 20:47:41.390 UTC [96] supabase_admin@postgres LOG:  statement: CREATE UNIQUE INDEX job_effect_units_semantic ON public.job_effect_units USING btree (tenant_id, head_id, revision, source_hash, manifest_hash, chunk_key, payload_hash, policy_hash);
172.17.0.1 2026-10-03 20:47:41.391 UTC [96] supabase_admin@postgres LOG:  statement: CREATE UNIQUE INDEX job_effects_head_identity ON public.job_effects USING btree (tenant_id, family, entity_id) WHERE (kind = 'head'::text);
172.17.0.1 2026-10-03 20:47:41.392 UTC [96] supabase_admin@postgres LOG:  statement: CREATE INDEX job_effects_revision ON public.job_effects USING btree (tenant_id, family, entity_id, revision);
172.17.0.1 2026-10-03 20:47:41.393 UTC [96] supabase_admin@postgres LOG:  statement: CREATE UNIQUE INDEX job_effects_tenant_id_kind ON public.job_effects USING btree (tenant_id, id, kind);
172.17.0.1 2026-10-03 20:47:41.394 UTC [96] supabase_admin@postgres LOG:  statement: CREATE UNIQUE INDEX job_effects_unit_identity ON public.job_effects USING btree (tenant_id, family, entity_id, revision, unit) WHERE (kind = 'effect'::text);
172.17.0.1 2026-10-03 20:47:41.395 UTC [96] supabase_admin@postgres LOG:  statement: CREATE INDEX knowledge_chunks_chunk_text_trgm_gin ON public.knowledge_chunks USING gin (lower(chunk_text) public.gin_trgm_ops);
172.17.0.1 2026-10-03 20:47:41.396 UTC [96] supabase_admin@postgres LOG:  statement: COMMENT ON INDEX public.knowledge_chunks_chunk_text_trgm_gin IS 'Supports bounded Brain word-similarity candidates via lower(chunk_text) %> query token';
172.17.0.1 2026-10-03 20:47:41.396 UTC [96] supabase_admin@postgres LOG:  statement: CREATE INDEX knowledge_chunks_org_source_document_idx ON public.knowledge_chunks USING btree (org_id, source_id, document_id);
172.17.0.1 2026-10-03 20:47:41.397 UTC [96] supabase_admin@postgres LOG:  statement: CREATE INDEX knowledge_chunks_org_source_occurred_idx ON public.knowledge_chunks USING btree (org_id, source_id, occurred_at DESC);
172.17.0.1 2026-10-03 20:47:41.397 UTC [96] supabase_admin@postgres LOG:  statement: CREATE INDEX knowledge_chunks_org_source_unembedded_idx ON public.knowledge_chunks USING btree (org_id, source_id) WHERE (embedding IS NULL);
172.17.0.1 2026-10-03 20:47:41.398 UTC [96] supabase_admin@postgres LOG:  statement: CREATE INDEX knowledge_chunks_search_gin ON public.knowledge_chunks USING gin (search_vector);
172.17.0.1 2026-10-03 20:47:41.399 UTC [96] supabase_admin@postgres LOG:  statement: CREATE INDEX knowledge_documents_org_source_status_idx ON public.knowledge_documents USING btree (org_id, source_id, status);
172.17.0.1 2026-10-03 20:47:41.400 UTC [96] supabase_admin@postgres LOG:  statement: CREATE INDEX knowledge_documents_org_source_updated_idx ON public.knowledge_documents USING btree (org_id, source_id, source_updated_at DESC);
172.17.0.1 2026-10-03 20:47:41.400 UTC [96] supabase_admin@postgres LOG:  statement: CREATE INDEX knowledge_sources_org_status_idx ON public.knowledge_sources USING btree (org_id, status);
172.17.0.1 2026-10-03 20:47:41.401 UTC [96] supabase_admin@postgres LOG:  statement: CREATE INDEX member_roles_profile_idx ON public.member_roles USING btree (org_id, profile_id);
172.17.0.1 2026-10-03 20:47:41.402 UTC [96] supabase_admin@postgres LOG:  statement: CREATE INDEX membership_cycles_org_idx ON public.membership_cycles USING btree (org_id, created_at);
172.17.0.1 2026-10-03 20:47:41.402 UTC [96] supabase_admin@postgres LOG:  statement: CREATE UNIQUE INDEX membership_cycles_uniq ON public.membership_cycles USING btree (membership_id, cycle_no);
172.17.0.1 2026-10-03 20:47:41.403 UTC [96] supabase_admin@postgres LOG:  statement: CREATE INDEX membership_plans_org_idx ON public.membership_plans USING btree (org_id, enabled);
172.17.0.1 2026-10-03 20:47:41.404 UTC [96] supabase_admin@postgres LOG:  statement: CREATE INDEX memberships_contact_idx ON public.memberships USING btree (crm_contact_id);
172.17.0.1 2026-10-03 20:47:41.405 UTC [96] supabase_admin@postgres LOG:  statement: CREATE INDEX memberships_org_status_idx ON public.memberships USING btree (org_id, status, next_cycle_date);
172.17.0.1 2026-10-03 20:47:41.405 UTC [96] supabase_admin@postgres LOG:  statement: CREATE INDEX messages_conversation_corpus_scan_idx ON public.messages USING btree (org_id, lower(TRIM(BOTH FROM channel)), COALESCE(NULLIF(TRIM(BOTH FROM account_id), ''::text), 'default'::text), chat_id, COALESCE(occurred_at, created_at), id) WHERE ((NULLIF(TRIM(BOTH FROM chat_id), ''::text) IS NOT NULL) AND (COALESCE(is_group, false) = false) AND (is_bot IS NOT TRUE) AND (NULLIF(TRIM(BOTH FROM content), ''::text) IS NOT NULL));
172.17.0.1 2026-10-03 20:47:41.407 UTC [96] supabase_admin@postgres LOG:  statement: CREATE INDEX messages_crm_agg_covering_idx ON public.messages USING btree (org_id, channel, chat_id) INCLUDE (occurred_at, created_at, direction) WHERE (is_bot IS NOT TRUE);
172.17.0.1 2026-10-03 20:47:41.407 UTC [96] supabase_admin@postgres LOG:  statement: CREATE INDEX messages_crm_insights_inbound_time_idx ON public.messages USING btree (org_id, COALESCE(occurred_at, created_at)) WHERE ((direction = 'inbound'::text) AND (is_bot IS NOT TRUE));
172.17.0.1 2026-10-03 20:47:41.409 UTC [96] supabase_admin@postgres LOG:  statement: CREATE INDEX messages_crm_insights_rollup_time_idx ON public.messages USING btree (COALESCE(occurred_at, created_at)) WHERE ((direction = 'inbound'::text) AND (is_bot IS NOT TRUE) AND (content IS NOT NULL) AND (length(TRIM(BOTH FROM content)) > 0));
172.17.0.1 2026-10-03 20:47:41.410 UTC [96] supabase_admin@postgres LOG:  statement: CREATE INDEX messages_org_agent_idx ON public.messages USING btree (org_id, agent_id);
172.17.0.1 2026-10-03 20:47:41.410 UTC [96] supabase_admin@postgres LOG:  statement: CREATE UNIQUE INDEX messages_org_channel_account_msg_uniq ON public.messages USING btree (org_id, channel, account_id, message_id) WHERE (message_id IS NOT NULL);
172.17.0.1 2026-10-03 20:47:41.411 UTC [96] supabase_admin@postgres LOG:  statement: CREATE INDEX messages_org_channel_sender_idx ON public.messages USING btree (org_id, channel, sender_id);
172.17.0.1 2026-10-03 20:47:41.412 UTC [96] supabase_admin@postgres LOG:  statement: CREATE INDEX messages_org_chat_idx ON public.messages USING btree (org_id, channel, chat_id, occurred_at);
172.17.0.1 2026-10-03 20:47:41.412 UTC [96] supabase_admin@postgres LOG:  statement: CREATE UNIQUE INDEX messages_org_client_id_uniq ON public.messages USING btree (org_id, client_id);
172.17.0.1 2026-10-03 20:47:41.413 UTC [96] supabase_admin@postgres LOG:  statement: CREATE INDEX messages_org_time_idx ON public.messages USING btree (org_id, occurred_at);
172.17.0.1 2026-10-03 20:47:41.414 UTC [96] supabase_admin@postgres LOG:  statement: CREATE INDEX meta_ad_insights_org_account_date_idx ON public.meta_ad_insights USING btree (org_id, ad_account_id, date);
172.17.0.1 2026-10-03 20:47:41.414 UTC [96] supabase_admin@postgres LOG:  statement: CREATE UNIQUE INDEX meta_ad_insights_org_ad_date_uniq ON public.meta_ad_insights USING btree (org_id, ad_id, date);
172.17.0.1 2026-10-03 20:47:41.415 UTC [96] supabase_admin@postgres LOG:  statement: CREATE INDEX meta_ad_insights_org_date_idx ON public.meta_ad_insights USING btree (org_id, date);
172.17.0.1 2026-10-03 20:47:41.416 UTC [96] supabase_admin@postgres LOG:  statement: CREATE INDEX meta_assets_connection_idx ON public.meta_assets USING btree (connection_id);
172.17.0.1 2026-10-03 20:47:41.416 UTC [96] supabase_admin@postgres LOG:  statement: CREATE UNIQUE INDEX meta_assets_org_kind_ext_uniq ON public.meta_assets USING btree (org_id, kind, external_id);
172.17.0.1 2026-10-03 20:47:41.417 UTC [96] supabase_admin@postgres LOG:  statement: CREATE INDEX meta_connections_org_idx ON public.meta_connections USING btree (org_id);
172.17.0.1 2026-10-03 20:47:41.417 UTC [96] supabase_admin@postgres LOG:  statement: CREATE UNIQUE INDEX meta_connections_org_kind_fbuser_uniq ON public.meta_connections USING btree (org_id, kind, fb_user_id);
172.17.0.1 2026-10-03 20:47:41.418 UTC [96] supabase_admin@postgres LOG:  statement: CREATE INDEX meta_lead_attribution_org_campaign_idx ON public.meta_lead_attribution USING btree (org_id, campaign_id);
172.17.0.1 2026-10-03 20:47:41.419 UTC [96] supabase_admin@postgres LOG:  statement: CREATE INDEX meta_lead_attribution_org_origin_idx ON public.meta_lead_attribution USING btree (org_id, origin);
172.17.0.1 2026-10-03 20:47:41.419 UTC [96] supabase_admin@postgres LOG:  statement: CREATE INDEX meta_post_insights_asset_idx ON public.meta_post_insights USING btree (asset_id);
172.17.0.1 2026-10-03 20:47:41.420 UTC [96] supabase_admin@postgres LOG:  statement: CREATE INDEX meta_post_insights_org_period_post_idx ON public.meta_post_insights USING btree (org_id, period, post_id);
172.17.0.1 2026-10-03 20:47:41.421 UTC [96] supabase_admin@postgres LOG:  statement: CREATE UNIQUE INDEX meta_post_insights_org_post_metric_period_uniq ON public.meta_post_insights USING btree (org_id, post_id, metric, period);
172.17.0.1 2026-10-03 20:47:41.421 UTC [96] supabase_admin@postgres LOG:  statement: CREATE INDEX meta_post_media_org_status_idx ON public.meta_post_media USING btree (org_id, status);
172.17.0.1 2026-10-03 20:47:41.422 UTC [96] supabase_admin@postgres LOG:  statement: CREATE UNIQUE INDEX meta_sync_jobs_active_uq ON public.meta_sync_jobs USING btree (org_id, kind) WHERE (status = ANY (ARRAY['queued'::text, 'running'::text]));
172.17.0.1 2026-10-03 20:47:41.423 UTC [96] supabase_admin@postgres LOG:  statement: CREATE INDEX meta_sync_jobs_org_kind_created_idx ON public.meta_sync_jobs USING btree (org_id, kind, created_at);
172.17.0.1 2026-10-03 20:47:41.423 UTC [96] supabase_admin@postgres LOG:  statement: CREATE INDEX notes_owner_idx ON public.notes USING btree (tenant_id, user_id);
172.17.0.1 2026-10-03 20:47:41.424 UTC [96] supabase_admin@postgres LOG:  statement: CREATE INDEX notes_updated_idx ON public.notes USING btree (updated_at);
172.17.0.1 2026-10-03 20:47:41.424 UTC [96] supabase_admin@postgres LOG:  statement: CREATE INDEX notif_log_org_idx ON public.notif_log USING btree (org_id, created_at);
172.17.0.1 2026-10-03 20:47:41.425 UTC [96] supabase_admin@postgres LOG:  statement: CREATE UNIQUE INDEX notif_log_rule_entity_key_uniq ON public.notif_log USING btree (rule_id, entity_id, trigger_key);
172.17.0.1 2026-10-03 20:47:41.425 UTC [96] supabase_admin@postgres LOG:  statement: CREATE INDEX notif_rules_org_idx ON public.notif_rules USING btree (org_id);
172.17.0.1 2026-10-03 20:47:41.426 UTC [96] supabase_admin@postgres LOG:  statement: CREATE INDEX org_areas_org_idx ON public.org_areas USING btree (organization_id, sort_order);
172.17.0.1 2026-10-03 20:47:41.427 UTC [96] supabase_admin@postgres LOG:  statement: CREATE UNIQUE INDEX org_areas_org_slug_uniq ON public.org_areas USING btree (organization_id, slug);
172.17.0.1 2026-10-03 20:47:41.427 UTC [96] supabase_admin@postgres LOG:  statement: CREATE INDEX org_roles_org_idx ON public.org_roles USING btree (org_id);
172.17.0.1 2026-10-03 20:47:41.428 UTC [96] supabase_admin@postgres LOG:  statement: CREATE UNIQUE INDEX organizations_paperclip_company_id_key ON public.organizations USING btree (paperclip_company_id) WHERE (paperclip_company_id IS NOT NULL);
172.17.0.1 2026-10-03 20:47:41.428 UTC [96] supabase_admin@postgres LOG:  statement: CREATE UNIQUE INDEX parties_org_agent_uniq ON public.parties USING btree (org_id, agent_id) WHERE (agent_id IS NOT NULL);
172.17.0.1 2026-10-03 20:47:41.429 UTC [96] supabase_admin@postgres LOG:  statement: CREATE INDEX parties_org_doc_idx ON public.parties USING btree (org_id, doc_number);
172.17.0.1 2026-10-03 20:47:41.429 UTC [96] supabase_admin@postgres LOG:  statement: CREATE UNIQUE INDEX parties_org_doc_uniq ON public.parties USING btree (org_id, doc_number) WHERE (doc_number IS NOT NULL);
172.17.0.1 2026-10-03 20:47:41.430 UTC [96] supabase_admin@postgres LOG:  statement: CREATE INDEX parties_org_idx ON public.parties USING btree (org_id);
172.17.0.1 2026-10-03 20:47:41.430 UTC [96] supabase_admin@postgres LOG:  statement: CREATE INDEX parties_org_phone9_idx ON public.parties USING btree (org_id, phone9);
172.17.0.1 2026-10-03 20:47:41.431 UTC [96] supabase_admin@postgres LOG:  statement: CREATE INDEX pending_claim_expires_idx ON public.pending_channel_claims USING btree (expires_at);
172.17.0.1 2026-10-03 20:47:41.431 UTC [96] supabase_admin@postgres LOG:  statement: CREATE UNIQUE INDEX pending_claim_live_uniq ON public.pending_channel_claims USING btree (user_id, channel, channel_user_id) WHERE ((consumed_at IS NULL) AND (channel_user_id IS NOT NULL));
172.17.0.1 2026-10-03 20:47:41.432 UTC [96] supabase_admin@postgres LOG:  statement: CREATE UNIQUE INDEX pending_claim_token_uniq ON public.pending_channel_claims USING btree (start_token) WHERE (start_token IS NOT NULL);
172.17.0.1 2026-10-03 20:47:41.432 UTC [96] supabase_admin@postgres LOG:  statement: CREATE INDEX pending_claim_user_idx ON public.pending_channel_claims USING btree (user_id, created_at);
172.17.0.1 2026-10-03 20:47:41.433 UTC [96] supabase_admin@postgres LOG:  statement: CREATE UNIQUE INDEX permission_rules_scope_uniq ON public.permission_rules USING btree (org_id, role_key, module);
172.17.0.1 2026-10-03 20:47:41.433 UTC [96] supabase_admin@postgres LOG:  statement: CREATE INDEX plugin_org_disabled_gateway_idx ON public.plugin_org_disabled USING btree (gateway_id);
172.17.0.1 2026-10-03 20:47:41.434 UTC [96] supabase_admin@postgres LOG:  statement: CREATE INDEX pos_client_ledger_org_contact_idx ON public.pos_client_ledger USING btree (org_id, crm_contact_id);
172.17.0.1 2026-10-03 20:47:41.434 UTC [96] supabase_admin@postgres LOG:  statement: CREATE INDEX pos_client_ledger_org_party_idx ON public.pos_client_ledger USING btree (org_id, party_id);
172.17.0.1 2026-10-03 20:47:41.435 UTC [96] supabase_admin@postgres LOG:  statement: CREATE UNIQUE INDEX pos_emissions_org_doc_serie_correlativo_uniq ON public.pos_emissions USING btree (org_id, doc_type, serie, correlativo);
172.17.0.1 2026-10-03 20:47:41.435 UTC [96] supabase_admin@postgres LOG:  statement: CREATE INDEX pos_emissions_org_ticket_idx ON public.pos_emissions USING btree (org_id, ticket_id);
172.17.0.1 2026-10-03 20:47:41.436 UTC [96] supabase_admin@postgres LOG:  statement: CREATE INDEX pos_package_grants_org_contact_idx ON public.pos_package_grants USING btree (org_id, crm_contact_id);
172.17.0.1 2026-10-03 20:47:41.436 UTC [96] supabase_admin@postgres LOG:  statement: CREATE INDEX pos_package_grants_org_party_idx ON public.pos_package_grants USING btree (org_id, party_id);
172.17.0.1 2026-10-03 20:47:41.437 UTC [96] supabase_admin@postgres LOG:  statement: CREATE INDEX pos_package_grants_org_ticket_idx ON public.pos_package_grants USING btree (org_id, source_ticket_id);
172.17.0.1 2026-10-03 20:47:41.437 UTC [96] supabase_admin@postgres LOG:  statement: CREATE UNIQUE INDEX pos_package_redemptions_live_booking_uniq ON public.pos_package_redemptions USING btree (org_id, booking_id) WHERE ((booking_id IS NOT NULL) AND (reversed_at IS NULL));
172.17.0.1 2026-10-03 20:47:41.438 UTC [96] supabase_admin@postgres LOG:  statement: CREATE INDEX pos_package_redemptions_org_booking_idx ON public.pos_package_redemptions USING btree (org_id, booking_id);
172.17.0.1 2026-10-03 20:47:41.438 UTC [96] supabase_admin@postgres LOG:  statement: CREATE INDEX pos_package_redemptions_org_grant_idx ON public.pos_package_redemptions USING btree (org_id, grant_id);
172.17.0.1 2026-10-03 20:47:41.439 UTC [96] supabase_admin@postgres LOG:  statement: CREATE INDEX pos_package_redemptions_org_ticket_idx ON public.pos_package_redemptions USING btree (org_id, ticket_id);
172.17.0.1 2026-10-03 20:47:41.439 UTC [96] supabase_admin@postgres LOG:  statement: CREATE UNIQUE INDEX pos_package_redemptions_ticket_line_uniq ON public.pos_package_redemptions USING btree (org_id, ticket_line_id) WHERE (ticket_line_id IS NOT NULL);
172.17.0.1 2026-10-03 20:47:41.439 UTC [96] supabase_admin@postgres LOG:  statement: CREATE INDEX pos_payment_plans_org_booking_idx ON public.pos_payment_plans USING btree (org_id, booking_id);
172.17.0.1 2026-10-03 20:47:41.440 UTC [96] supabase_admin@postgres LOG:  statement: CREATE INDEX pos_payment_plans_org_contact_idx ON public.pos_payment_plans USING btree (org_id, crm_contact_id);
172.17.0.1 2026-10-03 20:47:41.441 UTC [96] supabase_admin@postgres LOG:  statement: CREATE INDEX pos_payment_plans_org_party_idx ON public.pos_payment_plans USING btree (org_id, party_id);
172.17.0.1 2026-10-03 20:47:41.441 UTC [96] supabase_admin@postgres LOG:  statement: CREATE INDEX pos_payment_plans_org_status_idx ON public.pos_payment_plans USING btree (org_id, status);
172.17.0.1 2026-10-03 20:47:41.442 UTC [96] supabase_admin@postgres LOG:  statement: CREATE INDEX pos_payments_org_shift_idx ON public.pos_payments USING btree (org_id, shift_id);
172.17.0.1 2026-10-03 20:47:41.442 UTC [96] supabase_admin@postgres LOG:  statement: CREATE INDEX pos_payments_ticket_idx ON public.pos_payments USING btree (ticket_id);
172.17.0.1 2026-10-03 20:47:41.443 UTC [96] supabase_admin@postgres LOG:  statement: CREATE UNIQUE INDEX pos_series_one_active_per_env ON public.pos_series USING btree (org_id, doc_type, environment) WHERE active;
172.17.0.1 2026-10-03 20:47:41.444 UTC [96] supabase_admin@postgres LOG:  statement: CREATE UNIQUE INDEX pos_series_org_doc_serie_uniq ON public.pos_series USING btree (org_id, doc_type, serie);
172.17.0.1 2026-10-03 20:47:41.444 UTC [96] supabase_admin@postgres LOG:  statement: CREATE UNIQUE INDEX pos_shifts_one_open_per_org ON public.pos_shifts USING btree (org_id) WHERE (status = 'open'::text);
172.17.0.1 2026-10-03 20:47:41.445 UTC [96] supabase_admin@postgres LOG:  statement: CREATE INDEX pos_ticket_lines_org_pending_scheduling_idx ON public.pos_ticket_lines USING btree (org_id, ticket_id) WHERE ((booking_id IS NULL) AND (kind = 'service'::text));
172.17.0.1 2026-10-03 20:47:41.446 UTC [96] supabase_admin@postgres LOG:  statement: CREATE INDEX pos_ticket_lines_org_plan_idx ON public.pos_ticket_lines USING btree (org_id, plan_id) WHERE (plan_id IS NOT NULL);
172.17.0.1 2026-10-03 20:47:41.446 UTC [96] supabase_admin@postgres LOG:  statement: CREATE INDEX pos_ticket_lines_org_product_idx ON public.pos_ticket_lines USING btree (org_id, fin_product_id);
172.17.0.1 2026-10-03 20:47:41.447 UTC [96] supabase_admin@postgres LOG:  statement: CREATE INDEX pos_ticket_lines_org_redemption_idx ON public.pos_ticket_lines USING btree (org_id, redemption_id) WHERE (redemption_id IS NOT NULL);
172.17.0.1 2026-10-03 20:47:41.448 UTC [96] supabase_admin@postgres LOG:  statement: CREATE INDEX pos_ticket_lines_org_ticket_idx ON public.pos_ticket_lines USING btree (org_id, ticket_id);
172.17.0.1 2026-10-03 20:47:41.448 UTC [96] supabase_admin@postgres LOG:  statement: CREATE INDEX pos_tickets_org_party_idx ON public.pos_tickets USING btree (org_id, party_id);
172.17.0.1 2026-10-03 20:47:41.449 UTC [96] supabase_admin@postgres LOG:  statement: CREATE INDEX pos_tickets_org_shift_idx ON public.pos_tickets USING btree (org_id, shift_id);
172.17.0.1 2026-10-03 20:47:41.450 UTC [96] supabase_admin@postgres LOG:  statement: CREATE INDEX pos_tickets_org_submitted_idx ON public.pos_tickets USING btree (org_id, submitted_at);
172.17.0.1 2026-10-03 20:47:41.450 UTC [96] supabase_admin@postgres LOG:  statement: CREATE UNIQUE INDEX profiles_alias_key ON public.profiles USING btree (alias) WHERE (alias IS NOT NULL);
172.17.0.1 2026-10-03 20:47:41.451 UTC [96] supabase_admin@postgres LOG:  statement: CREATE UNIQUE INDEX profiles_username_key ON public.profiles USING btree (username);
172.17.0.1 2026-10-03 20:47:41.452 UTC [96] supabase_admin@postgres LOG:  statement: CREATE INDEX proj_projects_customer_idx ON public.proj_projects USING btree (customer_party_id);
172.17.0.1 2026-10-03 20:47:41.452 UTC [96] supabase_admin@postgres LOG:  statement: CREATE INDEX proj_projects_lead_idx ON public.proj_projects USING btree (lead_party_id);
172.17.0.1 2026-10-03 20:47:41.453 UTC [96] supabase_admin@postgres LOG:  statement: CREATE INDEX proj_projects_org_created_idx ON public.proj_projects USING btree (org_id, created_at);
172.17.0.1 2026-10-03 20:47:41.453 UTC [96] supabase_admin@postgres LOG:  statement: CREATE UNIQUE INDEX proj_projects_org_human_uniq ON public.proj_projects USING btree (org_id, human_id) WHERE (human_id IS NOT NULL);
172.17.0.1 2026-10-03 20:47:41.454 UTC [96] supabase_admin@postgres LOG:  statement: CREATE INDEX proj_projects_org_status_idx ON public.proj_projects USING btree (org_id, status);
172.17.0.1 2026-10-03 20:47:41.454 UTC [96] supabase_admin@postgres LOG:  statement: CREATE INDEX proj_tasks_org_assignee_status_idx ON public.proj_tasks USING btree (org_id, assignee_party_id, status);
172.17.0.1 2026-10-03 20:47:41.455 UTC [96] supabase_admin@postgres LOG:  statement: CREATE UNIQUE INDEX proj_tasks_org_human_uniq ON public.proj_tasks USING btree (org_id, human_id) WHERE (human_id IS NOT NULL);
172.17.0.1 2026-10-03 20:47:41.455 UTC [96] supabase_admin@postgres LOG:  statement: CREATE INDEX proj_tasks_org_milestone_idx ON public.proj_tasks USING btree (org_id, milestone_id);
172.17.0.1 2026-10-03 20:47:41.456 UTC [96] supabase_admin@postgres LOG:  statement: CREATE INDEX proj_tasks_org_parent_idx ON public.proj_tasks USING btree (org_id, parent_id);
172.17.0.1 2026-10-03 20:47:41.457 UTC [96] supabase_admin@postgres LOG:  statement: CREATE INDEX proj_tasks_org_project_status_idx ON public.proj_tasks USING btree (org_id, project_id, status);
172.17.0.1 2026-10-03 20:47:41.457 UTC [96] supabase_admin@postgres LOG:  statement: CREATE INDEX proj_templates_org_idx ON public.proj_templates USING btree (org_id);
172.17.0.1 2026-10-03 20:47:41.458 UTC [96] supabase_admin@postgres LOG:  statement: CREATE INDEX proj_timesheets_org_party_idx ON public.proj_timesheets USING btree (org_id, party_id);
172.17.0.1 2026-10-03 20:47:41.458 UTC [96] supabase_admin@postgres LOG:  statement: CREATE INDEX proj_timesheets_org_project_idx ON public.proj_timesheets USING btree (org_id, project_id);
172.17.0.1 2026-10-03 20:47:41.458 UTC [96] supabase_admin@postgres LOG:  statement: CREATE INDEX proj_timesheets_org_spent_idx ON public.proj_timesheets USING btree (org_id, spent_date);
172.17.0.1 2026-10-03 20:47:41.459 UTC [96] supabase_admin@postgres LOG:  statement: CREATE INDEX proj_timesheets_org_task_idx ON public.proj_timesheets USING btree (org_id, task_id);
172.17.0.1 2026-10-03 20:47:41.459 UTC [96] supabase_admin@postgres LOG:  statement: CREATE UNIQUE INDEX provision_configs_uniq_gateway ON public.server_provision_configs USING btree (gateway_id);
172.17.0.1 2026-10-03 20:47:41.460 UTC [96] supabase_admin@postgres LOG:  statement: CREATE INDEX pulse_proposals_org_status_idx ON public.pulse_proposals USING btree (org_id, status, created_at DESC);
172.17.0.1 2026-10-03 20:47:41.461 UTC [96] supabase_admin@postgres LOG:  statement: CREATE UNIQUE INDEX sales_orders_booking_uniq ON public.sales_orders USING btree (org_id, source_booking_id) WHERE (source_booking_id IS NOT NULL);
172.17.0.1 2026-10-03 20:47:41.461 UTC [96] supabase_admin@postgres LOG:  statement: CREATE INDEX sales_orders_contact_idx ON public.sales_orders USING btree (crm_contact_id);
172.17.0.1 2026-10-03 20:47:41.462 UTC [96] supabase_admin@postgres LOG:  statement: CREATE UNIQUE INDEX sales_orders_human_id_uniq ON public.sales_orders USING btree (org_id, human_id) WHERE (human_id IS NOT NULL);
172.17.0.1 2026-10-03 20:47:41.462 UTC [96] supabase_admin@postgres LOG:  statement: CREATE INDEX sales_orders_org_created_idx ON public.sales_orders USING btree (org_id, created_at);
172.17.0.1 2026-10-03 20:47:41.463 UTC [96] supabase_admin@postgres LOG:  statement: CREATE INDEX sales_orders_org_status_idx ON public.sales_orders USING btree (org_id, status);
172.17.0.1 2026-10-03 20:47:41.463 UTC [96] supabase_admin@postgres LOG:  statement: CREATE INDEX sales_orders_owner_idx ON public.sales_orders USING btree (org_id, owner_id);
172.17.0.1 2026-10-03 20:47:41.463 UTC [96] supabase_admin@postgres LOG:  statement: CREATE INDEX sales_orders_party_idx ON public.sales_orders USING btree (party_id);
172.17.0.1 2026-10-03 20:47:41.464 UTC [96] supabase_admin@postgres LOG:  statement: CREATE INDEX sched_availability_schedule_date_idx ON public.sched_availability USING btree (schedule_id, date);
172.17.0.1 2026-10-03 20:47:41.464 UTC [96] supabase_admin@postgres LOG:  statement: CREATE INDEX sched_availability_schedule_idx ON public.sched_availability USING btree (schedule_id);
172.17.0.1 2026-10-03 20:47:41.465 UTC [96] supabase_admin@postgres LOG:  statement: CREATE INDEX sched_booking_status_log_org_booking_idx ON public.sched_booking_status_log USING btree (org_id, booking_id, changed_at);
172.17.0.1 2026-10-03 20:47:41.465 UTC [96] supabase_admin@postgres LOG:  statement: CREATE INDEX sched_bookings_crm_idx ON public.sched_bookings USING btree (crm_contact_id);
172.17.0.1 2026-10-03 20:47:41.466 UTC [96] supabase_admin@postgres LOG:  statement: CREATE INDEX sched_bookings_org_grant_idx ON public.sched_bookings USING btree (org_id, package_grant_id) WHERE (package_grant_id IS NOT NULL);
172.17.0.1 2026-10-03 20:47:41.466 UTC [96] supabase_admin@postgres LOG:  statement: CREATE INDEX sched_bookings_org_invoice_idx ON public.sched_bookings USING btree (org_id, invoice_id) WHERE (invoice_id IS NOT NULL);
172.17.0.1 2026-10-03 20:47:41.466 UTC [96] supabase_admin@postgres LOG:  statement: CREATE INDEX sched_bookings_org_plan_idx ON public.sched_bookings USING btree (org_id, payment_plan_id) WHERE (payment_plan_id IS NOT NULL);
172.17.0.1 2026-10-03 20:47:41.467 UTC [96] supabase_admin@postgres LOG:  statement: CREATE INDEX sched_bookings_org_series_idx ON public.sched_bookings USING btree (org_id, series_id, series_index) WHERE (series_id IS NOT NULL);
172.17.0.1 2026-10-03 20:47:41.467 UTC [96] supabase_admin@postgres LOG:  statement: CREATE INDEX sched_bookings_org_start_idx ON public.sched_bookings USING btree (org_id, start_time);
172.17.0.1 2026-10-03 20:47:41.468 UTC [96] supabase_admin@postgres LOG:  statement: CREATE INDEX sched_bookings_org_status_idx ON public.sched_bookings USING btree (org_id, status);
172.17.0.1 2026-10-03 20:47:41.468 UTC [96] supabase_admin@postgres LOG:  statement: CREATE UNIQUE INDEX sched_bookings_org_uid_uniq ON public.sched_bookings USING btree (org_id, uid);
172.17.0.1 2026-10-03 20:47:41.469 UTC [96] supabase_admin@postgres LOG:  statement: CREATE INDEX sched_bookings_party_idx ON public.sched_bookings USING btree (party_id);
172.17.0.1 2026-10-03 20:47:41.469 UTC [96] supabase_admin@postgres LOG:  statement: CREATE INDEX sched_bookings_resource_start_idx ON public.sched_bookings USING btree (resource_id, start_time);
172.17.0.1 2026-10-03 20:47:41.469 UTC [96] supabase_admin@postgres LOG:  statement: CREATE INDEX sched_bookings_resource_status_start_idx ON public.sched_bookings USING btree (resource_id, status, start_time);
172.17.0.1 2026-10-03 20:47:41.470 UTC [96] supabase_admin@postgres LOG:  statement: CREATE INDEX sched_etr_resource_idx ON public.sched_event_type_resources USING btree (resource_id);
172.17.0.1 2026-10-03 20:47:41.470 UTC [96] supabase_admin@postgres LOG:  statement: CREATE UNIQUE INDEX sched_event_kinds_org_default_uniq ON public.sched_event_kinds USING btree (org_id) WHERE is_default;
172.17.0.1 2026-10-03 20:47:41.471 UTC [96] supabase_admin@postgres LOG:  statement: CREATE UNIQUE INDEX sched_event_kinds_org_name_uniq ON public.sched_event_kinds USING btree (org_id, name);
172.17.0.1 2026-10-03 20:47:41.472 UTC [96] supabase_admin@postgres LOG:  statement: CREATE INDEX sched_event_types_org_idx ON public.sched_event_types USING btree (org_id);
172.17.0.1 2026-10-03 20:47:41.472 UTC [96] supabase_admin@postgres LOG:  statement: CREATE UNIQUE INDEX sched_event_types_org_slug_uniq ON public.sched_event_types USING btree (org_id, slug);
172.17.0.1 2026-10-03 20:47:41.473 UTC [96] supabase_admin@postgres LOG:  statement: CREATE INDEX sched_links_org_idx ON public.sched_links USING btree (org_id);
172.17.0.1 2026-10-03 20:47:41.473 UTC [96] supabase_admin@postgres LOG:  statement: CREATE UNIQUE INDEX sched_links_org_slug_uniq ON public.sched_links USING btree (org_id, slug);
172.17.0.1 2026-10-03 20:47:41.474 UTC [96] supabase_admin@postgres LOG:  statement: CREATE INDEX sched_reminders_booking_idx ON public.sched_reminders USING btree (booking_id);
172.17.0.1 2026-10-03 20:47:41.474 UTC [96] supabase_admin@postgres LOG:  statement: CREATE UNIQUE INDEX sched_reminders_booking_stage_chan_uniq ON public.sched_reminders USING btree (org_id, booking_id, stage, channel, recipient_role);
172.17.0.1 2026-10-03 20:47:41.475 UTC [96] supabase_admin@postgres LOG:  statement: CREATE INDEX sched_reminders_org_created_idx ON public.sched_reminders USING btree (org_id, created_at);
172.17.0.1 2026-10-03 20:47:41.475 UTC [96] supabase_admin@postgres LOG:  statement: CREATE INDEX sched_resources_org_idx ON public.sched_resources USING btree (org_id);
172.17.0.1 2026-10-03 20:47:41.476 UTC [96] supabase_admin@postgres LOG:  statement: CREATE UNIQUE INDEX sched_resources_org_profile_uniq ON public.sched_resources USING btree (org_id, profile_id) WHERE (profile_id IS NOT NULL);
172.17.0.1 2026-10-03 20:47:41.476 UTC [96] supabase_admin@postgres LOG:  statement: CREATE INDEX sched_schedules_org_idx ON public.sched_schedules USING btree (org_id);
172.17.0.1 2026-10-03 20:47:41.477 UTC [96] supabase_admin@postgres LOG:  statement: CREATE INDEX sched_schedules_resource_idx ON public.sched_schedules USING btree (resource_id);
172.17.0.1 2026-10-03 20:47:41.477 UTC [96] supabase_admin@postgres LOG:  statement: CREATE UNIQUE INDEX sessions_uniq_key ON public.sessions USING btree (tenant_id, gateway_id, session_key);
172.17.0.1 2026-10-03 20:47:41.478 UTC [96] supabase_admin@postgres LOG:  statement: CREATE INDEX stk_accruals_org_item_wh_status_idx ON public.stk_accruals USING btree (org_id, item_id, warehouse_id, status);
172.17.0.1 2026-10-03 20:47:41.478 UTC [96] supabase_admin@postgres LOG:  statement: CREATE UNIQUE INDEX stk_accruals_org_source_item_uniq ON public.stk_accruals USING btree (org_id, source, source_id, item_id);
172.17.0.1 2026-10-03 20:47:41.479 UTC [96] supabase_admin@postgres LOG:  statement: CREATE INDEX stk_accruals_org_status_idx ON public.stk_accruals USING btree (org_id, status);
172.17.0.1 2026-10-03 20:47:41.479 UTC [96] supabase_admin@postgres LOG:  statement: CREATE INDEX stk_accruals_source_idx ON public.stk_accruals USING btree (source, source_id);
172.17.0.1 2026-10-03 20:47:41.479 UTC [96] supabase_admin@postgres LOG:  statement: CREATE INDEX stk_consumption_org_product_idx ON public.stk_consumption USING btree (org_id, fin_product_id);
172.17.0.1 2026-10-03 20:47:41.480 UTC [96] supabase_admin@postgres LOG:  statement: CREATE UNIQUE INDEX stk_entries_org_active_invoice_issue_uniq ON public.stk_entries USING btree (org_id, lower(btrim((metadata ->> 'invoiceId'::text)))) WHERE ((type = 'issue'::text) AND (status = ANY (ARRAY['draft'::text, 'submitted'::text])) AND (jsonb_typeof((metadata -> 'invoiceId'::text)) = 'string'::text) AND (btrim((metadata ->> 'invoiceId'::text)) <> ''::text));
172.17.0.1 2026-10-03 20:47:41.481 UTC [96] supabase_admin@postgres LOG:  statement: CREATE INDEX stk_entries_org_created_idx ON public.stk_entries USING btree (org_id, created_at);
172.17.0.1 2026-10-03 20:47:41.481 UTC [96] supabase_admin@postgres LOG:  statement: CREATE UNIQUE INDEX stk_entries_org_human_id_uniq ON public.stk_entries USING btree (org_id, human_id) WHERE (human_id IS NOT NULL);
172.17.0.1 2026-10-03 20:47:41.482 UTC [96] supabase_admin@postgres LOG:  statement: CREATE INDEX stk_entries_org_status_idx ON public.stk_entries USING btree (org_id, status);
172.17.0.1 2026-10-03 20:47:41.482 UTC [96] supabase_admin@postgres LOG:  statement: CREATE INDEX stk_entry_lines_entry_idx ON public.stk_entry_lines USING btree (entry_id);
172.17.0.1 2026-10-03 20:47:41.483 UTC [96] supabase_admin@postgres LOG:  statement: CREATE INDEX stk_entry_lines_org_idx ON public.stk_entry_lines USING btree (org_id);
172.17.0.1 2026-10-03 20:47:41.483 UTC [96] supabase_admin@postgres LOG:  statement: CREATE INDEX stk_item_components_org_child_idx ON public.stk_item_components USING btree (org_id, child_item_id);
172.17.0.1 2026-10-03 20:47:41.484 UTC [96] supabase_admin@postgres LOG:  statement: CREATE INDEX stk_item_components_org_parent_idx ON public.stk_item_components USING btree (org_id, parent_item_id);
172.17.0.1 2026-10-03 20:47:41.484 UTC [96] supabase_admin@postgres LOG:  statement: CREATE INDEX stk_items_org_aliases_idx ON public.stk_items USING gin (((metadata -> 'aliases'::text)) jsonb_path_ops);
172.17.0.1 2026-10-03 20:47:41.485 UTC [96] supabase_admin@postgres LOG:  statement: CREATE UNIQUE INDEX stk_items_org_code_uniq ON public.stk_items USING btree (org_id, code);
172.17.0.1 2026-10-03 20:47:41.485 UTC [96] supabase_admin@postgres LOG:  statement: CREATE UNIQUE INDEX stk_items_org_fin_product_uniq ON public.stk_items USING btree (org_id, fin_product_id) WHERE (fin_product_id IS NOT NULL);
172.17.0.1 2026-10-03 20:47:41.486 UTC [96] supabase_admin@postgres LOG:  statement: CREATE INDEX stk_items_org_idx ON public.stk_items USING btree (org_id);
172.17.0.1 2026-10-03 20:47:41.487 UTC [96] supabase_admin@postgres LOG:  statement: CREATE INDEX stk_items_org_sku_idx ON public.stk_items USING btree (org_id, sku);
172.17.0.1 2026-10-03 20:47:41.487 UTC [96] supabase_admin@postgres LOG:  statement: CREATE INDEX stk_items_org_supplier_idx ON public.stk_items USING btree (org_id, default_supplier_party_id) WHERE (default_supplier_party_id IS NOT NULL);
172.17.0.1 2026-10-03 20:47:41.488 UTC [96] supabase_admin@postgres LOG:  statement: CREATE INDEX stk_ledger_entry_idx ON public.stk_ledger USING btree (entry_id);
172.17.0.1 2026-10-03 20:47:41.488 UTC [96] supabase_admin@postgres LOG:  statement: CREATE INDEX stk_ledger_org_item_posted_idx ON public.stk_ledger USING btree (org_id, item_id, posted_at);
172.17.0.1 2026-10-03 20:47:41.489 UTC [96] supabase_admin@postgres LOG:  statement: CREATE UNIQUE INDEX stk_warehouses_default_one_per_org ON public.stk_warehouses USING btree (org_id) WHERE is_default;
172.17.0.1 2026-10-03 20:47:41.490 UTC [96] supabase_admin@postgres LOG:  statement: CREATE INDEX stk_warehouses_org_idx ON public.stk_warehouses USING btree (org_id);
172.17.0.1 2026-10-03 20:47:41.490 UTC [96] supabase_admin@postgres LOG:  statement: CREATE INDEX stk_warehouses_org_parent_idx ON public.stk_warehouses USING btree (org_id, parent_id);
172.17.0.1 2026-10-03 20:47:41.491 UTC [96] supabase_admin@postgres LOG:  statement: CREATE INDEX support_issues_contact_idx ON public.support_issues USING btree (crm_contact_id);
172.17.0.1 2026-10-03 20:47:41.492 UTC [96] supabase_admin@postgres LOG:  statement: CREATE UNIQUE INDEX support_issues_human_id_uniq ON public.support_issues USING btree (org_id, human_id) WHERE (human_id IS NOT NULL);
172.17.0.1 2026-10-03 20:47:41.492 UTC [96] supabase_admin@postgres LOG:  statement: CREATE INDEX support_issues_org_created_idx ON public.support_issues USING btree (org_id, created_at);
172.17.0.1 2026-10-03 20:47:41.493 UTC [96] supabase_admin@postgres LOG:  statement: CREATE INDEX support_issues_org_status_idx ON public.support_issues USING btree (org_id, status);
172.17.0.1 2026-10-03 20:47:41.494 UTC [96] supabase_admin@postgres LOG:  statement: CREATE INDEX support_issues_owner_idx ON public.support_issues USING btree (owner_id);
172.17.0.1 2026-10-03 20:47:41.494 UTC [96] supabase_admin@postgres LOG:  statement: CREATE INDEX support_issues_party_idx ON public.support_issues USING btree (party_id);
172.17.0.1 2026-10-03 20:47:41.495 UTC [96] supabase_admin@postgres LOG:  statement: CREATE INDEX tag_links_org_entity_idx ON public.tag_links USING btree (org_id, entity_kind, entity_id);
172.17.0.1 2026-10-03 20:47:41.496 UTC [96] supabase_admin@postgres LOG:  statement: CREATE INDEX tag_links_org_tag_idx ON public.tag_links USING btree (org_id, tag_id);
172.17.0.1 2026-10-03 20:47:41.496 UTC [96] supabase_admin@postgres LOG:  statement: CREATE UNIQUE INDEX uq_join_request_pending ON public.join_request USING btree (user_id, organization_id) WHERE (status = 'pending'::text);
172.17.0.1 2026-10-03 20:47:41.497 UTC [96] supabase_admin@postgres LOG:  statement: CREATE UNIQUE INDEX uq_settings_gateway_section ON public.settings USING btree (gateway_id, section);
172.17.0.1 2026-10-03 20:47:41.498 UTC [96] supabase_admin@postgres LOG:  statement: CREATE UNIQUE INDEX uq_user_prefs_profile_section ON public.user_preferences USING btree (profile_id, section);
172.17.0.1 2026-10-03 20:47:41.499 UTC [96] supabase_admin@postgres LOG:  statement: CREATE UNIQUE INDEX uq_wpc_tenant_name ON public.workshop_prompt_categories USING btree (tenant_id, name);
172.17.0.1 2026-10-03 20:47:41.500 UTC [96] supabase_admin@postgres LOG:  statement: CREATE UNIQUE INDEX workflow_defs_org_doctype_uniq ON public.workflow_defs USING btree (org_id, doc_type);
172.17.0.1 2026-10-03 20:47:41.501 UTC [96] supabase_admin@postgres LOG:  statement: CREATE TRIGGER attachment_contact_soft_deleted AFTER UPDATE OF deleted_at ON public.crm_contacts FOR EACH ROW WHEN (((old.deleted_at IS NULL) AND (new.deleted_at IS NOT NULL))) EXECUTE FUNCTION public.detach_deleted_record_attachments();
172.17.0.1 2026-10-03 20:47:41.502 UTC [96] supabase_admin@postgres LOG:  statement: CREATE TRIGGER attachment_file_state_immutable BEFORE UPDATE ON public.attachment_file_state FOR EACH ROW EXECUTE FUNCTION public.guard_attachment_file_state();
172.17.0.1 2026-10-03 20:47:41.502 UTC [96] supabase_admin@postgres LOG:  statement: CREATE TRIGGER attachment_record_deleted AFTER DELETE ON public.crm_contacts FOR EACH ROW EXECUTE FUNCTION public.detach_deleted_record_attachments();
172.17.0.1 2026-10-03 20:47:41.502 UTC [96] supabase_admin@postgres LOG:  statement: CREATE TRIGGER attachment_record_deleted AFTER DELETE ON public.fin_invoices FOR EACH ROW EXECUTE FUNCTION public.detach_deleted_record_attachments();
172.17.0.1 2026-10-03 20:47:41.503 UTC [96] supabase_admin@postgres LOG:  statement: CREATE TRIGGER attachment_record_deleted AFTER DELETE ON public.fin_products FOR EACH ROW EXECUTE FUNCTION public.detach_deleted_record_attachments();
172.17.0.1 2026-10-03 20:47:41.503 UTC [96] supabase_admin@postgres LOG:  statement: CREATE TRIGGER attachment_record_deleted AFTER DELETE ON public.pos_tickets FOR EACH ROW EXECUTE FUNCTION public.detach_deleted_record_attachments();
172.17.0.1 2026-10-03 20:47:41.503 UTC [96] supabase_admin@postgres LOG:  statement: CREATE TRIGGER attachment_record_deleted AFTER DELETE ON public.sched_bookings FOR EACH ROW EXECUTE FUNCTION public.detach_deleted_record_attachments();
172.17.0.1 2026-10-03 20:47:41.504 UTC [96] supabase_admin@postgres LOG:  statement: CREATE TRIGGER attachment_record_deleted AFTER DELETE ON public.sched_event_types FOR EACH ROW EXECUTE FUNCTION public.detach_deleted_record_attachments();
172.17.0.1 2026-10-03 20:47:41.504 UTC [96] supabase_admin@postgres LOG:  statement: CREATE TRIGGER attachment_record_deleted AFTER DELETE ON public.stk_entries FOR EACH ROW EXECUTE FUNCTION public.detach_deleted_record_attachments();
172.17.0.1 2026-10-03 20:47:41.504 UTC [96] supabase_admin@postgres LOG:  statement: CREATE TRIGGER attachment_record_deleted AFTER DELETE ON public.stk_items FOR EACH ROW EXECUTE FUNCTION public.detach_deleted_record_attachments();
172.17.0.1 2026-10-03 20:47:41.504 UTC [96] supabase_admin@postgres LOG:  statement: CREATE TRIGGER crm_contact_activity_identity_change AFTER INSERT OR DELETE OR UPDATE OF org_id, contact_id, channel, external_id ON public.crm_contact_identities FOR EACH ROW EXECUTE FUNCTION public.crm_contact_activity_on_identity_change();
172.17.0.1 2026-10-03 20:47:41.505 UTC [96] supabase_admin@postgres LOG:  statement: CREATE TRIGGER crm_contact_activity_message_change AFTER DELETE OR UPDATE OF org_id, channel, chat_id, direction, is_bot, occurred_at, created_at ON public.messages FOR EACH ROW EXECUTE FUNCTION public.crm_contact_activity_on_message_change();
172.17.0.1 2026-10-03 20:47:41.505 UTC [96] supabase_admin@postgres LOG:  statement: CREATE TRIGGER crm_contact_activity_message_insert AFTER INSERT ON public.messages FOR EACH ROW EXECUTE FUNCTION public.crm_contact_activity_on_message_insert();
172.17.0.1 2026-10-03 20:47:41.505 UTC [96] supabase_admin@postgres LOG:  statement: CREATE CONSTRAINT TRIGGER job_effect_batches_complete AFTER INSERT OR UPDATE ON public.job_effect_batches DEFERRABLE INITIALLY DEFERRED FOR EACH ROW EXECUTE FUNCTION public.job_effect_membership_guard();
172.17.0.1 2026-10-03 20:47:41.506 UTC [96] supabase_admin@postgres LOG:  statement: CREATE TRIGGER job_effect_batches_guard BEFORE INSERT OR DELETE OR UPDATE ON public.job_effect_batches FOR EACH ROW EXECUTE FUNCTION public.job_effect_batches_guard();
172.17.0.1 2026-10-03 20:47:41.506 UTC [96] supabase_admin@postgres LOG:  statement: CREATE TRIGGER job_effect_pages_guard BEFORE INSERT OR DELETE OR UPDATE ON public.job_effect_pages FOR EACH ROW EXECUTE FUNCTION public.job_effect_pages_guard();
172.17.0.1 2026-10-03 20:47:41.506 UTC [96] supabase_admin@postgres LOG:  statement: CREATE CONSTRAINT TRIGGER job_effect_units_complete AFTER INSERT OR DELETE OR UPDATE ON public.job_effect_units DEFERRABLE INITIALLY DEFERRED FOR EACH ROW EXECUTE FUNCTION public.job_effect_membership_guard();
172.17.0.1 2026-10-03 20:47:41.507 UTC [96] supabase_admin@postgres LOG:  statement: CREATE TRIGGER job_effect_units_guard BEFORE INSERT OR DELETE OR UPDATE ON public.job_effect_units FOR EACH ROW EXECUTE FUNCTION public.job_effect_units_guard();
172.17.0.1 2026-10-03 20:47:41.507 UTC [96] supabase_admin@postgres LOG:  statement: CREATE TRIGGER knowledge_chunks_vector_outbox AFTER INSERT OR DELETE OR UPDATE OF content_hash, embedding_model, embedding, org_id, source_id, document_id, kind, occurred_at ON public.knowledge_chunks FOR EACH ROW EXECUTE FUNCTION public.enqueue_brain_vector_chunk();
172.17.0.1 2026-10-03 20:47:41.508 UTC [96] supabase_admin@postgres LOG:  statement: CREATE TRIGGER managed_attachment_identity BEFORE INSERT OR UPDATE OF id, tenant_id, b2_file_key ON public.files FOR EACH ROW EXECUTE FUNCTION public.guard_managed_file_identity();
172.17.0.1 2026-10-03 20:47:41.508 UTC [96] supabase_admin@postgres LOG:  statement: CREATE TRIGGER messages_realtime_broadcast AFTER INSERT ON public.messages FOR EACH ROW EXECUTE FUNCTION public.hub_broadcast_message_committed();
172.17.0.1 2026-10-03 20:47:41.509 UTC [96] supabase_admin@postgres LOG:  statement: ALTER TABLE ONLY public.agent_artifact_revisions
	    ADD CONSTRAINT agent_artifact_revisions_artifact_id_fkey FOREIGN KEY (artifact_id) REFERENCES public.agent_artifacts(id) ON DELETE CASCADE;
172.17.0.1 2026-10-03 20:47:41.511 UTC [96] supabase_admin@postgres LOG:  statement: ALTER TABLE ONLY public.agent_built_skills
	    ADD CONSTRAINT agent_built_skills_gateway_id_gateway_id_fk FOREIGN KEY (gateway_id) REFERENCES public.gateway(id) ON DELETE CASCADE;
172.17.0.1 2026-10-03 20:47:41.512 UTC [96] supabase_admin@postgres LOG:  statement: ALTER TABLE ONLY public.agent_built_skills
	    ADD CONSTRAINT agent_built_skills_skill_id_built_skills_id_fk FOREIGN KEY (skill_id) REFERENCES public.built_skills(id) ON DELETE CASCADE;
172.17.0.1 2026-10-03 20:47:41.513 UTC [96] supabase_admin@postgres LOG:  statement: ALTER TABLE ONLY public.agent_group_members
	    ADD CONSTRAINT agent_group_members_group_id_agent_groups_id_fk FOREIGN KEY (group_id) REFERENCES public.agent_groups(id) ON DELETE CASCADE;
172.17.0.1 2026-10-03 20:47:41.514 UTC [96] supabase_admin@postgres LOG:  statement: ALTER TABLE ONLY public.agent_groups
	    ADD CONSTRAINT agent_groups_profile_id_profiles_id_fk FOREIGN KEY (profile_id) REFERENCES public.profiles(id) ON DELETE CASCADE;
172.17.0.1 2026-10-03 20:47:41.515 UTC [96] supabase_admin@postgres LOG:  statement: ALTER TABLE ONLY public.brain_access
	    ADD CONSTRAINT brain_access_brain_id_fkey FOREIGN KEY (brain_id) REFERENCES public.brains(id) ON DELETE CASCADE;
172.17.0.1 2026-10-03 20:47:41.516 UTC [96] supabase_admin@postgres LOG:  statement: ALTER TABLE ONLY public.brain_chunks
	    ADD CONSTRAINT brain_chunks_brain_id_fkey FOREIGN KEY (brain_id) REFERENCES public.brains(id) ON DELETE CASCADE;
172.17.0.1 2026-10-03 20:47:41.518 UTC [96] supabase_admin@postgres LOG:  statement: ALTER TABLE ONLY public.brain_chunks
	    ADD CONSTRAINT brain_chunks_document_id_fkey FOREIGN KEY (document_id) REFERENCES public.brain_documents(id) ON DELETE CASCADE;
172.17.0.1 2026-10-03 20:47:41.519 UTC [96] supabase_admin@postgres LOG:  statement: ALTER TABLE ONLY public.brain_documents
	    ADD CONSTRAINT brain_documents_brain_id_fkey FOREIGN KEY (brain_id) REFERENCES public.brains(id) ON DELETE CASCADE;
172.17.0.1 2026-10-03 20:47:41.520 UTC [96] supabase_admin@postgres LOG:  statement: ALTER TABLE ONLY public.brain_sources
	    ADD CONSTRAINT brain_sources_brain_fk FOREIGN KEY (org_id, brain_id) REFERENCES public.brains(org_id, id) ON DELETE CASCADE;
172.17.0.1 2026-10-03 20:47:41.522 UTC [96] supabase_admin@postgres LOG:  statement: ALTER TABLE ONLY public.brain_sources
	    ADD CONSTRAINT brain_sources_source_fk FOREIGN KEY (org_id, source_id) REFERENCES public.knowledge_sources(org_id, id) ON DELETE CASCADE;
172.17.0.1 2026-10-03 20:47:41.523 UTC [96] supabase_admin@postgres LOG:  statement: ALTER TABLE ONLY public.brain_vector_outbox
	    ADD CONSTRAINT brain_vector_outbox_generation_fk FOREIGN KEY (collection_generation) REFERENCES public.brain_vector_generations(generation);
172.17.0.1 2026-10-03 20:47:41.524 UTC [96] supabase_admin@postgres LOG:  statement: ALTER TABLE ONLY public.brain_vector_reconcile_state
	    ADD CONSTRAINT brain_vector_reconcile_state_collection_generation_fkey FOREIGN KEY (collection_generation) REFERENCES public.brain_vector_generations(generation);
172.17.0.1 2026-10-03 20:47:41.525 UTC [96] supabase_admin@postgres LOG:  statement: ALTER TABLE ONLY public.built_agent_skills
	    ADD CONSTRAINT built_agent_skills_agent_id_built_agents_id_fk FOREIGN KEY (agent_id) REFERENCES public.built_agents(id) ON DELETE CASCADE;
172.17.0.1 2026-10-03 20:47:41.526 UTC [96] supabase_admin@postgres LOG:  statement: ALTER TABLE ONLY public.built_agent_skills
	    ADD CONSTRAINT built_agent_skills_skill_id_built_skills_id_fk FOREIGN KEY (skill_id) REFERENCES public.built_skills(id) ON DELETE CASCADE;
172.17.0.1 2026-10-03 20:47:41.528 UTC [96] supabase_admin@postgres LOG:  statement: ALTER TABLE ONLY public.built_agents
	    ADD CONSTRAINT built_agents_gateway_id_gateway_id_fk FOREIGN KEY (gateway_id) REFERENCES public.gateway(id) ON DELETE CASCADE;
172.17.0.1 2026-10-03 20:47:41.529 UTC [96] supabase_admin@postgres LOG:  statement: ALTER TABLE ONLY public.built_chapter_edges
	    ADD CONSTRAINT built_chapter_edges_skill_id_built_skills_id_fk FOREIGN KEY (skill_id) REFERENCES public.built_skills(id) ON DELETE CASCADE;
172.17.0.1 2026-10-03 20:47:41.530 UTC [96] supabase_admin@postgres LOG:  statement: ALTER TABLE ONLY public.built_chapter_edges
	    ADD CONSTRAINT built_chapter_edges_source_chapter_id_built_chapters_id_fk FOREIGN KEY (source_chapter_id) REFERENCES public.built_chapters(id) ON DELETE CASCADE;
172.17.0.1 2026-10-03 20:47:41.531 UTC [96] supabase_admin@postgres LOG:  statement: ALTER TABLE ONLY public.built_chapter_edges
	    ADD CONSTRAINT built_chapter_edges_target_chapter_id_built_chapters_id_fk FOREIGN KEY (target_chapter_id) REFERENCES public.built_chapters(id) ON DELETE CASCADE;
172.17.0.1 2026-10-03 20:47:41.532 UTC [96] supabase_admin@postgres LOG:  statement: ALTER TABLE ONLY public.built_chapter_tools
	    ADD CONSTRAINT built_chapter_tools_chapter_id_built_chapters_id_fk FOREIGN KEY (chapter_id) REFERENCES public.built_chapters(id) ON DELETE CASCADE;
172.17.0.1 2026-10-03 20:47:41.533 UTC [96] supabase_admin@postgres LOG:  statement: ALTER TABLE ONLY public.built_chapters
	    ADD CONSTRAINT built_chapters_skill_id_built_skills_id_fk FOREIGN KEY (skill_id) REFERENCES public.built_skills(id) ON DELETE CASCADE;
172.17.0.1 2026-10-03 20:47:41.533 UTC [96] supabase_admin@postgres LOG:  statement: ALTER TABLE ONLY public.built_skill_tools
	    ADD CONSTRAINT built_skill_tools_skill_id_built_skills_id_fk FOREIGN KEY (skill_id) REFERENCES public.built_skills(id) ON DELETE CASCADE;
172.17.0.1 2026-10-03 20:47:41.534 UTC [96] supabase_admin@postgres LOG:  statement: ALTER TABLE ONLY public.built_skills
	    ADD CONSTRAINT built_skills_gateway_id_gateway_id_fk FOREIGN KEY (gateway_id) REFERENCES public.gateway(id) ON DELETE CASCADE;
172.17.0.1 2026-10-03 20:47:41.535 UTC [96] supabase_admin@postgres LOG:  statement: ALTER TABLE ONLY public.built_tools
	    ADD CONSTRAINT built_tools_gateway_id_gateway_id_fk FOREIGN KEY (gateway_id) REFERENCES public.gateway(id) ON DELETE CASCADE;
172.17.0.1 2026-10-03 20:47:41.536 UTC [96] supabase_admin@postgres LOG:  statement: ALTER TABLE ONLY public.channel_assignments
	    ADD CONSTRAINT channel_assignments_channel_id_channels_id_fk FOREIGN KEY (channel_id) REFERENCES public.channels(id) ON DELETE CASCADE;
172.17.0.1 2026-10-03 20:47:41.538 UTC [96] supabase_admin@postgres LOG:  statement: ALTER TABLE ONLY public.channel_bindings
	    ADD CONSTRAINT channel_bindings_channel_id_fkey FOREIGN KEY (channel_id) REFERENCES public.channels(id) ON DELETE CASCADE;
172.17.0.1 2026-10-03 20:47:41.539 UTC [96] supabase_admin@postgres LOG:  statement: ALTER TABLE ONLY public.channel_identities
	    ADD CONSTRAINT channel_identities_user_id_profiles_id_fk FOREIGN KEY (user_id) REFERENCES public.profiles(id) ON DELETE CASCADE;
172.17.0.1 2026-10-03 20:47:41.540 UTC [96] supabase_admin@postgres LOG:  statement: ALTER TABLE ONLY public.channel_pairing_requests
	    ADD CONSTRAINT channel_pairing_requests_gateway_id_fkey FOREIGN KEY (gateway_id) REFERENCES public.gateway(id) ON DELETE CASCADE;
172.17.0.1 2026-10-03 20:47:41.541 UTC [96] supabase_admin@postgres LOG:  statement: ALTER TABLE ONLY public.channels
	    ADD CONSTRAINT channels_gateway_id_gateway_id_fk FOREIGN KEY (gateway_id) REFERENCES public.gateway(id) ON DELETE CASCADE;
172.17.0.1 2026-10-03 20:47:41.542 UTC [96] supabase_admin@postgres LOG:  statement: ALTER TABLE ONLY public.channels
	    ADD CONSTRAINT channels_owner_profile_id_fkey FOREIGN KEY (owner_profile_id) REFERENCES public.profiles(id) ON DELETE SET NULL;
172.17.0.1 2026-10-03 20:47:41.543 UTC [96] supabase_admin@postgres LOG:  statement: ALTER TABLE ONLY public.chat_messages
	    ADD CONSTRAINT chat_messages_gateway_id_gateway_id_fk FOREIGN KEY (gateway_id) REFERENCES public.gateway(id) ON DELETE CASCADE;
172.17.0.1 2026-10-03 20:47:41.544 UTC [96] supabase_admin@postgres LOG:  statement: ALTER TABLE ONLY public.config_snapshots
	    ADD CONSTRAINT config_snapshots_gateway_id_gateway_id_fk FOREIGN KEY (gateway_id) REFERENCES public.gateway(id) ON DELETE CASCADE;
172.17.0.1 2026-10-03 20:47:41.545 UTC [96] supabase_admin@postgres LOG:  statement: ALTER TABLE ONLY public.crm_activities
	    ADD CONSTRAINT crm_activities_contact_id_fkey FOREIGN KEY (contact_id) REFERENCES public.crm_contacts(id) ON DELETE CASCADE;
172.17.0.1 2026-10-03 20:47:41.547 UTC [96] supabase_admin@postgres LOG:  statement: ALTER TABLE ONLY public.crm_contact_activity_stats
	    ADD CONSTRAINT crm_contact_activity_stats_contact_id_fkey FOREIGN KEY (contact_id) REFERENCES public.crm_contacts(id) ON DELETE CASCADE;
172.17.0.1 2026-10-03 20:47:41.548 UTC [96] supabase_admin@postgres LOG:  statement: ALTER TABLE ONLY public.crm_contact_identities
	    ADD CONSTRAINT crm_contact_identities_contact_id_fkey FOREIGN KEY (contact_id) REFERENCES public.crm_contacts(id) ON DELETE CASCADE;
172.17.0.1 2026-10-03 20:47:41.549 UTC [96] supabase_admin@postgres LOG:  statement: ALTER TABLE ONLY public.crm_contact_tags
	    ADD CONSTRAINT crm_contact_tags_contact_id_fkey FOREIGN KEY (contact_id) REFERENCES public.crm_contacts(id) ON DELETE CASCADE;
172.17.0.1 2026-10-03 20:47:41.550 UTC [96] supabase_admin@postgres LOG:  statement: ALTER TABLE ONLY public.crm_contact_tags
	    ADD CONSTRAINT crm_contact_tags_tag_id_fkey FOREIGN KEY (tag_id) REFERENCES public.crm_tags(id) ON DELETE CASCADE;
172.17.0.1 2026-10-03 20:47:41.551 UTC [96] supabase_admin@postgres LOG:  statement: ALTER TABLE ONLY public.files
	    ADD CONSTRAINT files_uploaded_by_profiles_id_fk FOREIGN KEY (uploaded_by) REFERENCES public.profiles(id) ON DELETE SET NULL;
172.17.0.1 2026-10-03 20:47:41.552 UTC [96] supabase_admin@postgres LOG:  statement: ALTER TABLE ONLY public.fin_invoice_items
	    ADD CONSTRAINT fin_invoice_items_invoice_id_fkey FOREIGN KEY (invoice_id) REFERENCES public.fin_invoices(id) ON DELETE CASCADE;
172.17.0.1 2026-10-03 20:47:41.553 UTC [96] supabase_admin@postgres LOG:  statement: ALTER TABLE ONLY public.fin_invoice_items
	    ADD CONSTRAINT fin_invoice_items_product_id_fkey FOREIGN KEY (product_id) REFERENCES public.fin_products(id) ON DELETE SET NULL;
172.17.0.1 2026-10-03 20:47:41.554 UTC [96] supabase_admin@postgres LOG:  statement: ALTER TABLE ONLY public.fin_invoices
	    ADD CONSTRAINT fin_invoices_client_id_fkey FOREIGN KEY (client_id) REFERENCES public.fin_clients(id) ON DELETE SET NULL;
172.17.0.1 2026-10-03 20:47:41.555 UTC [96] supabase_admin@postgres LOG:  statement: ALTER TABLE ONLY public.fin_payments
	    ADD CONSTRAINT fin_payments_invoice_id_fkey FOREIGN KEY (invoice_id) REFERENCES public.fin_invoices(id) ON DELETE CASCADE;
172.17.0.1 2026-10-03 20:47:41.556 UTC [96] supabase_admin@postgres LOG:  statement: ALTER TABLE ONLY public.fin_product_components
	    ADD CONSTRAINT fin_product_components_bundle_product_id_fkey FOREIGN KEY (bundle_product_id) REFERENCES public.fin_products(id) ON DELETE CASCADE;
172.17.0.1 2026-10-03 20:47:41.557 UTC [96] supabase_admin@postgres LOG:  statement: ALTER TABLE ONLY public.fin_product_components
	    ADD CONSTRAINT fin_product_components_child_product_id_fkey FOREIGN KEY (child_product_id) REFERENCES public.fin_products(id) ON DELETE RESTRICT;
172.17.0.1 2026-10-03 20:47:41.558 UTC [96] supabase_admin@postgres LOG:  statement: ALTER TABLE ONLY public.fin_transactions
	    ADD CONSTRAINT fin_transactions_org_import_fk FOREIGN KEY (org_id, import_id) REFERENCES public.fin_statement_imports(org_id, id) ON DELETE CASCADE;
172.17.0.1 2026-10-03 20:47:41.560 UTC [96] supabase_admin@postgres LOG:  statement: ALTER TABLE ONLY public.gateway_lease
	    ADD CONSTRAINT gateway_lease_gateway_id_fkey FOREIGN KEY (gateway_id) REFERENCES public.gateway(id) ON DELETE CASCADE;
172.17.0.1 2026-10-03 20:47:41.561 UTC [96] supabase_admin@postgres LOG:  statement: ALTER TABLE ONLY public.hr_employees
	    ADD CONSTRAINT hr_employees_resource_id_fkey FOREIGN KEY (resource_id) REFERENCES public.sched_resources(id) ON DELETE SET NULL;
172.17.0.1 2026-10-03 20:47:41.562 UTC [96] supabase_admin@postgres LOG:  statement: ALTER TABLE ONLY public.hr_leave_allocations
	    ADD CONSTRAINT hr_leave_allocations_employee_id_fkey FOREIGN KEY (employee_id) REFERENCES public.hr_employees(id) ON DELETE CASCADE;
172.17.0.1 2026-10-03 20:47:41.563 UTC [96] supabase_admin@postgres LOG:  statement: ALTER TABLE ONLY public.hr_leave_allocations
	    ADD CONSTRAINT hr_leave_allocations_leave_type_id_fkey FOREIGN KEY (leave_type_id) REFERENCES public.hr_leave_types(id) ON DELETE CASCADE;
172.17.0.1 2026-10-03 20:47:41.564 UTC [96] supabase_admin@postgres LOG:  statement: ALTER TABLE ONLY public.hr_leave_requests
	    ADD CONSTRAINT hr_leave_requests_employee_id_fkey FOREIGN KEY (employee_id) REFERENCES public.hr_employees(id) ON DELETE CASCADE;
172.17.0.1 2026-10-03 20:47:41.565 UTC [96] supabase_admin@postgres LOG:  statement: ALTER TABLE ONLY public.hr_leave_requests
	    ADD CONSTRAINT hr_leave_requests_leave_type_id_fkey FOREIGN KEY (leave_type_id) REFERENCES public.hr_leave_types(id);
172.17.0.1 2026-10-03 20:47:41.566 UTC [96] supabase_admin@postgres LOG:  statement: ALTER TABLE ONLY public.identity_subscriptions
	    ADD CONSTRAINT identity_subscriptions_identity_id_fkey FOREIGN KEY (identity_id) REFERENCES public.user_identities(id) ON DELETE CASCADE;
172.17.0.1 2026-10-03 20:47:41.567 UTC [96] supabase_admin@postgres LOG:  statement: ALTER TABLE ONLY public.identity_subscriptions
	    ADD CONSTRAINT identity_subscriptions_organization_id_fkey FOREIGN KEY (organization_id) REFERENCES public.organizations(id) ON DELETE CASCADE;
172.17.0.1 2026-10-03 20:47:41.567 UTC [96] supabase_admin@postgres LOG:  statement: ALTER TABLE ONLY public.identity_subscriptions
	    ADD CONSTRAINT identity_subscriptions_subscriber_profile_id_fkey FOREIGN KEY (subscriber_profile_id) REFERENCES public.profiles(id) ON DELETE CASCADE;
172.17.0.1 2026-10-03 20:47:41.568 UTC [96] supabase_admin@postgres LOG:  statement: ALTER TABLE ONLY public.job_effect_units
	    ADD CONSTRAINT job_effect_units_batch_fk FOREIGN KEY (tenant_id, batch_id) REFERENCES public.job_effect_batches(tenant_id, id);
172.17.0.1 2026-10-03 20:47:41.569 UTC [96] supabase_admin@postgres LOG:  statement: ALTER TABLE ONLY public.job_effect_units
	    ADD CONSTRAINT job_effect_units_head_fk FOREIGN KEY (tenant_id, head_id, head_kind) REFERENCES public.job_effects(tenant_id, id, kind);
172.17.0.1 2026-10-03 20:47:41.570 UTC [96] supabase_admin@postgres LOG:  statement: ALTER TABLE ONLY public.knowledge_chunks
	    ADD CONSTRAINT knowledge_chunks_document_fk FOREIGN KEY (org_id, document_id) REFERENCES public.knowledge_documents(org_id, id) ON DELETE CASCADE;
172.17.0.1 2026-10-03 20:47:41.571 UTC [96] supabase_admin@postgres LOG:  statement: ALTER TABLE ONLY public.knowledge_chunks
	    ADD CONSTRAINT knowledge_chunks_source_fk FOREIGN KEY (org_id, source_id) REFERENCES public.knowledge_sources(org_id, id) ON DELETE CASCADE;
172.17.0.1 2026-10-03 20:47:41.573 UTC [96] supabase_admin@postgres LOG:  statement: ALTER TABLE ONLY public.knowledge_documents
	    ADD CONSTRAINT knowledge_documents_source_fk FOREIGN KEY (org_id, source_id) REFERENCES public.knowledge_sources(org_id, id) ON DELETE CASCADE;
172.17.0.1 2026-10-03 20:47:41.574 UTC [96] supabase_admin@postgres LOG:  statement: ALTER TABLE ONLY public.marketplace_installs
	    ADD CONSTRAINT marketplace_installs_agent_id_marketplace_agents_id_fk FOREIGN KEY (agent_id) REFERENCES public.marketplace_agents(id) ON DELETE CASCADE;
172.17.0.1 2026-10-03 20:47:41.575 UTC [96] supabase_admin@postgres LOG:  statement: ALTER TABLE ONLY public.marketplace_installs
	    ADD CONSTRAINT marketplace_installs_gateway_id_gateway_id_fk FOREIGN KEY (gateway_id) REFERENCES public.gateway(id) ON DELETE CASCADE;
172.17.0.1 2026-10-03 20:47:41.575 UTC [96] supabase_admin@postgres LOG:  statement: ALTER TABLE ONLY public.meta_assets
	    ADD CONSTRAINT meta_assets_connection_id_fkey FOREIGN KEY (connection_id) REFERENCES public.meta_connections(id) ON DELETE CASCADE;
172.17.0.1 2026-10-03 20:47:41.576 UTC [96] supabase_admin@postgres LOG:  statement: ALTER TABLE ONLY public.meta_post_insights
	    ADD CONSTRAINT meta_post_insights_asset_id_fkey FOREIGN KEY (asset_id) REFERENCES public.meta_assets(id) ON DELETE CASCADE;
172.17.0.1 2026-10-03 20:47:41.577 UTC [96] supabase_admin@postgres LOG:  statement: ALTER TABLE ONLY public.missions
	    ADD CONSTRAINT missions_gateway_id_gateway_id_fk FOREIGN KEY (gateway_id) REFERENCES public.gateway(id) ON DELETE CASCADE;
172.17.0.1 2026-10-03 20:47:41.578 UTC [96] supabase_admin@postgres LOG:  statement: ALTER TABLE ONLY public.missions
	    ADD CONSTRAINT missions_session_id_sessions_id_fk FOREIGN KEY (session_id) REFERENCES public.sessions(id) ON DELETE CASCADE;
172.17.0.1 2026-10-03 20:47:41.579 UTC [96] supabase_admin@postgres LOG:  statement: ALTER TABLE ONLY public.org_areas
	    ADD CONSTRAINT org_areas_organization_id_fkey FOREIGN KEY (organization_id) REFERENCES public.organizations(id) ON DELETE CASCADE;
172.17.0.1 2026-10-03 20:47:41.579 UTC [96] supabase_admin@postgres LOG:  statement: ALTER TABLE ONLY public.org_provision_runs
	    ADD CONSTRAINT org_provision_runs_org_id_fkey FOREIGN KEY (org_id) REFERENCES public.organizations(id) ON DELETE CASCADE;
172.17.0.1 2026-10-03 20:47:41.580 UTC [96] supabase_admin@postgres LOG:  statement: ALTER TABLE ONLY public.organization_members
	    ADD CONSTRAINT organization_members_organization_id_fkey FOREIGN KEY (organization_id) REFERENCES public.organizations(id) ON DELETE CASCADE;
172.17.0.1 2026-10-03 20:47:41.581 UTC [96] supabase_admin@postgres LOG:  statement: ALTER TABLE ONLY public.organization_members
	    ADD CONSTRAINT organization_members_profile_id_fkey FOREIGN KEY (profile_id) REFERENCES public.profiles(id) ON DELETE CASCADE;
172.17.0.1 2026-10-03 20:47:41.582 UTC [96] supabase_admin@postgres LOG:  statement: ALTER TABLE ONLY public.pending_channel_claims
	    ADD CONSTRAINT pending_channel_claims_user_id_fkey FOREIGN KEY (user_id) REFERENCES public.profiles(id) ON DELETE CASCADE;
172.17.0.1 2026-10-03 20:47:41.583 UTC [96] supabase_admin@postgres LOG:  statement: ALTER TABLE ONLY public.personal_agents
	    ADD CONSTRAINT personal_agents_gateway_id_gateway_id_fk FOREIGN KEY (gateway_id) REFERENCES public.gateway(id) ON DELETE SET NULL;
172.17.0.1 2026-10-03 20:47:41.584 UTC [96] supabase_admin@postgres LOG:  statement: ALTER TABLE ONLY public.personal_agents
	    ADD CONSTRAINT personal_agents_profile_id_profiles_id_fk FOREIGN KEY (profile_id) REFERENCES public.profiles(id) ON DELETE CASCADE;
172.17.0.1 2026-10-03 20:47:41.585 UTC [96] supabase_admin@postgres LOG:  statement: ALTER TABLE ONLY public.plugin_org_disabled
	    ADD CONSTRAINT plugin_org_disabled_gateway_id_fkey FOREIGN KEY (gateway_id) REFERENCES public.gateway(id) ON DELETE CASCADE;
172.17.0.1 2026-10-03 20:47:41.585 UTC [96] supabase_admin@postgres LOG:  statement: ALTER TABLE ONLY public.pos_emissions
	    ADD CONSTRAINT pos_emissions_ticket_id_fkey FOREIGN KEY (ticket_id) REFERENCES public.pos_tickets(id) ON DELETE RESTRICT;
172.17.0.1 2026-10-03 20:47:41.587 UTC [96] supabase_admin@postgres LOG:  statement: ALTER TABLE ONLY public.pos_package_grants
	    ADD CONSTRAINT pos_package_grants_source_line_id_fkey FOREIGN KEY (source_line_id) REFERENCES public.pos_ticket_lines(id) ON DELETE RESTRICT;
172.17.0.1 2026-10-03 20:47:41.588 UTC [96] supabase_admin@postgres LOG:  statement: ALTER TABLE ONLY public.pos_package_grants
	    ADD CONSTRAINT pos_package_grants_source_ticket_id_fkey FOREIGN KEY (source_ticket_id) REFERENCES public.pos_tickets(id) ON DELETE RESTRICT;
172.17.0.1 2026-10-03 20:47:41.589 UTC [96] supabase_admin@postgres LOG:  statement: ALTER TABLE ONLY public.pos_package_redemptions
	    ADD CONSTRAINT pos_package_redemptions_grant_id_fkey FOREIGN KEY (grant_id) REFERENCES public.pos_package_grants(id) ON DELETE RESTRICT;
172.17.0.1 2026-10-03 20:47:41.590 UTC [96] supabase_admin@postgres LOG:  statement: ALTER TABLE ONLY public.pos_payments
	    ADD CONSTRAINT pos_payments_ticket_id_fkey FOREIGN KEY (ticket_id) REFERENCES public.pos_tickets(id) ON DELETE CASCADE;
172.17.0.1 2026-10-03 20:47:41.590 UTC [96] supabase_admin@postgres LOG:  statement: ALTER TABLE ONLY public.pos_ticket_lines
	    ADD CONSTRAINT pos_ticket_lines_ticket_id_fkey FOREIGN KEY (ticket_id) REFERENCES public.pos_tickets(id) ON DELETE CASCADE;
172.17.0.1 2026-10-03 20:47:41.591 UTC [96] supabase_admin@postgres LOG:  statement: ALTER TABLE ONLY public.pos_tickets
	    ADD CONSTRAINT pos_tickets_shift_id_fkey FOREIGN KEY (shift_id) REFERENCES public.pos_shifts(id) ON DELETE RESTRICT;
172.17.0.1 2026-10-03 20:47:41.592 UTC [96] supabase_admin@postgres LOG:  statement: ALTER TABLE ONLY public.profiles
	    ADD CONSTRAINT profiles_id_fkey FOREIGN KEY (id) REFERENCES auth.users(id) ON DELETE CASCADE;
172.17.0.1 2026-10-03 20:47:41.593 UTC [96] supabase_admin@postgres LOG:  statement: ALTER TABLE ONLY public.sched_availability
	    ADD CONSTRAINT sched_availability_schedule_id_fkey FOREIGN KEY (schedule_id) REFERENCES public.sched_schedules(id) ON DELETE CASCADE;
172.17.0.1 2026-10-03 20:47:41.594 UTC [96] supabase_admin@postgres LOG:  statement: ALTER TABLE ONLY public.sched_bookings
	    ADD CONSTRAINT sched_bookings_event_type_id_fkey FOREIGN KEY (event_type_id) REFERENCES public.sched_event_types(id) ON DELETE RESTRICT;
172.17.0.1 2026-10-03 20:47:41.596 UTC [96] supabase_admin@postgres LOG:  statement: ALTER TABLE ONLY public.sched_bookings
	    ADD CONSTRAINT sched_bookings_kind_id_fkey FOREIGN KEY (kind_id) REFERENCES public.sched_event_kinds(id) ON DELETE SET NULL;
172.17.0.1 2026-10-03 20:47:41.597 UTC [96] supabase_admin@postgres LOG:  statement: ALTER TABLE ONLY public.sched_bookings
	    ADD CONSTRAINT sched_bookings_resource_id_fkey FOREIGN KEY (resource_id) REFERENCES public.sched_resources(id) ON DELETE RESTRICT;
172.17.0.1 2026-10-03 20:47:41.598 UTC [96] supabase_admin@postgres LOG:  statement: ALTER TABLE ONLY public.sched_event_type_resources
	    ADD CONSTRAINT sched_event_type_resources_event_type_id_fkey FOREIGN KEY (event_type_id) REFERENCES public.sched_event_types(id) ON DELETE CASCADE;
172.17.0.1 2026-10-03 20:47:41.599 UTC [96] supabase_admin@postgres LOG:  statement: ALTER TABLE ONLY public.sched_event_type_resources
	    ADD CONSTRAINT sched_event_type_resources_resource_id_fkey FOREIGN KEY (resource_id) REFERENCES public.sched_resources(id) ON DELETE CASCADE;
172.17.0.1 2026-10-03 20:47:41.600 UTC [96] supabase_admin@postgres LOG:  statement: ALTER TABLE ONLY public.sched_event_types
	    ADD CONSTRAINT sched_event_types_kind_id_fkey FOREIGN KEY (kind_id) REFERENCES public.sched_event_kinds(id) ON DELETE SET NULL;
172.17.0.1 2026-10-03 20:47:41.601 UTC [96] supabase_admin@postgres LOG:  statement: ALTER TABLE ONLY public.sched_reminders
	    ADD CONSTRAINT sched_reminders_booking_id_fkey FOREIGN KEY (booking_id) REFERENCES public.sched_bookings(id) ON DELETE CASCADE;
172.17.0.1 2026-10-03 20:47:41.603 UTC [96] supabase_admin@postgres LOG:  statement: ALTER TABLE ONLY public.sched_schedules
	    ADD CONSTRAINT sched_schedules_resource_id_fkey FOREIGN KEY (resource_id) REFERENCES public.sched_resources(id) ON DELETE CASCADE;
172.17.0.1 2026-10-03 20:47:41.604 UTC [96] supabase_admin@postgres LOG:  statement: ALTER TABLE ONLY public.server_backups
	    ADD CONSTRAINT server_backups_gateway_id_gateway_id_fk FOREIGN KEY (gateway_id) REFERENCES public.gateway(id) ON DELETE CASCADE;
172.17.0.1 2026-10-03 20:47:41.605 UTC [96] supabase_admin@postgres LOG:  statement: ALTER TABLE ONLY public.server_provision_configs
	    ADD CONSTRAINT server_provision_configs_gateway_id_gateway_id_fk FOREIGN KEY (gateway_id) REFERENCES public.gateway(id) ON DELETE CASCADE;
172.17.0.1 2026-10-03 20:47:41.606 UTC [96] supabase_admin@postgres LOG:  statement: ALTER TABLE ONLY public.session_tasks
	    ADD CONSTRAINT session_tasks_gateway_id_gateway_id_fk FOREIGN KEY (gateway_id) REFERENCES public.gateway(id) ON DELETE CASCADE;
172.17.0.1 2026-10-03 20:47:41.607 UTC [96] supabase_admin@postgres LOG:  statement: ALTER TABLE ONLY public.sessions
	    ADD CONSTRAINT sessions_gateway_id_gateway_id_fk FOREIGN KEY (gateway_id) REFERENCES public.gateway(id) ON DELETE CASCADE;
172.17.0.1 2026-10-03 20:47:41.608 UTC [96] supabase_admin@postgres LOG:  statement: ALTER TABLE ONLY public.settings
	    ADD CONSTRAINT settings_gateway_id_gateway_id_fk FOREIGN KEY (gateway_id) REFERENCES public.gateway(id) ON DELETE CASCADE;
172.17.0.1 2026-10-03 20:47:41.609 UTC [96] supabase_admin@postgres LOG:  statement: ALTER TABLE ONLY public.skill_execution_stats
	    ADD CONSTRAINT skill_execution_stats_gateway_id_gateway_id_fk FOREIGN KEY (gateway_id) REFERENCES public.gateway(id) ON DELETE CASCADE;
172.17.0.1 2026-10-03 20:47:41.610 UTC [96] supabase_admin@postgres LOG:  statement: ALTER TABLE ONLY public.skills
	    ADD CONSTRAINT skills_gateway_id_gateway_id_fk FOREIGN KEY (gateway_id) REFERENCES public.gateway(id) ON DELETE CASCADE;
172.17.0.1 2026-10-03 20:47:41.611 UTC [96] supabase_admin@postgres LOG:  statement: ALTER TABLE ONLY public.stk_accruals
	    ADD CONSTRAINT stk_accruals_item_id_fkey FOREIGN KEY (item_id) REFERENCES public.stk_items(id) ON DELETE CASCADE;
172.17.0.1 2026-10-03 20:47:41.613 UTC [96] supabase_admin@postgres LOG:  statement: ALTER TABLE ONLY public.stk_accruals
	    ADD CONSTRAINT stk_accruals_warehouse_id_fkey FOREIGN KEY (warehouse_id) REFERENCES public.stk_warehouses(id);
172.17.0.1 2026-10-03 20:47:41.614 UTC [96] supabase_admin@postgres LOG:  statement: ALTER TABLE ONLY public.stk_bins
	    ADD CONSTRAINT stk_bins_item_id_fkey FOREIGN KEY (item_id) REFERENCES public.stk_items(id);
172.17.0.1 2026-10-03 20:47:41.615 UTC [96] supabase_admin@postgres LOG:  statement: ALTER TABLE ONLY public.stk_bins
	    ADD CONSTRAINT stk_bins_warehouse_id_fkey FOREIGN KEY (warehouse_id) REFERENCES public.stk_warehouses(id);
172.17.0.1 2026-10-03 20:47:41.616 UTC [96] supabase_admin@postgres LOG:  statement: ALTER TABLE ONLY public.stk_consumption
	    ADD CONSTRAINT stk_consumption_item_id_fkey FOREIGN KEY (item_id) REFERENCES public.stk_items(id) ON DELETE CASCADE;
172.17.0.1 2026-10-03 20:47:41.617 UTC [96] supabase_admin@postgres LOG:  statement: ALTER TABLE ONLY public.stk_entry_lines
	    ADD CONSTRAINT stk_entry_lines_entry_id_fkey FOREIGN KEY (entry_id) REFERENCES public.stk_entries(id) ON DELETE CASCADE;
172.17.0.1 2026-10-03 20:47:41.618 UTC [96] supabase_admin@postgres LOG:  statement: ALTER TABLE ONLY public.stk_entry_lines
	    ADD CONSTRAINT stk_entry_lines_from_warehouse_id_fkey FOREIGN KEY (from_warehouse_id) REFERENCES public.stk_warehouses(id);
172.17.0.1 2026-10-03 20:47:41.619 UTC [96] supabase_admin@postgres LOG:  statement: ALTER TABLE ONLY public.stk_entry_lines
	    ADD CONSTRAINT stk_entry_lines_item_id_fkey FOREIGN KEY (item_id) REFERENCES public.stk_items(id);
172.17.0.1 2026-10-03 20:47:41.620 UTC [96] supabase_admin@postgres LOG:  statement: ALTER TABLE ONLY public.stk_entry_lines
	    ADD CONSTRAINT stk_entry_lines_to_warehouse_id_fkey FOREIGN KEY (to_warehouse_id) REFERENCES public.stk_warehouses(id);
172.17.0.1 2026-10-03 20:47:41.621 UTC [96] supabase_admin@postgres LOG:  statement: ALTER TABLE ONLY public.stk_item_components
	    ADD CONSTRAINT stk_item_components_child_item_id_fkey FOREIGN KEY (child_item_id) REFERENCES public.stk_items(id) ON DELETE RESTRICT;
172.17.0.1 2026-10-03 20:47:41.623 UTC [96] supabase_admin@postgres LOG:  statement: ALTER TABLE ONLY public.stk_item_components
	    ADD CONSTRAINT stk_item_components_parent_item_id_fkey FOREIGN KEY (parent_item_id) REFERENCES public.stk_items(id) ON DELETE CASCADE;
172.17.0.1 2026-10-03 20:47:41.624 UTC [96] supabase_admin@postgres LOG:  statement: ALTER TABLE ONLY public.stk_ledger
	    ADD CONSTRAINT stk_ledger_entry_id_fkey FOREIGN KEY (entry_id) REFERENCES public.stk_entries(id);
172.17.0.1 2026-10-03 20:47:41.625 UTC [96] supabase_admin@postgres LOG:  statement: ALTER TABLE ONLY public.stk_ledger
	    ADD CONSTRAINT stk_ledger_item_id_fkey FOREIGN KEY (item_id) REFERENCES public.stk_items(id);
172.17.0.1 2026-10-03 20:47:41.626 UTC [96] supabase_admin@postgres LOG:  statement: ALTER TABLE ONLY public.stk_ledger
	    ADD CONSTRAINT stk_ledger_warehouse_id_fkey FOREIGN KEY (warehouse_id) REFERENCES public.stk_warehouses(id);
172.17.0.1 2026-10-03 20:47:41.627 UTC [96] supabase_admin@postgres LOG:  statement: ALTER TABLE ONLY public.stk_warehouses
	    ADD CONSTRAINT stk_warehouses_parent_id_fkey FOREIGN KEY (parent_id) REFERENCES public.stk_warehouses(id);
172.17.0.1 2026-10-03 20:47:41.628 UTC [96] supabase_admin@postgres LOG:  statement: ALTER TABLE ONLY public.tag_links
	    ADD CONSTRAINT tag_links_tag_id_fkey FOREIGN KEY (tag_id) REFERENCES public.crm_tags(id) ON DELETE CASCADE;
172.17.0.1 2026-10-03 20:47:41.629 UTC [96] supabase_admin@postgres LOG:  statement: ALTER TABLE ONLY public.tasks
	    ADD CONSTRAINT tasks_mission_id_missions_id_fk FOREIGN KEY (mission_id) REFERENCES public.missions(id) ON DELETE CASCADE;
172.17.0.1 2026-10-03 20:47:41.630 UTC [96] supabase_admin@postgres LOG:  statement: ALTER TABLE ONLY public.user_agents
	    ADD CONSTRAINT user_agents_gateway_id_gateway_id_fk FOREIGN KEY (gateway_id) REFERENCES public.gateway(id) ON DELETE CASCADE;
172.17.0.1 2026-10-03 20:47:41.631 UTC [96] supabase_admin@postgres LOG:  statement: ALTER TABLE ONLY public.user_agents
	    ADD CONSTRAINT user_agents_user_id_profiles_id_fk FOREIGN KEY (user_id) REFERENCES public.profiles(id) ON DELETE CASCADE;
172.17.0.1 2026-10-03 20:47:41.632 UTC [96] supabase_admin@postgres LOG:  statement: ALTER TABLE ONLY public.user_gateway
	    ADD CONSTRAINT user_gateway_gateway_id_gateway_id_fk FOREIGN KEY (gateway_id) REFERENCES public.gateway(id) ON DELETE CASCADE;
172.17.0.1 2026-10-03 20:47:41.632 UTC [96] supabase_admin@postgres LOG:  statement: ALTER TABLE ONLY public.user_gateway
	    ADD CONSTRAINT user_gateway_profile_id_profiles_id_fk FOREIGN KEY (profile_id) REFERENCES public.profiles(id) ON DELETE CASCADE;
172.17.0.1 2026-10-03 20:47:41.633 UTC [96] supabase_admin@postgres LOG:  statement: ALTER TABLE ONLY public.user_identities
	    ADD CONSTRAINT user_identities_user_id_profiles_id_fk FOREIGN KEY (user_id) REFERENCES public.profiles(id) ON DELETE CASCADE;
172.17.0.1 2026-10-03 20:47:41.634 UTC [96] supabase_admin@postgres LOG:  statement: ALTER TABLE ONLY public.user_preferences
	    ADD CONSTRAINT user_preferences_profile_id_profiles_id_fk FOREIGN KEY (profile_id) REFERENCES public.profiles(id) ON DELETE CASCADE;
172.17.0.1 2026-10-03 20:47:41.635 UTC [96] supabase_admin@postgres LOG:  statement: ALTER TABLE ONLY public.workspace_membership
	    ADD CONSTRAINT workspace_membership_user_id_profiles_id_fk FOREIGN KEY (user_id) REFERENCES public.profiles(id) ON DELETE CASCADE;
172.17.0.1 2026-10-03 20:47:41.635 UTC [96] supabase_admin@postgres LOG:  statement: CREATE POLICY admin_all ON public.agent_group_members USING ((EXISTS ( SELECT 1
	   FROM public.profiles p
	  WHERE ((p.id = ( SELECT auth.uid() AS uid)) AND (p.role = 'admin'::text)))));
172.17.0.1 2026-10-03 20:47:41.636 UTC [96] supabase_admin@postgres LOG:  statement: CREATE POLICY admin_all ON public.agent_groups USING ((EXISTS ( SELECT 1
	   FROM public.profiles p
	  WHERE ((p.id = ( SELECT auth.uid() AS uid)) AND (p.role = 'admin'::text)))));
172.17.0.1 2026-10-03 20:47:41.636 UTC [96] supabase_admin@postgres LOG:  statement: CREATE POLICY admin_all ON public.device_identities USING ((EXISTS ( SELECT 1
	   FROM public.profiles p
	  WHERE ((p.id = ( SELECT auth.uid() AS uid)) AND (p.role = 'admin'::text)))));
172.17.0.1 2026-10-03 20:47:41.637 UTC [96] supabase_admin@postgres LOG:  statement: CREATE POLICY admin_all ON public.files USING ((EXISTS ( SELECT 1
	   FROM public.profiles p
	  WHERE ((p.id = ( SELECT auth.uid() AS uid)) AND (p.role = 'admin'::text)))));
172.17.0.1 2026-10-03 20:47:41.637 UTC [96] supabase_admin@postgres LOG:  statement: CREATE POLICY admin_all ON public.marketplace_agents USING ((EXISTS ( SELECT 1
	   FROM public.profiles p
	  WHERE ((p.id = ( SELECT auth.uid() AS uid)) AND (p.role = 'admin'::text)))));
172.17.0.1 2026-10-03 20:47:41.637 UTC [96] supabase_admin@postgres LOG:  statement: CREATE POLICY admin_all ON public.marketplace_installs USING ((EXISTS ( SELECT 1
	   FROM public.profiles p
	  WHERE ((p.id = ( SELECT auth.uid() AS uid)) AND (p.role = 'admin'::text)))));
172.17.0.1 2026-10-03 20:47:41.638 UTC [96] supabase_admin@postgres LOG:  statement: CREATE POLICY admin_all ON public.settings USING ((EXISTS ( SELECT 1
	   FROM public.profiles p
	  WHERE ((p.id = ( SELECT auth.uid() AS uid)) AND (p.role = 'admin'::text)))));
172.17.0.1 2026-10-03 20:47:41.638 UTC [96] supabase_admin@postgres LOG:  statement: CREATE POLICY admin_all ON public.workshop_saves USING ((EXISTS ( SELECT 1
	   FROM public.profiles p
	  WHERE ((p.id = ( SELECT auth.uid() AS uid)) AND (p.role = 'admin'::text)))));
172.17.0.1 2026-10-03 20:47:41.638 UTC [96] supabase_admin@postgres LOG:  statement: ALTER TABLE public.agent_artifact_revisions ENABLE ROW LEVEL SECURITY;
172.17.0.1 2026-10-03 20:47:41.639 UTC [96] supabase_admin@postgres LOG:  statement: CREATE POLICY agent_artifact_revisions_org_guc ON public.agent_artifact_revisions USING ((org_id = current_setting('app.current_org_id'::text, true))) WITH CHECK ((org_id = current_setting('app.current_org_id'::text, true)));
172.17.0.1 2026-10-03 20:47:41.639 UTC [96] supabase_admin@postgres LOG:  statement: ALTER TABLE public.agent_artifacts ENABLE ROW LEVEL SECURITY;
172.17.0.1 2026-10-03 20:47:41.639 UTC [96] supabase_admin@postgres LOG:  statement: CREATE POLICY agent_artifacts_org_guc ON public.agent_artifacts USING ((org_id = current_setting('app.current_org_id'::text, true))) WITH CHECK ((org_id = current_setting('app.current_org_id'::text, true)));
172.17.0.1 2026-10-03 20:47:41.639 UTC [96] supabase_admin@postgres LOG:  statement: ALTER TABLE public.agent_built_skills ENABLE ROW LEVEL SECURITY;
172.17.0.1 2026-10-03 20:47:41.640 UTC [96] supabase_admin@postgres LOG:  statement: CREATE POLICY agent_built_skills_access ON public.agent_built_skills TO authenticated USING (((EXISTS ( SELECT 1
	   FROM public.profiles p
	  WHERE ((p.id = ( SELECT auth.uid() AS uid)) AND (p.role = 'admin'::text)))) OR (EXISTS ( SELECT 1
	   FROM public.organization_members om
	  WHERE ((om.profile_id = ( SELECT auth.uid() AS uid)) AND (om.organization_id = agent_built_skills.tenant_id)))))) WITH CHECK (((EXISTS ( SELECT 1
	   FROM public.profiles p
	  WHERE ((p.id = ( SELECT auth.uid() AS uid)) AND (p.role = 'admin'::text)))) OR (EXISTS ( SELECT 1
	   FROM public.organization_members om
	  WHERE ((om.profile_id = ( SELECT auth.uid() AS uid)) AND (om.organization_id = agent_built_skills.tenant_id))))));
172.17.0.1 2026-10-03 20:47:41.641 UTC [96] supabase_admin@postgres LOG:  statement: CREATE POLICY agent_built_skills_org_guc ON public.agent_built_skills USING (((tenant_id)::text = current_setting('app.current_org_id'::text, true))) WITH CHECK (((tenant_id)::text = current_setting('app.current_org_id'::text, true)));
172.17.0.1 2026-10-03 20:47:41.641 UTC [96] supabase_admin@postgres LOG:  statement: ALTER TABLE public.agent_group_members ENABLE ROW LEVEL SECURITY;
172.17.0.1 2026-10-03 20:47:41.641 UTC [96] supabase_admin@postgres LOG:  statement: CREATE POLICY agent_group_members_org_guc ON public.agent_group_members USING ((EXISTS ( SELECT 1
	   FROM public.agent_groups g
	  WHERE ((g.id = agent_group_members.group_id) AND ((g.tenant_id)::text = current_setting('app.current_org_id'::text, true)))))) WITH CHECK ((EXISTS ( SELECT 1
	   FROM public.agent_groups g
	  WHERE ((g.id = agent_group_members.group_id) AND ((g.tenant_id)::text = current_setting('app.current_org_id'::text, true))))));
172.17.0.1 2026-10-03 20:47:41.642 UTC [96] supabase_admin@postgres LOG:  statement: ALTER TABLE public.agent_groups ENABLE ROW LEVEL SECURITY;
172.17.0.1 2026-10-03 20:47:41.642 UTC [96] supabase_admin@postgres LOG:  statement: CREATE POLICY agent_groups_org_guc ON public.agent_groups USING (((tenant_id)::text = current_setting('app.current_org_id'::text, true))) WITH CHECK (((tenant_id)::text = current_setting('app.current_org_id'::text, true)));
172.17.0.1 2026-10-03 20:47:41.642 UTC [96] supabase_admin@postgres LOG:  statement: ALTER TABLE public.agent_memories ENABLE ROW LEVEL SECURITY;
172.17.0.1 2026-10-03 20:47:41.642 UTC [96] supabase_admin@postgres LOG:  statement: CREATE POLICY agent_memories_org_isolation ON public.agent_memories USING ((org_id = current_setting('app.current_org_id'::text, true))) WITH CHECK ((org_id = current_setting('app.current_org_id'::text, true)));
172.17.0.1 2026-10-03 20:47:41.643 UTC [96] supabase_admin@postgres LOG:  statement: ALTER TABLE public.ai_usage ENABLE ROW LEVEL SECURITY;
172.17.0.1 2026-10-03 20:47:41.643 UTC [96] supabase_admin@postgres LOG:  statement: ALTER TABLE public.app_modules ENABLE ROW LEVEL SECURITY;
172.17.0.1 2026-10-03 20:47:41.643 UTC [96] supabase_admin@postgres LOG:  statement: CREATE POLICY app_modules_org_guc ON public.app_modules USING ((org_id = current_setting('app.current_org_id'::text, true))) WITH CHECK ((org_id = current_setting('app.current_org_id'::text, true)));
172.17.0.1 2026-10-03 20:47:41.643 UTC [96] supabase_admin@postgres LOG:  statement: ALTER TABLE public.assignment_rules ENABLE ROW LEVEL SECURITY;
172.17.0.1 2026-10-03 20:47:41.643 UTC [96] supabase_admin@postgres LOG:  statement: CREATE POLICY assignment_rules_org_guc ON public.assignment_rules USING ((org_id = current_setting('app.current_org_id'::text, true))) WITH CHECK ((org_id = current_setting('app.current_org_id'::text, true)));
172.17.0.1 2026-10-03 20:47:41.644 UTC [96] supabase_admin@postgres LOG:  statement: ALTER TABLE public.attachment_file_state ENABLE ROW LEVEL SECURITY;
172.17.0.1 2026-10-03 20:47:41.644 UTC [96] supabase_admin@postgres LOG:  statement: CREATE POLICY attachment_file_state_org_guc ON public.attachment_file_state TO app_ledger USING ((org_id = current_setting('app.current_org_id'::text, true))) WITH CHECK ((org_id = current_setting('app.current_org_id'::text, true)));
172.17.0.1 2026-10-03 20:47:41.644 UTC [96] supabase_admin@postgres LOG:  statement: ALTER TABLE public.attachment_links ENABLE ROW LEVEL SECURITY;
172.17.0.1 2026-10-03 20:47:41.644 UTC [96] supabase_admin@postgres LOG:  statement: CREATE POLICY attachment_links_org_guc ON public.attachment_links USING ((org_id = current_setting('app.current_org_id'::text, true))) WITH CHECK ((org_id = current_setting('app.current_org_id'::text, true)));
172.17.0.1 2026-10-03 20:47:41.644 UTC [96] supabase_admin@postgres LOG:  statement: ALTER TABLE public.attachment_trash ENABLE ROW LEVEL SECURITY;
172.17.0.1 2026-10-03 20:47:41.644 UTC [96] supabase_admin@postgres LOG:  statement: CREATE POLICY attachment_trash_org_guc ON public.attachment_trash TO app_ledger USING ((org_id = current_setting('app.current_org_id'::text, true))) WITH CHECK ((org_id = current_setting('app.current_org_id'::text, true)));
172.17.0.1 2026-10-03 20:47:41.645 UTC [96] supabase_admin@postgres LOG:  statement: CREATE POLICY auth_sel ON public.marketplace_agents FOR SELECT USING ((( SELECT auth.uid() AS uid) IS NOT NULL));
172.17.0.1 2026-10-03 20:47:41.645 UTC [96] supabase_admin@postgres LOG:  statement: ALTER TABLE public.backup_configs ENABLE ROW LEVEL SECURITY;
172.17.0.1 2026-10-03 20:47:41.645 UTC [96] supabase_admin@postgres LOG:  statement: CREATE POLICY backup_configs_access ON public.backup_configs TO authenticated USING (((EXISTS ( SELECT 1
	   FROM public.profiles p
	  WHERE ((p.id = ( SELECT auth.uid() AS uid)) AND (p.role = 'admin'::text)))) OR (EXISTS ( SELECT 1
	   FROM public.organization_members om
	  WHERE ((om.profile_id = ( SELECT auth.uid() AS uid)) AND (om.organization_id = backup_configs.tenant_id)))))) WITH CHECK (((EXISTS ( SELECT 1
	   FROM public.profiles p
	  WHERE ((p.id = ( SELECT auth.uid() AS uid)) AND (p.role = 'admin'::text)))) OR (EXISTS ( SELECT 1
	   FROM public.organization_members om
	  WHERE ((om.profile_id = ( SELECT auth.uid() AS uid)) AND (om.organization_id = backup_configs.tenant_id))))));
172.17.0.1 2026-10-03 20:47:41.646 UTC [96] supabase_admin@postgres LOG:  statement: CREATE POLICY backup_configs_org_guc ON public.backup_configs USING (((tenant_id)::text = current_setting('app.current_org_id'::text, true))) WITH CHECK (((tenant_id)::text = current_setting('app.current_org_id'::text, true)));
172.17.0.1 2026-10-03 20:47:41.646 UTC [96] supabase_admin@postgres LOG:  statement: ALTER TABLE public.bg_jobs ENABLE ROW LEVEL SECURITY;
172.17.0.1 2026-10-03 20:47:41.646 UTC [96] supabase_admin@postgres LOG:  statement: ALTER TABLE public.brain_access ENABLE ROW LEVEL SECURITY;
172.17.0.1 2026-10-03 20:47:41.647 UTC [96] supabase_admin@postgres LOG:  statement: CREATE POLICY brain_access_org_guc ON public.brain_access USING ((org_id = current_setting('app.current_org_id'::text, true))) WITH CHECK ((org_id = current_setting('app.current_org_id'::text, true)));
172.17.0.1 2026-10-03 20:47:41.647 UTC [96] supabase_admin@postgres LOG:  statement: ALTER TABLE public.brain_agent_templates ENABLE ROW LEVEL SECURITY;
172.17.0.1 2026-10-03 20:47:41.647 UTC [96] supabase_admin@postgres LOG:  statement: CREATE POLICY brain_agent_templates_org_guc ON public.brain_agent_templates USING ((org_id = current_setting('app.current_org_id'::text, true))) WITH CHECK ((org_id = current_setting('app.current_org_id'::text, true)));
172.17.0.1 2026-10-03 20:47:41.647 UTC [96] supabase_admin@postgres LOG:  statement: ALTER TABLE public.brain_chunks ENABLE ROW LEVEL SECURITY;
172.17.0.1 2026-10-03 20:47:41.648 UTC [96] supabase_admin@postgres LOG:  statement: CREATE POLICY brain_chunks_org_guc ON public.brain_chunks USING ((org_id = current_setting('app.current_org_id'::text, true))) WITH CHECK ((org_id = current_setting('app.current_org_id'::text, true)));
172.17.0.1 2026-10-03 20:47:41.648 UTC [96] supabase_admin@postgres LOG:  statement: ALTER TABLE public.brain_documents ENABLE ROW LEVEL SECURITY;
172.17.0.1 2026-10-03 20:47:41.648 UTC [96] supabase_admin@postgres LOG:  statement: CREATE POLICY brain_documents_org_guc ON public.brain_documents USING ((org_id = current_setting('app.current_org_id'::text, true))) WITH CHECK ((org_id = current_setting('app.current_org_id'::text, true)));
172.17.0.1 2026-10-03 20:47:41.648 UTC [96] supabase_admin@postgres LOG:  statement: ALTER TABLE public.brain_enrichment_settings ENABLE ROW LEVEL SECURITY;
172.17.0.1 2026-10-03 20:47:41.649 UTC [96] supabase_admin@postgres LOG:  statement: CREATE POLICY brain_enrichment_settings_org_guc ON public.brain_enrichment_settings USING ((org_id = current_setting('app.current_org_id'::text, true))) WITH CHECK ((org_id = current_setting('app.current_org_id'::text, true)));
172.17.0.1 2026-10-03 20:47:41.649 UTC [96] supabase_admin@postgres LOG:  statement: ALTER TABLE public.brain_sources ENABLE ROW LEVEL SECURITY;
172.17.0.1 2026-10-03 20:47:41.649 UTC [96] supabase_admin@postgres LOG:  statement: CREATE POLICY brain_sources_org_guc ON public.brain_sources USING ((org_id = current_setting('app.current_org_id'::text, true))) WITH CHECK ((org_id = current_setting('app.current_org_id'::text, true)));
172.17.0.1 2026-10-03 20:47:41.650 UTC [96] supabase_admin@postgres LOG:  statement: ALTER TABLE public.brain_vector_generations ENABLE ROW LEVEL SECURITY;
172.17.0.1 2026-10-03 20:47:41.650 UTC [96] supabase_admin@postgres LOG:  statement: ALTER TABLE public.brain_vector_outbox ENABLE ROW LEVEL SECURITY;
172.17.0.1 2026-10-03 20:47:41.650 UTC [96] supabase_admin@postgres LOG:  statement: ALTER TABLE public.brain_vector_reconcile_state ENABLE ROW LEVEL SECURITY;
172.17.0.1 2026-10-03 20:47:41.650 UTC [96] supabase_admin@postgres LOG:  statement: ALTER TABLE public.brains ENABLE ROW LEVEL SECURITY;
172.17.0.1 2026-10-03 20:47:41.651 UTC [96] supabase_admin@postgres LOG:  statement: CREATE POLICY brains_org_guc ON public.brains USING ((org_id = current_setting('app.current_org_id'::text, true))) WITH CHECK ((org_id = current_setting('app.current_org_id'::text, true)));
172.17.0.1 2026-10-03 20:47:41.651 UTC [96] supabase_admin@postgres LOG:  statement: ALTER TABLE public.built_agent_skills ENABLE ROW LEVEL SECURITY;
172.17.0.1 2026-10-03 20:47:41.652 UTC [96] supabase_admin@postgres LOG:  statement: CREATE POLICY built_agent_skills_access ON public.built_agent_skills TO authenticated USING (((EXISTS ( SELECT 1
	   FROM public.profiles p
	  WHERE ((p.id = ( SELECT auth.uid() AS uid)) AND (p.role = 'admin'::text)))) OR (EXISTS ( SELECT 1
	   FROM (public.built_agents a
	     JOIN public.organization_members om ON ((om.organization_id = a.tenant_id)))
	  WHERE ((a.id = built_agent_skills.agent_id) AND (om.profile_id = ( SELECT auth.uid() AS uid))))))) WITH CHECK (((EXISTS ( SELECT 1
	   FROM public.profiles p
	  WHERE ((p.id = ( SELECT auth.uid() AS uid)) AND (p.role = 'admin'::text)))) OR (EXISTS ( SELECT 1
	   FROM (public.built_agents a
	     JOIN public.organization_members om ON ((om.organization_id = a.tenant_id)))
	  WHERE ((a.id = built_agent_skills.agent_id) AND (om.profile_id = ( SELECT auth.uid() AS uid)))))));
172.17.0.1 2026-10-03 20:47:41.653 UTC [96] supabase_admin@postgres LOG:  statement: CREATE POLICY built_agent_skills_org_guc ON public.built_agent_skills USING ((EXISTS ( SELECT 1
	   FROM public.built_agents a
	  WHERE ((a.id = built_agent_skills.agent_id) AND ((a.tenant_id)::text = current_setting('app.current_org_id'::text, true)))))) WITH CHECK ((EXISTS ( SELECT 1
	   FROM public.built_agents a
	  WHERE ((a.id = built_agent_skills.agent_id) AND ((a.tenant_id)::text = current_setting('app.current_org_id'::text, true))))));
172.17.0.1 2026-10-03 20:47:41.654 UTC [96] supabase_admin@postgres LOG:  statement: ALTER TABLE public.built_agents ENABLE ROW LEVEL SECURITY;
172.17.0.1 2026-10-03 20:47:41.655 UTC [96] supabase_admin@postgres LOG:  statement: CREATE POLICY built_agents_access ON public.built_agents TO authenticated USING (((EXISTS ( SELECT 1
	   FROM public.profiles p
	  WHERE ((p.id = ( SELECT auth.uid() AS uid)) AND (p.role = 'admin'::text)))) OR (EXISTS ( SELECT 1
	   FROM public.organization_members om
	  WHERE ((om.profile_id = ( SELECT auth.uid() AS uid)) AND (om.organization_id = built_agents.tenant_id)))))) WITH CHECK (((EXISTS ( SELECT 1
	   FROM public.profiles p
	  WHERE ((p.id = ( SELECT auth.uid() AS uid)) AND (p.role = 'admin'::text)))) OR (EXISTS ( SELECT 1
	   FROM public.organization_members om
	  WHERE ((om.profile_id = ( SELECT auth.uid() AS uid)) AND (om.organization_id = built_agents.tenant_id))))));
172.17.0.1 2026-10-03 20:47:41.656 UTC [96] supabase_admin@postgres LOG:  statement: CREATE POLICY built_agents_org_guc ON public.built_agents USING (((tenant_id)::text = current_setting('app.current_org_id'::text, true))) WITH CHECK (((tenant_id)::text = current_setting('app.current_org_id'::text, true)));
172.17.0.1 2026-10-03 20:47:41.656 UTC [96] supabase_admin@postgres LOG:  statement: ALTER TABLE public.built_chapter_edges ENABLE ROW LEVEL SECURITY;
172.17.0.1 2026-10-03 20:47:41.656 UTC [96] supabase_admin@postgres LOG:  statement: CREATE POLICY built_chapter_edges_access ON public.built_chapter_edges TO authenticated USING (((EXISTS ( SELECT 1
	   FROM public.profiles p
	  WHERE ((p.id = ( SELECT auth.uid() AS uid)) AND (p.role = 'admin'::text)))) OR (EXISTS ( SELECT 1
	   FROM (public.built_skills s
	     JOIN public.organization_members om ON ((om.organization_id = s.tenant_id)))
	  WHERE ((s.id = built_chapter_edges.skill_id) AND (om.profile_id = ( SELECT auth.uid() AS uid))))))) WITH CHECK (((EXISTS ( SELECT 1
	   FROM public.profiles p
	  WHERE ((p.id = ( SELECT auth.uid() AS uid)) AND (p.role = 'admin'::text)))) OR (EXISTS ( SELECT 1
	   FROM (public.built_skills s
	     JOIN public.organization_members om ON ((om.organization_id = s.tenant_id)))
	  WHERE ((s.id = built_chapter_edges.skill_id) AND (om.profile_id = ( SELECT auth.uid() AS uid)))))));
172.17.0.1 2026-10-03 20:47:41.658 UTC [96] supabase_admin@postgres LOG:  statement: CREATE POLICY built_chapter_edges_org_guc ON public.built_chapter_edges USING ((EXISTS ( SELECT 1
	   FROM public.built_skills s
	  WHERE ((s.id = built_chapter_edges.skill_id) AND ((s.tenant_id)::text = current_setting('app.current_org_id'::text, true)))))) WITH CHECK ((EXISTS ( SELECT 1
	   FROM public.built_skills s
	  WHERE ((s.id = built_chapter_edges.skill_id) AND ((s.tenant_id)::text = current_setting('app.current_org_id'::text, true))))));
172.17.0.1 2026-10-03 20:47:41.659 UTC [96] supabase_admin@postgres LOG:  statement: ALTER TABLE public.built_chapter_tools ENABLE ROW LEVEL SECURITY;
172.17.0.1 2026-10-03 20:47:41.659 UTC [96] supabase_admin@postgres LOG:  statement: CREATE POLICY built_chapter_tools_access ON public.built_chapter_tools TO authenticated USING (((EXISTS ( SELECT 1
	   FROM public.profiles p
	  WHERE ((p.id = ( SELECT auth.uid() AS uid)) AND (p.role = 'admin'::text)))) OR (EXISTS ( SELECT 1
	   FROM ((public.built_chapters c
	     JOIN public.built_skills s ON ((s.id = c.skill_id)))
	     JOIN public.organization_members om ON ((om.organization_id = s.tenant_id)))
	  WHERE ((c.id = built_chapter_tools.chapter_id) AND (om.profile_id = ( SELECT auth.uid() AS uid))))))) WITH CHECK (((EXISTS ( SELECT 1
	   FROM public.profiles p
	  WHERE ((p.id = ( SELECT auth.uid() AS uid)) AND (p.role = 'admin'::text)))) OR (EXISTS ( SELECT 1
	   FROM ((public.built_chapters c
	     JOIN public.built_skills s ON ((s.id = c.skill_id)))
	     JOIN public.organization_members om ON ((om.organization_id = s.tenant_id)))
	  WHERE ((c.id = built_chapter_tools.chapter_id) AND (om.profile_id = ( SELECT auth.uid() AS uid)))))));
172.17.0.1 2026-10-03 20:47:41.661 UTC [96] supabase_admin@postgres LOG:  statement: CREATE POLICY built_chapter_tools_org_guc ON public.built_chapter_tools USING ((EXISTS ( SELECT 1
	   FROM (public.built_chapters c
	     JOIN public.built_skills s ON ((s.id = c.skill_id)))
	  WHERE ((c.id = built_chapter_tools.chapter_id) AND ((s.tenant_id)::text = current_setting('app.current_org_id'::text, true)))))) WITH CHECK ((EXISTS ( SELECT 1
	   FROM (public.built_chapters c
	     JOIN public.built_skills s ON ((s.id = c.skill_id)))
	  WHERE ((c.id = built_chapter_tools.chapter_id) AND ((s.tenant_id)::text = current_setting('app.current_org_id'::text, true))))));
172.17.0.1 2026-10-03 20:47:41.662 UTC [96] supabase_admin@postgres LOG:  statement: ALTER TABLE public.built_chapters ENABLE ROW LEVEL SECURITY;
172.17.0.1 2026-10-03 20:47:41.663 UTC [96] supabase_admin@postgres LOG:  statement: CREATE POLICY built_chapters_access ON public.built_chapters TO authenticated USING (((EXISTS ( SELECT 1
	   FROM public.profiles p
	  WHERE ((p.id = ( SELECT auth.uid() AS uid)) AND (p.role = 'admin'::text)))) OR (EXISTS ( SELECT 1
	   FROM (public.built_skills s
	     JOIN public.organization_members om ON ((om.organization_id = s.tenant_id)))
	  WHERE ((s.id = built_chapters.skill_id) AND (om.profile_id = ( SELECT auth.uid() AS uid))))))) WITH CHECK (((EXISTS ( SELECT 1
	   FROM public.profiles p
	  WHERE ((p.id = ( SELECT auth.uid() AS uid)) AND (p.role = 'admin'::text)))) OR (EXISTS ( SELECT 1
	   FROM (public.built_skills s
	     JOIN public.organization_members om ON ((om.organization_id = s.tenant_id)))
	  WHERE ((s.id = built_chapters.skill_id) AND (om.profile_id = ( SELECT auth.uid() AS uid)))))));
172.17.0.1 2026-10-03 20:47:41.664 UTC [96] supabase_admin@postgres LOG:  statement: CREATE POLICY built_chapters_org_guc ON public.built_chapters USING ((EXISTS ( SELECT 1
	   FROM public.built_skills s
	  WHERE ((s.id = built_chapters.skill_id) AND ((s.tenant_id)::text = current_setting('app.current_org_id'::text, true)))))) WITH CHECK ((EXISTS ( SELECT 1
	   FROM public.built_skills s
	  WHERE ((s.id = built_chapters.skill_id) AND ((s.tenant_id)::text = current_setting('app.current_org_id'::text, true))))));
172.17.0.1 2026-10-03 20:47:41.665 UTC [96] supabase_admin@postgres LOG:  statement: ALTER TABLE public.built_skill_tools ENABLE ROW LEVEL SECURITY;
172.17.0.1 2026-10-03 20:47:41.665 UTC [96] supabase_admin@postgres LOG:  statement: CREATE POLICY built_skill_tools_access ON public.built_skill_tools TO authenticated USING (((EXISTS ( SELECT 1
	   FROM public.profiles p
	  WHERE ((p.id = ( SELECT auth.uid() AS uid)) AND (p.role = 'admin'::text)))) OR (EXISTS ( SELECT 1
	   FROM (public.built_skills s
	     JOIN public.organization_members om ON ((om.organization_id = s.tenant_id)))
	  WHERE ((s.id = built_skill_tools.skill_id) AND (om.profile_id = ( SELECT auth.uid() AS uid))))))) WITH CHECK (((EXISTS ( SELECT 1
	   FROM public.profiles p
	  WHERE ((p.id = ( SELECT auth.uid() AS uid)) AND (p.role = 'admin'::text)))) OR (EXISTS ( SELECT 1
	   FROM (public.built_skills s
	     JOIN public.organization_members om ON ((om.organization_id = s.tenant_id)))
	  WHERE ((s.id = built_skill_tools.skill_id) AND (om.profile_id = ( SELECT auth.uid() AS uid)))))));
172.17.0.1 2026-10-03 20:47:41.667 UTC [96] supabase_admin@postgres LOG:  statement: CREATE POLICY built_skill_tools_org_guc ON public.built_skill_tools USING ((EXISTS ( SELECT 1
	   FROM public.built_skills s
	  WHERE ((s.id = built_skill_tools.skill_id) AND ((s.tenant_id)::text = current_setting('app.current_org_id'::text, true)))))) WITH CHECK ((EXISTS ( SELECT 1
	   FROM public.built_skills s
	  WHERE ((s.id = built_skill_tools.skill_id) AND ((s.tenant_id)::text = current_setting('app.current_org_id'::text, true))))));
172.17.0.1 2026-10-03 20:47:41.667 UTC [96] supabase_admin@postgres LOG:  statement: ALTER TABLE public.built_skills ENABLE ROW LEVEL SECURITY;
172.17.0.1 2026-10-03 20:47:41.668 UTC [96] supabase_admin@postgres LOG:  statement: CREATE POLICY built_skills_access ON public.built_skills TO authenticated USING (((EXISTS ( SELECT 1
	   FROM public.profiles p
	  WHERE ((p.id = ( SELECT auth.uid() AS uid)) AND (p.role = 'admin'::text)))) OR (EXISTS ( SELECT 1
	   FROM public.organization_members om
	  WHERE ((om.profile_id = ( SELECT auth.uid() AS uid)) AND (om.organization_id = built_skills.tenant_id)))))) WITH CHECK (((EXISTS ( SELECT 1
	   FROM public.profiles p
	  WHERE ((p.id = ( SELECT auth.uid() AS uid)) AND (p.role = 'admin'::text)))) OR (EXISTS ( SELECT 1
	   FROM public.organization_members om
	  WHERE ((om.profile_id = ( SELECT auth.uid() AS uid)) AND (om.organization_id = built_skills.tenant_id))))));
172.17.0.1 2026-10-03 20:47:41.669 UTC [96] supabase_admin@postgres LOG:  statement: CREATE POLICY built_skills_org_guc ON public.built_skills USING (((tenant_id)::text = current_setting('app.current_org_id'::text, true))) WITH CHECK (((tenant_id)::text = current_setting('app.current_org_id'::text, true)));
172.17.0.1 2026-10-03 20:47:41.669 UTC [96] supabase_admin@postgres LOG:  statement: ALTER TABLE public.built_tools ENABLE ROW LEVEL SECURITY;
172.17.0.1 2026-10-03 20:47:41.669 UTC [96] supabase_admin@postgres LOG:  statement: CREATE POLICY built_tools_access ON public.built_tools TO authenticated USING (((EXISTS ( SELECT 1
	   FROM public.profiles p
	  WHERE ((p.id = ( SELECT auth.uid() AS uid)) AND (p.role = 'admin'::text)))) OR (EXISTS ( SELECT 1
	   FROM public.organization_members om
	  WHERE ((om.profile_id = ( SELECT auth.uid() AS uid)) AND (om.organization_id = built_tools.tenant_id)))))) WITH CHECK (((EXISTS ( SELECT 1
	   FROM public.profiles p
	  WHERE ((p.id = ( SELECT auth.uid() AS uid)) AND (p.role = 'admin'::text)))) OR (EXISTS ( SELECT 1
	   FROM public.organization_members om
	  WHERE ((om.profile_id = ( SELECT auth.uid() AS uid)) AND (om.organization_id = built_tools.tenant_id))))));
172.17.0.1 2026-10-03 20:47:41.670 UTC [96] supabase_admin@postgres LOG:  statement: CREATE POLICY built_tools_org_guc ON public.built_tools USING (((tenant_id)::text = current_setting('app.current_org_id'::text, true))) WITH CHECK (((tenant_id)::text = current_setting('app.current_org_id'::text, true)));
172.17.0.1 2026-10-03 20:47:41.671 UTC [96] supabase_admin@postgres LOG:  statement: ALTER TABLE public.channel_assignments ENABLE ROW LEVEL SECURITY;
172.17.0.1 2026-10-03 20:47:41.671 UTC [96] supabase_admin@postgres LOG:  statement: CREATE POLICY channel_assignments_access ON public.channel_assignments TO authenticated USING (((EXISTS ( SELECT 1
	   FROM public.profiles p
	  WHERE ((p.id = ( SELECT auth.uid() AS uid)) AND (p.role = 'admin'::text)))) OR (EXISTS ( SELECT 1
	   FROM public.organization_members om
	  WHERE ((om.profile_id = ( SELECT auth.uid() AS uid)) AND (om.organization_id = channel_assignments.tenant_id)))))) WITH CHECK (((EXISTS ( SELECT 1
	   FROM public.profiles p
	  WHERE ((p.id = ( SELECT auth.uid() AS uid)) AND (p.role = 'admin'::text)))) OR (EXISTS ( SELECT 1
	   FROM public.organization_members om
	  WHERE ((om.profile_id = ( SELECT auth.uid() AS uid)) AND (om.organization_id = channel_assignments.tenant_id))))));
172.17.0.1 2026-10-03 20:47:41.672 UTC [96] supabase_admin@postgres LOG:  statement: CREATE POLICY channel_assignments_org_guc ON public.channel_assignments USING (((tenant_id)::text = current_setting('app.current_org_id'::text, true))) WITH CHECK (((tenant_id)::text = current_setting('app.current_org_id'::text, true)));
172.17.0.1 2026-10-03 20:47:41.672 UTC [96] supabase_admin@postgres LOG:  statement: ALTER TABLE public.channel_bindings ENABLE ROW LEVEL SECURITY;
172.17.0.1 2026-10-03 20:47:41.673 UTC [96] supabase_admin@postgres LOG:  statement: CREATE POLICY channel_bindings_org_guc ON public.channel_bindings USING (((tenant_id)::text = current_setting('app.current_org_id'::text, true))) WITH CHECK (((tenant_id)::text = current_setting('app.current_org_id'::text, true)));
172.17.0.1 2026-10-03 20:47:41.673 UTC [96] supabase_admin@postgres LOG:  statement: ALTER TABLE public.channel_identities ENABLE ROW LEVEL SECURITY;
172.17.0.1 2026-10-03 20:47:41.673 UTC [96] supabase_admin@postgres LOG:  statement: CREATE POLICY channel_identities_access ON public.channel_identities TO authenticated USING (((user_id = ( SELECT auth.uid() AS uid)) OR (EXISTS ( SELECT 1
	   FROM public.profiles p
	  WHERE ((p.id = ( SELECT auth.uid() AS uid)) AND (p.role = 'admin'::text)))))) WITH CHECK (((user_id = ( SELECT auth.uid() AS uid)) OR (EXISTS ( SELECT 1
	   FROM public.profiles p
	  WHERE ((p.id = ( SELECT auth.uid() AS uid)) AND (p.role = 'admin'::text))))));
172.17.0.1 2026-10-03 20:47:41.674 UTC [96] supabase_admin@postgres LOG:  statement: ALTER TABLE public.channel_pairing_requests ENABLE ROW LEVEL SECURITY;
172.17.0.1 2026-10-03 20:47:41.674 UTC [96] supabase_admin@postgres LOG:  statement: CREATE POLICY channel_pairing_requests_org_guc ON public.channel_pairing_requests USING (((tenant_id)::text = current_setting('app.current_org_id'::text, true))) WITH CHECK (((tenant_id)::text = current_setting('app.current_org_id'::text, true)));
172.17.0.1 2026-10-03 20:47:41.675 UTC [96] supabase_admin@postgres LOG:  statement: ALTER TABLE public.channels ENABLE ROW LEVEL SECURITY;
172.17.0.1 2026-10-03 20:47:41.675 UTC [96] supabase_admin@postgres LOG:  statement: CREATE POLICY channels_access ON public.channels TO authenticated USING (((EXISTS ( SELECT 1
	   FROM public.profiles p
	  WHERE ((p.id = ( SELECT auth.uid() AS uid)) AND (p.role = 'admin'::text)))) OR (EXISTS ( SELECT 1
	   FROM public.organization_members om
	  WHERE ((om.profile_id = ( SELECT auth.uid() AS uid)) AND (om.organization_id = channels.tenant_id)))))) WITH CHECK (((EXISTS ( SELECT 1
	   FROM public.profiles p
	  WHERE ((p.id = ( SELECT auth.uid() AS uid)) AND (p.role = 'admin'::text)))) OR (EXISTS ( SELECT 1
	   FROM public.organization_members om
	  WHERE ((om.profile_id = ( SELECT auth.uid() AS uid)) AND (om.organization_id = channels.tenant_id))))));
172.17.0.1 2026-10-03 20:47:41.676 UTC [96] supabase_admin@postgres LOG:  statement: CREATE POLICY channels_org_guc ON public.channels USING (((tenant_id)::text = current_setting('app.current_org_id'::text, true))) WITH CHECK (((tenant_id)::text = current_setting('app.current_org_id'::text, true)));
172.17.0.1 2026-10-03 20:47:41.677 UTC [96] supabase_admin@postgres LOG:  statement: ALTER TABLE public.chat_messages ENABLE ROW LEVEL SECURITY;
172.17.0.1 2026-10-03 20:47:41.677 UTC [96] supabase_admin@postgres LOG:  statement: CREATE POLICY chat_messages_access ON public.chat_messages TO authenticated USING (((EXISTS ( SELECT 1
	   FROM public.profiles p
	  WHERE ((p.id = ( SELECT auth.uid() AS uid)) AND (p.role = 'admin'::text)))) OR (EXISTS ( SELECT 1
	   FROM public.organization_members om
	  WHERE ((om.profile_id = ( SELECT auth.uid() AS uid)) AND (om.organization_id = chat_messages.tenant_id)))))) WITH CHECK (((EXISTS ( SELECT 1
	   FROM public.profiles p
	  WHERE ((p.id = ( SELECT auth.uid() AS uid)) AND (p.role = 'admin'::text)))) OR (EXISTS ( SELECT 1
	   FROM public.organization_members om
	  WHERE ((om.profile_id = ( SELECT auth.uid() AS uid)) AND (om.organization_id = chat_messages.tenant_id))))));
172.17.0.1 2026-10-03 20:47:41.678 UTC [96] supabase_admin@postgres LOG:  statement: CREATE POLICY chat_messages_org_guc ON public.chat_messages USING (((tenant_id)::text = current_setting('app.current_org_id'::text, true))) WITH CHECK (((tenant_id)::text = current_setting('app.current_org_id'::text, true)));
172.17.0.1 2026-10-03 20:47:41.678 UTC [96] supabase_admin@postgres LOG:  statement: ALTER TABLE public.config_snapshots ENABLE ROW LEVEL SECURITY;
172.17.0.1 2026-10-03 20:47:41.679 UTC [96] supabase_admin@postgres LOG:  statement: CREATE POLICY config_snapshots_access ON public.config_snapshots TO authenticated USING (((EXISTS ( SELECT 1
	   FROM public.profiles p
	  WHERE ((p.id = ( SELECT auth.uid() AS uid)) AND (p.role = 'admin'::text)))) OR (EXISTS ( SELECT 1
	   FROM public.organization_members om
	  WHERE ((om.profile_id = ( SELECT auth.uid() AS uid)) AND (om.organization_id = config_snapshots.tenant_id)))))) WITH CHECK (((EXISTS ( SELECT 1
	   FROM public.profiles p
	  WHERE ((p.id = ( SELECT auth.uid() AS uid)) AND (p.role = 'admin'::text)))) OR (EXISTS ( SELECT 1
	   FROM public.organization_members om
	  WHERE ((om.profile_id = ( SELECT auth.uid() AS uid)) AND (om.organization_id = config_snapshots.tenant_id))))));
172.17.0.1 2026-10-03 20:47:41.680 UTC [96] supabase_admin@postgres LOG:  statement: CREATE POLICY config_snapshots_org_guc ON public.config_snapshots USING (((tenant_id)::text = current_setting('app.current_org_id'::text, true))) WITH CHECK (((tenant_id)::text = current_setting('app.current_org_id'::text, true)));
172.17.0.1 2026-10-03 20:47:41.680 UTC [96] supabase_admin@postgres LOG:  statement: ALTER TABLE public.crm_activities ENABLE ROW LEVEL SECURITY;
172.17.0.1 2026-10-03 20:47:41.680 UTC [96] supabase_admin@postgres LOG:  statement: CREATE POLICY crm_activities_org_guc ON public.crm_activities USING ((org_id = current_setting('app.current_org_id'::text, true))) WITH CHECK ((org_id = current_setting('app.current_org_id'::text, true)));
172.17.0.1 2026-10-03 20:47:41.681 UTC [96] supabase_admin@postgres LOG:  statement: ALTER TABLE public.crm_contact_activity_stats ENABLE ROW LEVEL SECURITY;
172.17.0.1 2026-10-03 20:47:41.681 UTC [96] supabase_admin@postgres LOG:  statement: CREATE POLICY crm_contact_activity_stats_org_guc ON public.crm_contact_activity_stats USING ((org_id = current_setting('app.current_org_id'::text, true))) WITH CHECK ((org_id = current_setting('app.current_org_id'::text, true)));
172.17.0.1 2026-10-03 20:47:41.681 UTC [96] supabase_admin@postgres LOG:  statement: ALTER TABLE public.crm_contact_identities ENABLE ROW LEVEL SECURITY;
172.17.0.1 2026-10-03 20:47:41.681 UTC [96] supabase_admin@postgres LOG:  statement: CREATE POLICY crm_contact_identities_org_guc ON public.crm_contact_identities USING ((org_id = current_setting('app.current_org_id'::text, true))) WITH CHECK ((org_id = current_setting('app.current_org_id'::text, true)));
172.17.0.1 2026-10-03 20:47:41.682 UTC [96] supabase_admin@postgres LOG:  statement: ALTER TABLE public.crm_contact_tags ENABLE ROW LEVEL SECURITY;
172.17.0.1 2026-10-03 20:47:41.682 UTC [96] supabase_admin@postgres LOG:  statement: CREATE POLICY crm_contact_tags_org_guc ON public.crm_contact_tags USING ((org_id = current_setting('app.current_org_id'::text, true))) WITH CHECK ((org_id = current_setting('app.current_org_id'::text, true)));
172.17.0.1 2026-10-03 20:47:41.683 UTC [96] supabase_admin@postgres LOG:  statement: ALTER TABLE public.crm_contacts ENABLE ROW LEVEL SECURITY;
172.17.0.1 2026-10-03 20:47:41.683 UTC [96] supabase_admin@postgres LOG:  statement: CREATE POLICY crm_contacts_org_guc ON public.crm_contacts USING ((org_id = current_setting('app.current_org_id'::text, true))) WITH CHECK ((org_id = current_setting('app.current_org_id'::text, true)));
172.17.0.1 2026-10-03 20:47:41.684 UTC [96] supabase_admin@postgres LOG:  statement: ALTER TABLE public.crm_conversation_analysis ENABLE ROW LEVEL SECURITY;
172.17.0.1 2026-10-03 20:47:41.684 UTC [96] supabase_admin@postgres LOG:  statement: CREATE POLICY crm_conversation_analysis_org_guc ON public.crm_conversation_analysis USING ((org_id = current_setting('app.current_org_id'::text, true))) WITH CHECK ((org_id = current_setting('app.current_org_id'::text, true)));
172.17.0.1 2026-10-03 20:47:41.685 UTC [96] supabase_admin@postgres LOG:  statement: ALTER TABLE public.crm_conversation_chunks ENABLE ROW LEVEL SECURITY;
172.17.0.1 2026-10-03 20:47:41.685 UTC [96] supabase_admin@postgres LOG:  statement: CREATE POLICY crm_conversation_chunks_org_guc ON public.crm_conversation_chunks USING ((org_id = current_setting('app.current_org_id'::text, true))) WITH CHECK ((org_id = current_setting('app.current_org_id'::text, true)));
172.17.0.1 2026-10-03 20:47:41.685 UTC [96] supabase_admin@postgres LOG:  statement: ALTER TABLE public.crm_conversation_index ENABLE ROW LEVEL SECURITY;
172.17.0.1 2026-10-03 20:47:41.685 UTC [96] supabase_admin@postgres LOG:  statement: CREATE POLICY crm_conversation_index_org_guc ON public.crm_conversation_index USING ((org_id = current_setting('app.current_org_id'::text, true))) WITH CHECK ((org_id = current_setting('app.current_org_id'::text, true)));
172.17.0.1 2026-10-03 20:47:41.686 UTC [96] supabase_admin@postgres LOG:  statement: ALTER TABLE public.crm_message_sentiment ENABLE ROW LEVEL SECURITY;
172.17.0.1 2026-10-03 20:47:41.686 UTC [96] supabase_admin@postgres LOG:  statement: CREATE POLICY crm_message_sentiment_org_guc ON public.crm_message_sentiment USING ((org_id = current_setting('app.current_org_id'::text, true))) WITH CHECK ((org_id = current_setting('app.current_org_id'::text, true)));
172.17.0.1 2026-10-03 20:47:41.686 UTC [96] supabase_admin@postgres LOG:  statement: ALTER TABLE public.crm_sentiment_chat_daily ENABLE ROW LEVEL SECURITY;
172.17.0.1 2026-10-03 20:47:41.686 UTC [96] supabase_admin@postgres LOG:  statement: CREATE POLICY crm_sentiment_chat_daily_org_guc ON public.crm_sentiment_chat_daily FOR SELECT USING ((org_id = current_setting('app.current_org_id'::text, true)));
172.17.0.1 2026-10-03 20:47:41.687 UTC [96] supabase_admin@postgres LOG:  statement: ALTER TABLE public.app_table_config ENABLE ROW LEVEL SECURITY;
172.17.0.1 2026-10-03 20:47:41.687 UTC [96] supabase_admin@postgres LOG:  statement: CREATE POLICY app_table_config_org_guc ON public.app_table_config USING ((org_id = current_setting('app.current_org_id'::text, true))) WITH CHECK ((org_id = current_setting('app.current_org_id'::text, true)));
172.17.0.1 2026-10-03 20:47:41.687 UTC [96] supabase_admin@postgres LOG:  statement: ALTER TABLE public.crm_settings ENABLE ROW LEVEL SECURITY;
172.17.0.1 2026-10-03 20:47:41.688 UTC [96] supabase_admin@postgres LOG:  statement: CREATE POLICY crm_settings_org_guc ON public.crm_settings USING ((org_id = current_setting('app.current_org_id'::text, true))) WITH CHECK ((org_id = current_setting('app.current_org_id'::text, true)));
172.17.0.1 2026-10-03 20:47:41.688 UTC [96] supabase_admin@postgres LOG:  statement: ALTER TABLE public.crm_tags ENABLE ROW LEVEL SECURITY;
172.17.0.1 2026-10-03 20:47:41.688 UTC [96] supabase_admin@postgres LOG:  statement: CREATE POLICY crm_tags_org_guc ON public.crm_tags USING ((org_id = current_setting('app.current_org_id'::text, true))) WITH CHECK ((org_id = current_setting('app.current_org_id'::text, true)));
172.17.0.1 2026-10-03 20:47:41.689 UTC [96] supabase_admin@postgres LOG:  statement: ALTER TABLE public.crm_win_embeddings ENABLE ROW LEVEL SECURITY;
172.17.0.1 2026-10-03 20:47:41.689 UTC [96] supabase_admin@postgres LOG:  statement: CREATE POLICY crm_win_embeddings_org_guc ON public.crm_win_embeddings USING ((org_id = current_setting('app.current_org_id'::text, true))) WITH CHECK ((org_id = current_setting('app.current_org_id'::text, true)));
172.17.0.1 2026-10-03 20:47:41.689 UTC [96] supabase_admin@postgres LOG:  statement: ALTER TABLE public.crm_word_frequency_daily ENABLE ROW LEVEL SECURITY;
172.17.0.1 2026-10-03 20:47:41.689 UTC [96] supabase_admin@postgres LOG:  statement: CREATE POLICY crm_word_frequency_daily_org_guc ON public.crm_word_frequency_daily FOR SELECT USING ((org_id = current_setting('app.current_org_id'::text, true)));
172.17.0.1 2026-10-03 20:47:41.690 UTC [96] supabase_admin@postgres LOG:  statement: ALTER TABLE public.dashboard_layouts ENABLE ROW LEVEL SECURITY;
172.17.0.1 2026-10-03 20:47:41.690 UTC [96] supabase_admin@postgres LOG:  statement: CREATE POLICY dashboard_layouts_org_guc ON public.dashboard_layouts USING ((org_id = current_setting('app.current_org_id'::text, true))) WITH CHECK ((org_id = current_setting('app.current_org_id'::text, true)));
172.17.0.1 2026-10-03 20:47:41.690 UTC [96] supabase_admin@postgres LOG:  statement: ALTER TABLE public.device_identities ENABLE ROW LEVEL SECURITY;
172.17.0.1 2026-10-03 20:47:41.691 UTC [96] supabase_admin@postgres LOG:  statement: CREATE POLICY device_identities_org_guc ON public.device_identities USING (((tenant_id)::text = current_setting('app.current_org_id'::text, true))) WITH CHECK (((tenant_id)::text = current_setting('app.current_org_id'::text, true)));
172.17.0.1 2026-10-03 20:47:41.691 UTC [96] supabase_admin@postgres LOG:  statement: ALTER TABLE public.doc_audit_log ENABLE ROW LEVEL SECURITY;
172.17.0.1 2026-10-03 20:47:41.691 UTC [96] supabase_admin@postgres LOG:  statement: CREATE POLICY doc_audit_log_org_guc ON public.doc_audit_log USING ((org_id = current_setting('app.current_org_id'::text, true))) WITH CHECK ((org_id = current_setting('app.current_org_id'::text, true)));
172.17.0.1 2026-10-03 20:47:41.692 UTC [96] supabase_admin@postgres LOG:  statement: ALTER TABLE public.doc_comments ENABLE ROW LEVEL SECURITY;
172.17.0.1 2026-10-03 20:47:41.692 UTC [96] supabase_admin@postgres LOG:  statement: CREATE POLICY doc_comments_org_guc ON public.doc_comments USING ((org_id = current_setting('app.current_org_id'::text, true))) WITH CHECK ((org_id = current_setting('app.current_org_id'::text, true)));
172.17.0.1 2026-10-03 20:47:41.692 UTC [96] supabase_admin@postgres LOG:  statement: ALTER TABLE public.email_ledger ENABLE ROW LEVEL SECURITY;
172.17.0.1 2026-10-03 20:47:41.692 UTC [96] supabase_admin@postgres LOG:  statement: CREATE POLICY email_ledger_org ON public.email_ledger USING ((org_id = current_setting('app.current_org_id'::text, true))) WITH CHECK ((org_id = current_setting('app.current_org_id'::text, true)));
172.17.0.1 2026-10-03 20:47:41.693 UTC [96] supabase_admin@postgres LOG:  statement: ALTER TABLE public.email_ledger_settings ENABLE ROW LEVEL SECURITY;
172.17.0.1 2026-10-03 20:47:41.693 UTC [96] supabase_admin@postgres LOG:  statement: CREATE POLICY email_ledger_settings_org ON public.email_ledger_settings USING ((org_id = current_setting('app.current_org_id'::text, true))) WITH CHECK ((org_id = current_setting('app.current_org_id'::text, true)));
172.17.0.1 2026-10-03 20:47:41.693 UTC [96] supabase_admin@postgres LOG:  statement: ALTER TABLE public.email_opens ENABLE ROW LEVEL SECURITY;
172.17.0.1 2026-10-03 20:47:41.693 UTC [96] supabase_admin@postgres LOG:  statement: ALTER TABLE public.files ENABLE ROW LEVEL SECURITY;
172.17.0.1 2026-10-03 20:47:41.693 UTC [96] supabase_admin@postgres LOG:  statement: CREATE POLICY files_org_guc ON public.files USING (((tenant_id)::text = current_setting('app.current_org_id'::text, true))) WITH CHECK (((tenant_id)::text = current_setting('app.current_org_id'::text, true)));
172.17.0.1 2026-10-03 20:47:41.694 UTC [96] supabase_admin@postgres LOG:  statement: ALTER TABLE public.fin_clients ENABLE ROW LEVEL SECURITY;
172.17.0.1 2026-10-03 20:47:41.694 UTC [96] supabase_admin@postgres LOG:  statement: CREATE POLICY fin_clients_org_guc ON public.fin_clients USING ((org_id = current_setting('app.current_org_id'::text, true))) WITH CHECK ((org_id = current_setting('app.current_org_id'::text, true)));
172.17.0.1 2026-10-03 20:47:41.694 UTC [96] supabase_admin@postgres LOG:  statement: ALTER TABLE public.fin_dni_placeholder_null_bak ENABLE ROW LEVEL SECURITY;
172.17.0.1 2026-10-03 20:47:41.695 UTC [96] supabase_admin@postgres LOG:  statement: ALTER TABLE public.fin_dni_reassign_bak_cli ENABLE ROW LEVEL SECURITY;
172.17.0.1 2026-10-03 20:47:41.695 UTC [96] supabase_admin@postgres LOG:  statement: ALTER TABLE public.fin_dni_reassign_bak_inv ENABLE ROW LEVEL SECURITY;
172.17.0.1 2026-10-03 20:47:41.695 UTC [96] supabase_admin@postgres LOG:  statement: ALTER TABLE public.fin_invoice_items ENABLE ROW LEVEL SECURITY;
172.17.0.1 2026-10-03 20:47:41.695 UTC [96] supabase_admin@postgres LOG:  statement: CREATE POLICY fin_invoice_items_org_guc ON public.fin_invoice_items USING ((org_id = current_setting('app.current_org_id'::text, true))) WITH CHECK ((org_id = current_setting('app.current_org_id'::text, true)));
172.17.0.1 2026-10-03 20:47:41.695 UTC [96] supabase_admin@postgres LOG:  statement: ALTER TABLE public.fin_invoices ENABLE ROW LEVEL SECURITY;
172.17.0.1 2026-10-03 20:47:41.696 UTC [96] supabase_admin@postgres LOG:  statement: CREATE POLICY fin_invoices_org_guc ON public.fin_invoices USING ((org_id = current_setting('app.current_org_id'::text, true))) WITH CHECK ((org_id = current_setting('app.current_org_id'::text, true)));
172.17.0.1 2026-10-03 20:47:41.696 UTC [96] supabase_admin@postgres LOG:  statement: ALTER TABLE public.fin_payments ENABLE ROW LEVEL SECURITY;
172.17.0.1 2026-10-03 20:47:41.696 UTC [96] supabase_admin@postgres LOG:  statement: ALTER TABLE public.fin_payments_method_bak_20260814 ENABLE ROW LEVEL SECURITY;
172.17.0.1 2026-10-03 20:47:41.696 UTC [96] supabase_admin@postgres LOG:  statement: CREATE POLICY fin_payments_org_guc ON public.fin_payments USING ((org_id = current_setting('app.current_org_id'::text, true))) WITH CHECK ((org_id = current_setting('app.current_org_id'::text, true)));
172.17.0.1 2026-10-03 20:47:41.697 UTC [96] supabase_admin@postgres LOG:  statement: ALTER TABLE public.fin_product_components ENABLE ROW LEVEL SECURITY;
172.17.0.1 2026-10-03 20:47:41.697 UTC [96] supabase_admin@postgres LOG:  statement: CREATE POLICY fin_product_components_org_guc ON public.fin_product_components USING ((org_id = current_setting('app.current_org_id'::text, true))) WITH CHECK ((org_id = current_setting('app.current_org_id'::text, true)));
172.17.0.1 2026-10-03 20:47:41.697 UTC [96] supabase_admin@postgres LOG:  statement: ALTER TABLE public.fin_products ENABLE ROW LEVEL SECURITY;
172.17.0.1 2026-10-03 20:47:41.698 UTC [96] supabase_admin@postgres LOG:  statement: ALTER TABLE public.fin_products_bak_insumos2608 ENABLE ROW LEVEL SECURITY;
172.17.0.1 2026-10-03 20:47:41.698 UTC [96] supabase_admin@postgres LOG:  statement: CREATE POLICY fin_products_org_guc ON public.fin_products USING ((org_id = current_setting('app.current_org_id'::text, true))) WITH CHECK ((org_id = current_setting('app.current_org_id'::text, true)));
172.17.0.1 2026-10-03 20:47:41.698 UTC [96] supabase_admin@postgres LOG:  statement: ALTER TABLE public.fin_purchase_periods ENABLE ROW LEVEL SECURITY;
172.17.0.1 2026-10-03 20:47:41.699 UTC [96] supabase_admin@postgres LOG:  statement: CREATE POLICY fin_purchase_periods_org_guc ON public.fin_purchase_periods USING ((org_id = current_setting('app.current_org_id'::text, true))) WITH CHECK ((org_id = current_setting('app.current_org_id'::text, true)));
172.17.0.1 2026-10-03 20:47:41.699 UTC [96] supabase_admin@postgres LOG:  statement: ALTER TABLE public.fin_purchases ENABLE ROW LEVEL SECURITY;
172.17.0.1 2026-10-03 20:47:41.699 UTC [96] supabase_admin@postgres LOG:  statement: CREATE POLICY fin_purchases_org_guc ON public.fin_purchases USING ((org_id = current_setting('app.current_org_id'::text, true))) WITH CHECK ((org_id = current_setting('app.current_org_id'::text, true)));
172.17.0.1 2026-10-03 20:47:41.699 UTC [96] supabase_admin@postgres LOG:  statement: ALTER TABLE public.fin_settings ENABLE ROW LEVEL SECURITY;
172.17.0.1 2026-10-03 20:47:41.700 UTC [96] supabase_admin@postgres LOG:  statement: CREATE POLICY fin_settings_org ON public.fin_settings USING ((org_id = current_setting('app.current_org_id'::text, true))) WITH CHECK ((org_id = current_setting('app.current_org_id'::text, true)));
172.17.0.1 2026-10-03 20:47:41.700 UTC [96] supabase_admin@postgres LOG:  statement: ALTER TABLE public.fin_sources ENABLE ROW LEVEL SECURITY;
172.17.0.1 2026-10-03 20:47:41.700 UTC [96] supabase_admin@postgres LOG:  statement: CREATE POLICY fin_sources_org_guc ON public.fin_sources USING ((org_id = current_setting('app.current_org_id'::text, true))) WITH CHECK ((org_id = current_setting('app.current_org_id'::text, true)));
172.17.0.1 2026-10-03 20:47:41.700 UTC [96] supabase_admin@postgres LOG:  statement: ALTER TABLE public.fin_statement_imports ENABLE ROW LEVEL SECURITY;
172.17.0.1 2026-10-03 20:47:41.701 UTC [96] supabase_admin@postgres LOG:  statement: CREATE POLICY fin_statement_imports_org_guc ON public.fin_statement_imports USING ((org_id = current_setting('app.current_org_id'::text, true))) WITH CHECK ((org_id = current_setting('app.current_org_id'::text, true)));
172.17.0.1 2026-10-03 20:47:41.701 UTC [96] supabase_admin@postgres LOG:  statement: ALTER TABLE public.fin_sync_jobs ENABLE ROW LEVEL SECURITY;
172.17.0.1 2026-10-03 20:47:41.701 UTC [96] supabase_admin@postgres LOG:  statement: CREATE POLICY fin_sync_jobs_org_guc ON public.fin_sync_jobs USING ((org_id = current_setting('app.current_org_id'::text, true))) WITH CHECK ((org_id = current_setting('app.current_org_id'::text, true)));
172.17.0.1 2026-10-03 20:47:41.701 UTC [96] supabase_admin@postgres LOG:  statement: ALTER TABLE public.fin_transactions ENABLE ROW LEVEL SECURITY;
172.17.0.1 2026-10-03 20:47:41.701 UTC [96] supabase_admin@postgres LOG:  statement: CREATE POLICY fin_transactions_org_guc ON public.fin_transactions USING ((org_id = current_setting('app.current_org_id'::text, true))) WITH CHECK ((org_id = current_setting('app.current_org_id'::text, true)));
172.17.0.1 2026-10-03 20:47:41.702 UTC [96] supabase_admin@postgres LOG:  statement: ALTER TABLE public.flow_groups ENABLE ROW LEVEL SECURITY;
172.17.0.1 2026-10-03 20:47:41.702 UTC [96] supabase_admin@postgres LOG:  statement: ALTER TABLE public.flow_groups_backup_20260604 ENABLE ROW LEVEL SECURITY;
172.17.0.1 2026-10-03 20:47:41.702 UTC [96] supabase_admin@postgres LOG:  statement: CREATE POLICY flow_groups_org_guc ON public.flow_groups USING ((tenant_id = current_setting('app.current_org_id'::text, true))) WITH CHECK ((tenant_id = current_setting('app.current_org_id'::text, true)));
172.17.0.1 2026-10-03 20:47:41.703 UTC [96] supabase_admin@postgres LOG:  statement: ALTER TABLE public.flow_runs ENABLE ROW LEVEL SECURITY;
172.17.0.1 2026-10-03 20:47:41.703 UTC [96] supabase_admin@postgres LOG:  statement: CREATE POLICY flow_runs_org_guc ON public.flow_runs USING ((tenant_id = current_setting('app.current_org_id'::text, true))) WITH CHECK ((tenant_id = current_setting('app.current_org_id'::text, true)));
172.17.0.1 2026-10-03 20:47:41.704 UTC [96] supabase_admin@postgres LOG:  statement: ALTER TABLE public.flow_var_exports ENABLE ROW LEVEL SECURITY;
172.17.0.1 2026-10-03 20:47:41.704 UTC [96] supabase_admin@postgres LOG:  statement: CREATE POLICY flow_var_exports_org_guc ON public.flow_var_exports USING ((org_id = current_setting('app.current_org_id'::text, true))) WITH CHECK ((org_id = current_setting('app.current_org_id'::text, true)));
172.17.0.1 2026-10-03 20:47:41.705 UTC [96] supabase_admin@postgres LOG:  statement: ALTER TABLE public.flows ENABLE ROW LEVEL SECURITY;
172.17.0.1 2026-10-03 20:47:41.705 UTC [96] supabase_admin@postgres LOG:  statement: ALTER TABLE public.flows_backup_20260604 ENABLE ROW LEVEL SECURITY;
172.17.0.1 2026-10-03 20:47:41.705 UTC [96] supabase_admin@postgres LOG:  statement: ALTER TABLE public.flows_backup_20260605_triage ENABLE ROW LEVEL SECURITY;
172.17.0.1 2026-10-03 20:47:41.705 UTC [96] supabase_admin@postgres LOG:  statement: CREATE POLICY flows_org_guc ON public.flows USING ((tenant_id = current_setting('app.current_org_id'::text, true))) WITH CHECK ((tenant_id = current_setting('app.current_org_id'::text, true)));
172.17.0.1 2026-10-03 20:47:41.706 UTC [96] supabase_admin@postgres LOG:  statement: ALTER TABLE public.gateway ENABLE ROW LEVEL SECURITY;
172.17.0.1 2026-10-03 20:47:41.706 UTC [96] supabase_admin@postgres LOG:  statement: CREATE POLICY gateway_admin_all ON public.gateway USING ((EXISTS ( SELECT 1
	   FROM public.profiles p
	  WHERE ((p.id = ( SELECT auth.uid() AS uid)) AND (p.role = 'admin'::text)))));
172.17.0.1 2026-10-03 20:47:41.706 UTC [96] supabase_admin@postgres LOG:  statement: ALTER TABLE public.gateway_lease ENABLE ROW LEVEL SECURITY;
172.17.0.1 2026-10-03 20:47:41.707 UTC [96] supabase_admin@postgres LOG:  statement: CREATE POLICY gateway_linked_select ON public.gateway FOR SELECT USING ((EXISTS ( SELECT 1
	   FROM public.user_gateway ug
	  WHERE ((ug.gateway_id = gateway.id) AND (ug.profile_id = ( SELECT auth.uid() AS uid))))));
172.17.0.1 2026-10-03 20:47:41.707 UTC [96] supabase_admin@postgres LOG:  statement: ALTER TABLE public.gateway_signing_keys ENABLE ROW LEVEL SECURITY;
172.17.0.1 2026-10-03 20:47:41.707 UTC [96] supabase_admin@postgres LOG:  statement: ALTER TABLE public.hr_employees ENABLE ROW LEVEL SECURITY;
172.17.0.1 2026-10-03 20:47:41.707 UTC [96] supabase_admin@postgres LOG:  statement: CREATE POLICY hr_employees_org_guc ON public.hr_employees USING ((org_id = current_setting('app.current_org_id'::text, true))) WITH CHECK ((org_id = current_setting('app.current_org_id'::text, true)));
172.17.0.1 2026-10-03 20:47:41.708 UTC [96] supabase_admin@postgres LOG:  statement: ALTER TABLE public.hr_holidays ENABLE ROW LEVEL SECURITY;
172.17.0.1 2026-10-03 20:47:41.708 UTC [96] supabase_admin@postgres LOG:  statement: CREATE POLICY hr_holidays_org_guc ON public.hr_holidays USING ((org_id = current_setting('app.current_org_id'::text, true))) WITH CHECK ((org_id = current_setting('app.current_org_id'::text, true)));
172.17.0.1 2026-10-03 20:47:41.708 UTC [96] supabase_admin@postgres LOG:  statement: ALTER TABLE public.hr_leave_allocations ENABLE ROW LEVEL SECURITY;
172.17.0.1 2026-10-03 20:47:41.708 UTC [96] supabase_admin@postgres LOG:  statement: CREATE POLICY hr_leave_allocations_org_guc ON public.hr_leave_allocations USING ((org_id = current_setting('app.current_org_id'::text, true))) WITH CHECK ((org_id = current_setting('app.current_org_id'::text, true)));
172.17.0.1 2026-10-03 20:47:41.708 UTC [96] supabase_admin@postgres LOG:  statement: ALTER TABLE public.hr_leave_requests ENABLE ROW LEVEL SECURITY;
172.17.0.1 2026-10-03 20:47:41.708 UTC [96] supabase_admin@postgres LOG:  statement: CREATE POLICY hr_leave_requests_org_guc ON public.hr_leave_requests USING ((org_id = current_setting('app.current_org_id'::text, true))) WITH CHECK ((org_id = current_setting('app.current_org_id'::text, true)));
172.17.0.1 2026-10-03 20:47:41.709 UTC [96] supabase_admin@postgres LOG:  statement: ALTER TABLE public.hr_leave_types ENABLE ROW LEVEL SECURITY;
172.17.0.1 2026-10-03 20:47:41.709 UTC [96] supabase_admin@postgres LOG:  statement: CREATE POLICY hr_leave_types_org_guc ON public.hr_leave_types USING ((org_id = current_setting('app.current_org_id'::text, true))) WITH CHECK ((org_id = current_setting('app.current_org_id'::text, true)));
172.17.0.1 2026-10-03 20:47:41.709 UTC [96] supabase_admin@postgres LOG:  statement: ALTER TABLE public.hr_settings ENABLE ROW LEVEL SECURITY;
172.17.0.1 2026-10-03 20:47:41.709 UTC [96] supabase_admin@postgres LOG:  statement: CREATE POLICY hr_settings_org_guc ON public.hr_settings USING ((org_id = current_setting('app.current_org_id'::text, true))) WITH CHECK ((org_id = current_setting('app.current_org_id'::text, true)));
172.17.0.1 2026-10-03 20:47:41.709 UTC [96] supabase_admin@postgres LOG:  statement: ALTER TABLE public.hub_migrations ENABLE ROW LEVEL SECURITY;
172.17.0.1 2026-10-03 20:47:41.710 UTC [96] supabase_admin@postgres LOG:  statement: CREATE POLICY identities_self_select ON public.user_identities FOR SELECT USING ((( SELECT auth.uid() AS uid) = user_id));
172.17.0.1 2026-10-03 20:47:41.710 UTC [96] supabase_admin@postgres LOG:  statement: ALTER TABLE public.identity_subscriptions ENABLE ROW LEVEL SECURITY;
172.17.0.1 2026-10-03 20:47:41.710 UTC [96] supabase_admin@postgres LOG:  statement: CREATE POLICY idsub_self_delete ON public.identity_subscriptions FOR DELETE USING ((subscriber_profile_id = ( SELECT auth.uid() AS uid)));
172.17.0.1 2026-10-03 20:47:41.710 UTC [96] supabase_admin@postgres LOG:  statement: CREATE POLICY idsub_self_insert ON public.identity_subscriptions FOR INSERT WITH CHECK ((subscriber_profile_id = ( SELECT auth.uid() AS uid)));
172.17.0.1 2026-10-03 20:47:41.710 UTC [96] supabase_admin@postgres LOG:  statement: CREATE POLICY idsub_self_select ON public.identity_subscriptions FOR SELECT USING ((subscriber_profile_id = ( SELECT auth.uid() AS uid)));
172.17.0.1 2026-10-03 20:47:41.711 UTC [96] supabase_admin@postgres LOG:  statement: ALTER TABLE public.job_effect_batches ENABLE ROW LEVEL SECURITY;
172.17.0.1 2026-10-03 20:47:41.711 UTC [96] supabase_admin@postgres LOG:  statement: CREATE POLICY job_effect_batches_org ON public.job_effect_batches TO app_ledger USING ((tenant_id = current_setting('app.current_org_id'::text, true))) WITH CHECK ((tenant_id = current_setting('app.current_org_id'::text, true)));
172.17.0.1 2026-10-03 20:47:41.712 UTC [96] supabase_admin@postgres LOG:  statement: ALTER TABLE public.job_effect_pages ENABLE ROW LEVEL SECURITY;
172.17.0.1 2026-10-03 20:47:41.712 UTC [96] supabase_admin@postgres LOG:  statement: CREATE POLICY job_effect_pages_org ON public.job_effect_pages TO app_ledger USING ((tenant_id = current_setting('app.current_org_id'::text, true))) WITH CHECK ((tenant_id = current_setting('app.current_org_id'::text, true)));
172.17.0.1 2026-10-03 20:47:41.712 UTC [96] supabase_admin@postgres LOG:  statement: ALTER TABLE public.job_effect_units ENABLE ROW LEVEL SECURITY;
172.17.0.1 2026-10-03 20:47:41.713 UTC [96] supabase_admin@postgres LOG:  statement: CREATE POLICY job_effect_units_org ON public.job_effect_units TO app_ledger USING ((tenant_id = current_setting('app.current_org_id'::text, true))) WITH CHECK ((tenant_id = current_setting('app.current_org_id'::text, true)));
172.17.0.1 2026-10-03 20:47:41.713 UTC [96] supabase_admin@postgres LOG:  statement: ALTER TABLE public.job_effects ENABLE ROW LEVEL SECURITY;
172.17.0.1 2026-10-03 20:47:41.713 UTC [96] supabase_admin@postgres LOG:  statement: CREATE POLICY job_effects_org ON public.job_effects TO app_ledger USING ((tenant_id = current_setting('app.current_org_id'::text, true))) WITH CHECK ((tenant_id = current_setting('app.current_org_id'::text, true)));
172.17.0.1 2026-10-03 20:47:41.714 UTC [96] supabase_admin@postgres LOG:  statement: ALTER TABLE public.join_link ENABLE ROW LEVEL SECURITY;
172.17.0.1 2026-10-03 20:47:41.714 UTC [96] supabase_admin@postgres LOG:  statement: CREATE POLICY join_link_admin_all ON public.join_link USING ((EXISTS ( SELECT 1
	   FROM public.profiles p
	  WHERE ((p.id = ( SELECT auth.uid() AS uid)) AND (p.role = 'admin'::text)))));
172.17.0.1 2026-10-03 20:47:41.714 UTC [96] supabase_admin@postgres LOG:  statement: ALTER TABLE public.join_request ENABLE ROW LEVEL SECURITY;
172.17.0.1 2026-10-03 20:47:41.715 UTC [96] supabase_admin@postgres LOG:  statement: CREATE POLICY join_request_admin_all ON public.join_request USING ((EXISTS ( SELECT 1
	   FROM public.profiles p
	  WHERE ((p.id = ( SELECT auth.uid() AS uid)) AND (p.role = 'admin'::text)))));
172.17.0.1 2026-10-03 20:47:41.715 UTC [96] supabase_admin@postgres LOG:  statement: CREATE POLICY join_request_self_insert ON public.join_request FOR INSERT WITH CHECK ((( SELECT auth.uid() AS uid) = supabase_id));
172.17.0.1 2026-10-03 20:47:41.715 UTC [96] supabase_admin@postgres LOG:  statement: CREATE POLICY join_request_self_select ON public.join_request FOR SELECT USING ((( SELECT auth.uid() AS uid) = supabase_id));
172.17.0.1 2026-10-03 20:47:41.715 UTC [96] supabase_admin@postgres LOG:  statement: ALTER TABLE public.knowledge_chunks ENABLE ROW LEVEL SECURITY;
172.17.0.1 2026-10-03 20:47:41.716 UTC [96] supabase_admin@postgres LOG:  statement: CREATE POLICY knowledge_chunks_org_guc ON public.knowledge_chunks USING ((org_id = current_setting('app.current_org_id'::text, true))) WITH CHECK ((org_id = current_setting('app.current_org_id'::text, true)));
172.17.0.1 2026-10-03 20:47:41.716 UTC [96] supabase_admin@postgres LOG:  statement: ALTER TABLE public.knowledge_documents ENABLE ROW LEVEL SECURITY;
172.17.0.1 2026-10-03 20:47:41.716 UTC [96] supabase_admin@postgres LOG:  statement: CREATE POLICY knowledge_documents_org_guc ON public.knowledge_documents USING ((org_id = current_setting('app.current_org_id'::text, true))) WITH CHECK ((org_id = current_setting('app.current_org_id'::text, true)));
172.17.0.1 2026-10-03 20:47:41.716 UTC [96] supabase_admin@postgres LOG:  statement: ALTER TABLE public.knowledge_sources ENABLE ROW LEVEL SECURITY;
172.17.0.1 2026-10-03 20:47:41.717 UTC [96] supabase_admin@postgres LOG:  statement: CREATE POLICY knowledge_sources_org_guc ON public.knowledge_sources USING ((org_id = current_setting('app.current_org_id'::text, true))) WITH CHECK ((org_id = current_setting('app.current_org_id'::text, true)));
172.17.0.1 2026-10-03 20:47:41.717 UTC [96] supabase_admin@postgres LOG:  statement: ALTER TABLE public.marketplace_agents ENABLE ROW LEVEL SECURITY;
172.17.0.1 2026-10-03 20:47:41.717 UTC [96] supabase_admin@postgres LOG:  statement: ALTER TABLE public.marketplace_installs ENABLE ROW LEVEL SECURITY;
172.17.0.1 2026-10-03 20:47:41.717 UTC [96] supabase_admin@postgres LOG:  statement: CREATE POLICY marketplace_installs_org_guc ON public.marketplace_installs USING (((tenant_id)::text = current_setting('app.current_org_id'::text, true))) WITH CHECK (((tenant_id)::text = current_setting('app.current_org_id'::text, true)));
172.17.0.1 2026-10-03 20:47:41.718 UTC [96] supabase_admin@postgres LOG:  statement: ALTER TABLE public.member_roles ENABLE ROW LEVEL SECURITY;
172.17.0.1 2026-10-03 20:47:41.718 UTC [96] supabase_admin@postgres LOG:  statement: CREATE POLICY member_roles_org_guc ON public.member_roles FOR SELECT TO app_ledger USING (((org_id)::text = current_setting('app.current_org_id'::text, true)));
172.17.0.1 2026-10-03 20:47:41.718 UTC [96] supabase_admin@postgres LOG:  statement: CREATE POLICY member_sel ON public.agent_group_members FOR SELECT USING ((EXISTS ( SELECT 1
	   FROM (public.agent_groups g
	     JOIN public.organization_members m ON ((m.organization_id = g.tenant_id)))
	  WHERE ((g.id = agent_group_members.group_id) AND (m.profile_id = ( SELECT auth.uid() AS uid))))));
172.17.0.1 2026-10-03 20:47:41.719 UTC [96] supabase_admin@postgres LOG:  statement: CREATE POLICY member_sel ON public.agent_groups FOR SELECT USING (((profile_id = ( SELECT auth.uid() AS uid)) OR (EXISTS ( SELECT 1
	   FROM public.organization_members m
	  WHERE ((m.organization_id = agent_groups.tenant_id) AND (m.profile_id = ( SELECT auth.uid() AS uid)))))));
172.17.0.1 2026-10-03 20:47:41.719 UTC [96] supabase_admin@postgres LOG:  statement: CREATE POLICY member_sel ON public.device_identities FOR SELECT USING ((EXISTS ( SELECT 1
	   FROM public.organization_members m
	  WHERE ((m.organization_id = device_identities.tenant_id) AND (m.profile_id = ( SELECT auth.uid() AS uid))))));
172.17.0.1 2026-10-03 20:47:41.720 UTC [96] supabase_admin@postgres LOG:  statement: CREATE POLICY member_sel ON public.files FOR SELECT USING ((EXISTS ( SELECT 1
	   FROM public.organization_members m
	  WHERE ((m.organization_id = files.tenant_id) AND (m.profile_id = ( SELECT auth.uid() AS uid))))));
172.17.0.1 2026-10-03 20:47:41.720 UTC [96] supabase_admin@postgres LOG:  statement: CREATE POLICY member_sel ON public.marketplace_installs FOR SELECT USING ((EXISTS ( SELECT 1
	   FROM public.organization_members m
	  WHERE ((m.organization_id = marketplace_installs.tenant_id) AND (m.profile_id = ( SELECT auth.uid() AS uid))))));
172.17.0.1 2026-10-03 20:47:41.721 UTC [96] supabase_admin@postgres LOG:  statement: CREATE POLICY member_sel ON public.settings FOR SELECT USING ((EXISTS ( SELECT 1
	   FROM public.organization_members m
	  WHERE ((m.organization_id = settings.tenant_id) AND (m.profile_id = ( SELECT auth.uid() AS uid))))));
172.17.0.1 2026-10-03 20:47:41.721 UTC [96] supabase_admin@postgres LOG:  statement: ALTER TABLE public.membership_cycles ENABLE ROW LEVEL SECURITY;
172.17.0.1 2026-10-03 20:47:41.721 UTC [96] supabase_admin@postgres LOG:  statement: CREATE POLICY membership_cycles_org_guc ON public.membership_cycles USING ((org_id = current_setting('app.current_org_id'::text, true))) WITH CHECK ((org_id = current_setting('app.current_org_id'::text, true)));
172.17.0.1 2026-10-03 20:47:41.721 UTC [96] supabase_admin@postgres LOG:  statement: ALTER TABLE public.membership_plans ENABLE ROW LEVEL SECURITY;
172.17.0.1 2026-10-03 20:47:41.721 UTC [96] supabase_admin@postgres LOG:  statement: CREATE POLICY membership_plans_org_guc ON public.membership_plans USING ((org_id = current_setting('app.current_org_id'::text, true))) WITH CHECK ((org_id = current_setting('app.current_org_id'::text, true)));
172.17.0.1 2026-10-03 20:47:41.722 UTC [96] supabase_admin@postgres LOG:  statement: ALTER TABLE public.memberships ENABLE ROW LEVEL SECURITY;
172.17.0.1 2026-10-03 20:47:41.722 UTC [96] supabase_admin@postgres LOG:  statement: CREATE POLICY memberships_org_guc ON public.memberships USING ((org_id = current_setting('app.current_org_id'::text, true))) WITH CHECK ((org_id = current_setting('app.current_org_id'::text, true)));
172.17.0.1 2026-10-03 20:47:41.722 UTC [96] supabase_admin@postgres LOG:  statement: ALTER TABLE public.messages ENABLE ROW LEVEL SECURITY;
172.17.0.1 2026-10-03 20:47:41.722 UTC [96] supabase_admin@postgres LOG:  statement: CREATE POLICY messages_org_isolation ON public.messages USING ((org_id = current_setting('app.current_org_id'::text, true))) WITH CHECK ((org_id = current_setting('app.current_org_id'::text, true)));
172.17.0.1 2026-10-03 20:47:41.723 UTC [96] supabase_admin@postgres LOG:  statement: ALTER TABLE public.meta_ad_insights ENABLE ROW LEVEL SECURITY;
172.17.0.1 2026-10-03 20:47:41.723 UTC [96] supabase_admin@postgres LOG:  statement: CREATE POLICY meta_ad_insights_org_guc ON public.meta_ad_insights USING ((org_id = current_setting('app.current_org_id'::text, true))) WITH CHECK ((org_id = current_setting('app.current_org_id'::text, true)));
172.17.0.1 2026-10-03 20:47:41.724 UTC [96] supabase_admin@postgres LOG:  statement: ALTER TABLE public.meta_ad_posts ENABLE ROW LEVEL SECURITY;
172.17.0.1 2026-10-03 20:47:41.724 UTC [96] supabase_admin@postgres LOG:  statement: CREATE POLICY meta_ad_posts_org_guc ON public.meta_ad_posts USING ((org_id = current_setting('app.current_org_id'::text, true))) WITH CHECK ((org_id = current_setting('app.current_org_id'::text, true)));
172.17.0.1 2026-10-03 20:47:41.725 UTC [96] supabase_admin@postgres LOG:  statement: ALTER TABLE public.meta_assets ENABLE ROW LEVEL SECURITY;
172.17.0.1 2026-10-03 20:47:41.725 UTC [96] supabase_admin@postgres LOG:  statement: CREATE POLICY meta_assets_org_guc ON public.meta_assets USING ((org_id = current_setting('app.current_org_id'::text, true))) WITH CHECK ((org_id = current_setting('app.current_org_id'::text, true)));
172.17.0.1 2026-10-03 20:47:41.725 UTC [96] supabase_admin@postgres LOG:  statement: ALTER TABLE public.meta_connections ENABLE ROW LEVEL SECURITY;
172.17.0.1 2026-10-03 20:47:41.726 UTC [96] supabase_admin@postgres LOG:  statement: CREATE POLICY meta_connections_org_guc ON public.meta_connections USING ((org_id = current_setting('app.current_org_id'::text, true))) WITH CHECK ((org_id = current_setting('app.current_org_id'::text, true)));
172.17.0.1 2026-10-03 20:47:41.726 UTC [96] supabase_admin@postgres LOG:  statement: ALTER TABLE public.meta_lead_attribution ENABLE ROW LEVEL SECURITY;
172.17.0.1 2026-10-03 20:47:41.726 UTC [96] supabase_admin@postgres LOG:  statement: CREATE POLICY meta_lead_attribution_org_guc ON public.meta_lead_attribution USING ((org_id = current_setting('app.current_org_id'::text, true))) WITH CHECK ((org_id = current_setting('app.current_org_id'::text, true)));
172.17.0.1 2026-10-03 20:47:41.726 UTC [96] supabase_admin@postgres LOG:  statement: ALTER TABLE public.meta_post_insights ENABLE ROW LEVEL SECURITY;
172.17.0.1 2026-10-03 20:47:41.726 UTC [96] supabase_admin@postgres LOG:  statement: CREATE POLICY meta_post_insights_org_guc ON public.meta_post_insights USING ((org_id = current_setting('app.current_org_id'::text, true))) WITH CHECK ((org_id = current_setting('app.current_org_id'::text, true)));
172.17.0.1 2026-10-03 20:47:41.727 UTC [96] supabase_admin@postgres LOG:  statement: ALTER TABLE public.meta_post_media ENABLE ROW LEVEL SECURITY;
172.17.0.1 2026-10-03 20:47:41.727 UTC [96] supabase_admin@postgres LOG:  statement: CREATE POLICY meta_post_media_org_guc ON public.meta_post_media USING ((org_id = current_setting('app.current_org_id'::text, true))) WITH CHECK ((org_id = current_setting('app.current_org_id'::text, true)));
172.17.0.1 2026-10-03 20:47:41.727 UTC [96] supabase_admin@postgres LOG:  statement: ALTER TABLE public.meta_sync_jobs ENABLE ROW LEVEL SECURITY;
172.17.0.1 2026-10-03 20:47:41.727 UTC [96] supabase_admin@postgres LOG:  statement: CREATE POLICY meta_sync_jobs_org_guc ON public.meta_sync_jobs USING ((org_id = current_setting('app.current_org_id'::text, true))) WITH CHECK ((org_id = current_setting('app.current_org_id'::text, true)));
172.17.0.1 2026-10-03 20:47:41.727 UTC [96] supabase_admin@postgres LOG:  statement: ALTER TABLE public.missions ENABLE ROW LEVEL SECURITY;
172.17.0.1 2026-10-03 20:47:41.727 UTC [96] supabase_admin@postgres LOG:  statement: CREATE POLICY missions_access ON public.missions TO authenticated USING (((EXISTS ( SELECT 1
	   FROM public.profiles p
	  WHERE ((p.id = ( SELECT auth.uid() AS uid)) AND (p.role = 'admin'::text)))) OR (EXISTS ( SELECT 1
	   FROM public.organization_members om
	  WHERE ((om.profile_id = ( SELECT auth.uid() AS uid)) AND (om.organization_id = missions.tenant_id)))))) WITH CHECK (((EXISTS ( SELECT 1
	   FROM public.profiles p
	  WHERE ((p.id = ( SELECT auth.uid() AS uid)) AND (p.role = 'admin'::text)))) OR (EXISTS ( SELECT 1
	   FROM public.organization_members om
	  WHERE ((om.profile_id = ( SELECT auth.uid() AS uid)) AND (om.organization_id = missions.tenant_id))))));
172.17.0.1 2026-10-03 20:47:41.728 UTC [96] supabase_admin@postgres LOG:  statement: CREATE POLICY missions_org_guc ON public.missions USING (((tenant_id)::text = current_setting('app.current_org_id'::text, true))) WITH CHECK (((tenant_id)::text = current_setting('app.current_org_id'::text, true)));
172.17.0.1 2026-10-03 20:47:41.729 UTC [96] supabase_admin@postgres LOG:  statement: ALTER TABLE public.naming_series_counters ENABLE ROW LEVEL SECURITY;
172.17.0.1 2026-10-03 20:47:41.729 UTC [96] supabase_admin@postgres LOG:  statement: CREATE POLICY naming_series_counters_org_guc ON public.naming_series_counters USING ((org_id = current_setting('app.current_org_id'::text, true))) WITH CHECK ((org_id = current_setting('app.current_org_id'::text, true)));
172.17.0.1 2026-10-03 20:47:41.729 UTC [96] supabase_admin@postgres LOG:  statement: ALTER TABLE public.notes ENABLE ROW LEVEL SECURITY;
172.17.0.1 2026-10-03 20:47:41.729 UTC [96] supabase_admin@postgres LOG:  statement: ALTER TABLE public.notif_log ENABLE ROW LEVEL SECURITY;
172.17.0.1 2026-10-03 20:47:41.729 UTC [96] supabase_admin@postgres LOG:  statement: CREATE POLICY notif_log_org_guc ON public.notif_log USING ((org_id = current_setting('app.current_org_id'::text, true))) WITH CHECK ((org_id = current_setting('app.current_org_id'::text, true)));
172.17.0.1 2026-10-03 20:47:41.730 UTC [96] supabase_admin@postgres LOG:  statement: ALTER TABLE public.notif_rules ENABLE ROW LEVEL SECURITY;
172.17.0.1 2026-10-03 20:47:41.730 UTC [96] supabase_admin@postgres LOG:  statement: CREATE POLICY notif_rules_org_guc ON public.notif_rules USING ((org_id = current_setting('app.current_org_id'::text, true))) WITH CHECK ((org_id = current_setting('app.current_org_id'::text, true)));
172.17.0.1 2026-10-03 20:47:41.730 UTC [96] supabase_admin@postgres LOG:  statement: ALTER TABLE public.org_areas ENABLE ROW LEVEL SECURITY;
172.17.0.1 2026-10-03 20:47:41.730 UTC [96] supabase_admin@postgres LOG:  statement: CREATE POLICY org_areas_member_read ON public.org_areas FOR SELECT USING ((organization_id IN ( SELECT organization_members.organization_id
	   FROM public.organization_members
	  WHERE (organization_members.profile_id = ( SELECT auth.uid() AS uid)))));
172.17.0.1 2026-10-03 20:47:41.730 UTC [96] supabase_admin@postgres LOG:  statement: CREATE POLICY org_areas_org_guc ON public.org_areas FOR SELECT TO app_ledger USING (((organization_id)::text = current_setting('app.current_org_id'::text, true)));
172.17.0.1 2026-10-03 20:47:41.731 UTC [96] supabase_admin@postgres LOG:  statement: ALTER TABLE public.org_provision_runs ENABLE ROW LEVEL SECURITY;
172.17.0.1 2026-10-03 20:47:41.731 UTC [96] supabase_admin@postgres LOG:  statement: ALTER TABLE public.org_roles ENABLE ROW LEVEL SECURITY;
172.17.0.1 2026-10-03 20:47:41.731 UTC [96] supabase_admin@postgres LOG:  statement: CREATE POLICY org_roles_org_guc ON public.org_roles USING ((org_id = current_setting('app.current_org_id'::text, true))) WITH CHECK ((org_id = current_setting('app.current_org_id'::text, true)));
172.17.0.1 2026-10-03 20:47:41.731 UTC [96] supabase_admin@postgres LOG:  statement: ALTER TABLE public.organization_members ENABLE ROW LEVEL SECURITY;
172.17.0.1 2026-10-03 20:47:41.731 UTC [96] supabase_admin@postgres LOG:  statement: CREATE POLICY organization_members_admin_all ON public.organization_members USING ((EXISTS ( SELECT 1
	   FROM public.profiles p
	  WHERE ((p.id = ( SELECT auth.uid() AS uid)) AND (p.role = 'admin'::text)))));
172.17.0.1 2026-10-03 20:47:41.732 UTC [96] supabase_admin@postgres LOG:  statement: CREATE POLICY organization_members_org_guc ON public.organization_members FOR SELECT TO app_ledger USING (((organization_id)::text = current_setting('app.current_org_id'::text, true)));
172.17.0.1 2026-10-03 20:47:41.732 UTC [96] supabase_admin@postgres LOG:  statement: CREATE POLICY organization_members_self_select ON public.organization_members FOR SELECT USING ((profile_id = ( SELECT auth.uid() AS uid)));
172.17.0.1 2026-10-03 20:47:41.732 UTC [96] supabase_admin@postgres LOG:  statement: ALTER TABLE public.organizations ENABLE ROW LEVEL SECURITY;
172.17.0.1 2026-10-03 20:47:41.732 UTC [96] supabase_admin@postgres LOG:  statement: CREATE POLICY organizations_admin_all ON public.organizations USING ((EXISTS ( SELECT 1
	   FROM public.profiles p
	  WHERE ((p.id = ( SELECT auth.uid() AS uid)) AND (p.role = 'admin'::text)))));
172.17.0.1 2026-10-03 20:47:41.733 UTC [96] supabase_admin@postgres LOG:  statement: CREATE POLICY organizations_member_select ON public.organizations FOR SELECT USING ((EXISTS ( SELECT 1
	   FROM public.organization_members m
	  WHERE ((m.organization_id = organizations.id) AND (m.profile_id = ( SELECT auth.uid() AS uid))))));
172.17.0.1 2026-10-03 20:47:41.733 UTC [96] supabase_admin@postgres LOG:  statement: ALTER TABLE public.parties ENABLE ROW LEVEL SECURITY;
172.17.0.1 2026-10-03 20:47:41.733 UTC [96] supabase_admin@postgres LOG:  statement: CREATE POLICY parties_org_guc ON public.parties USING ((org_id = current_setting('app.current_org_id'::text, true))) WITH CHECK ((org_id = current_setting('app.current_org_id'::text, true)));
172.17.0.1 2026-10-03 20:47:41.734 UTC [96] supabase_admin@postgres LOG:  statement: ALTER TABLE public.pending_channel_claims ENABLE ROW LEVEL SECURITY;
172.17.0.1 2026-10-03 20:47:41.734 UTC [96] supabase_admin@postgres LOG:  statement: ALTER TABLE public.permission_roles ENABLE ROW LEVEL SECURITY;
172.17.0.1 2026-10-03 20:47:41.734 UTC [96] supabase_admin@postgres LOG:  statement: CREATE POLICY permission_roles_read_all ON public.permission_roles FOR SELECT USING (true);
172.17.0.1 2026-10-03 20:47:41.734 UTC [96] supabase_admin@postgres LOG:  statement: ALTER TABLE public.permission_rules ENABLE ROW LEVEL SECURITY;
172.17.0.1 2026-10-03 20:47:41.734 UTC [96] supabase_admin@postgres LOG:  statement: CREATE POLICY permission_rules_org_guc ON public.permission_rules USING (((org_id)::text = current_setting('app.current_org_id'::text, true))) WITH CHECK (((org_id)::text = current_setting('app.current_org_id'::text, true)));
172.17.0.1 2026-10-03 20:47:41.734 UTC [96] supabase_admin@postgres LOG:  statement: ALTER TABLE public.personal_agents ENABLE ROW LEVEL SECURITY;
172.17.0.1 2026-10-03 20:47:41.735 UTC [96] supabase_admin@postgres LOG:  statement: CREATE POLICY personal_agents_admin_all ON public.personal_agents USING ((EXISTS ( SELECT 1
	   FROM public.profiles p
	  WHERE ((p.id = ( SELECT auth.uid() AS uid)) AND (p.role = 'admin'::text)))));
172.17.0.1 2026-10-03 20:47:41.735 UTC [96] supabase_admin@postgres LOG:  statement: CREATE POLICY personal_agents_self_select ON public.personal_agents FOR SELECT USING ((profile_id = ( SELECT auth.uid() AS uid)));
172.17.0.1 2026-10-03 20:47:41.735 UTC [96] supabase_admin@postgres LOG:  statement: ALTER TABLE public.plugin_org_disabled ENABLE ROW LEVEL SECURITY;
172.17.0.1 2026-10-03 20:47:41.735 UTC [96] supabase_admin@postgres LOG:  statement: CREATE POLICY plugin_org_disabled_org_guc ON public.plugin_org_disabled USING (((org_id)::text = current_setting('app.current_org_id'::text, true))) WITH CHECK (((org_id)::text = current_setting('app.current_org_id'::text, true)));
172.17.0.1 2026-10-03 20:47:41.736 UTC [96] supabase_admin@postgres LOG:  statement: ALTER TABLE public.pos_client_ledger ENABLE ROW LEVEL SECURITY;
172.17.0.1 2026-10-03 20:47:41.736 UTC [96] supabase_admin@postgres LOG:  statement: CREATE POLICY pos_client_ledger_org_guc ON public.pos_client_ledger USING ((org_id = current_setting('app.current_org_id'::text, true))) WITH CHECK ((org_id = current_setting('app.current_org_id'::text, true)));
172.17.0.1 2026-10-03 20:47:41.736 UTC [96] supabase_admin@postgres LOG:  statement: ALTER TABLE public.pos_emissions ENABLE ROW LEVEL SECURITY;
172.17.0.1 2026-10-03 20:47:41.736 UTC [96] supabase_admin@postgres LOG:  statement: CREATE POLICY pos_emissions_org_guc ON public.pos_emissions USING ((org_id = current_setting('app.current_org_id'::text, true))) WITH CHECK ((org_id = current_setting('app.current_org_id'::text, true)));
172.17.0.1 2026-10-03 20:47:41.737 UTC [96] supabase_admin@postgres LOG:  statement: ALTER TABLE public.pos_package_grants ENABLE ROW LEVEL SECURITY;
172.17.0.1 2026-10-03 20:47:41.737 UTC [96] supabase_admin@postgres LOG:  statement: CREATE POLICY pos_package_grants_org_guc ON public.pos_package_grants USING ((org_id = current_setting('app.current_org_id'::text, true))) WITH CHECK ((org_id = current_setting('app.current_org_id'::text, true)));
172.17.0.1 2026-10-03 20:47:41.737 UTC [96] supabase_admin@postgres LOG:  statement: ALTER TABLE public.pos_package_redemptions ENABLE ROW LEVEL SECURITY;
172.17.0.1 2026-10-03 20:47:41.737 UTC [96] supabase_admin@postgres LOG:  statement: CREATE POLICY pos_package_redemptions_org_guc ON public.pos_package_redemptions USING ((org_id = current_setting('app.current_org_id'::text, true))) WITH CHECK ((org_id = current_setting('app.current_org_id'::text, true)));
172.17.0.1 2026-10-03 20:47:41.738 UTC [96] supabase_admin@postgres LOG:  statement: ALTER TABLE public.pos_payment_plans ENABLE ROW LEVEL SECURITY;
172.17.0.1 2026-10-03 20:47:41.738 UTC [96] supabase_admin@postgres LOG:  statement: CREATE POLICY pos_payment_plans_org_guc ON public.pos_payment_plans USING ((org_id = current_setting('app.current_org_id'::text, true))) WITH CHECK ((org_id = current_setting('app.current_org_id'::text, true)));
172.17.0.1 2026-10-03 20:47:41.738 UTC [96] supabase_admin@postgres LOG:  statement: ALTER TABLE public.pos_payments ENABLE ROW LEVEL SECURITY;
172.17.0.1 2026-10-03 20:47:41.738 UTC [96] supabase_admin@postgres LOG:  statement: CREATE POLICY pos_payments_org_guc ON public.pos_payments USING ((org_id = current_setting('app.current_org_id'::text, true))) WITH CHECK ((org_id = current_setting('app.current_org_id'::text, true)));
172.17.0.1 2026-10-03 20:47:41.738 UTC [96] supabase_admin@postgres LOG:  statement: ALTER TABLE public.pos_series ENABLE ROW LEVEL SECURITY;
172.17.0.1 2026-10-03 20:47:41.739 UTC [96] supabase_admin@postgres LOG:  statement: CREATE POLICY pos_series_org_guc ON public.pos_series USING ((org_id = current_setting('app.current_org_id'::text, true))) WITH CHECK ((org_id = current_setting('app.current_org_id'::text, true)));
172.17.0.1 2026-10-03 20:47:41.739 UTC [96] supabase_admin@postgres LOG:  statement: ALTER TABLE public.pos_settings ENABLE ROW LEVEL SECURITY;
172.17.0.1 2026-10-03 20:47:41.739 UTC [96] supabase_admin@postgres LOG:  statement: CREATE POLICY pos_settings_org_guc ON public.pos_settings USING ((org_id = current_setting('app.current_org_id'::text, true))) WITH CHECK ((org_id = current_setting('app.current_org_id'::text, true)));
172.17.0.1 2026-10-03 20:47:41.739 UTC [96] supabase_admin@postgres LOG:  statement: ALTER TABLE public.pos_shifts ENABLE ROW LEVEL SECURITY;
172.17.0.1 2026-10-03 20:47:41.740 UTC [96] supabase_admin@postgres LOG:  statement: CREATE POLICY pos_shifts_org_guc ON public.pos_shifts USING ((org_id = current_setting('app.current_org_id'::text, true))) WITH CHECK ((org_id = current_setting('app.current_org_id'::text, true)));
172.17.0.1 2026-10-03 20:47:41.740 UTC [96] supabase_admin@postgres LOG:  statement: ALTER TABLE public.pos_ticket_lines ENABLE ROW LEVEL SECURITY;
172.17.0.1 2026-10-03 20:47:41.740 UTC [96] supabase_admin@postgres LOG:  statement: CREATE POLICY pos_ticket_lines_org_guc ON public.pos_ticket_lines USING ((org_id = current_setting('app.current_org_id'::text, true))) WITH CHECK ((org_id = current_setting('app.current_org_id'::text, true)));
172.17.0.1 2026-10-03 20:47:41.740 UTC [96] supabase_admin@postgres LOG:  statement: ALTER TABLE public.pos_tickets ENABLE ROW LEVEL SECURITY;
172.17.0.1 2026-10-03 20:47:41.740 UTC [96] supabase_admin@postgres LOG:  statement: CREATE POLICY pos_tickets_org_guc ON public.pos_tickets USING ((org_id = current_setting('app.current_org_id'::text, true))) WITH CHECK ((org_id = current_setting('app.current_org_id'::text, true)));
172.17.0.1 2026-10-03 20:47:41.741 UTC [96] supabase_admin@postgres LOG:  statement: ALTER TABLE public.profiles ENABLE ROW LEVEL SECURITY;
172.17.0.1 2026-10-03 20:47:41.741 UTC [96] supabase_admin@postgres LOG:  statement: ALTER TABLE public.profiles_legacy_user_id_backup_20260610 ENABLE ROW LEVEL SECURITY;
172.17.0.1 2026-10-03 20:47:41.741 UTC [96] supabase_admin@postgres LOG:  statement: CREATE POLICY profiles_self_select ON public.profiles FOR SELECT USING ((( SELECT auth.uid() AS uid) = id));
172.17.0.1 2026-10-03 20:47:41.741 UTC [96] supabase_admin@postgres LOG:  statement: CREATE POLICY profiles_self_update ON public.profiles FOR UPDATE USING ((( SELECT auth.uid() AS uid) = id));
172.17.0.1 2026-10-03 20:47:41.742 UTC [96] supabase_admin@postgres LOG:  statement: ALTER TABLE public.proj_projects ENABLE ROW LEVEL SECURITY;
172.17.0.1 2026-10-03 20:47:41.742 UTC [96] supabase_admin@postgres LOG:  statement: CREATE POLICY proj_projects_org_guc ON public.proj_projects USING ((org_id = current_setting('app.current_org_id'::text, true))) WITH CHECK ((org_id = current_setting('app.current_org_id'::text, true)));
172.17.0.1 2026-10-03 20:47:41.742 UTC [96] supabase_admin@postgres LOG:  statement: ALTER TABLE public.proj_tasks ENABLE ROW LEVEL SECURITY;
172.17.0.1 2026-10-03 20:47:41.742 UTC [96] supabase_admin@postgres LOG:  statement: CREATE POLICY proj_tasks_org_guc ON public.proj_tasks USING ((org_id = current_setting('app.current_org_id'::text, true))) WITH CHECK ((org_id = current_setting('app.current_org_id'::text, true)));
172.17.0.1 2026-10-03 20:47:41.742 UTC [96] supabase_admin@postgres LOG:  statement: ALTER TABLE public.proj_templates ENABLE ROW LEVEL SECURITY;
172.17.0.1 2026-10-03 20:47:41.743 UTC [96] supabase_admin@postgres LOG:  statement: CREATE POLICY proj_templates_org_guc ON public.proj_templates USING ((org_id = current_setting('app.current_org_id'::text, true))) WITH CHECK ((org_id = current_setting('app.current_org_id'::text, true)));
172.17.0.1 2026-10-03 20:47:41.743 UTC [96] supabase_admin@postgres LOG:  statement: ALTER TABLE public.proj_timesheets ENABLE ROW LEVEL SECURITY;
172.17.0.1 2026-10-03 20:47:41.743 UTC [96] supabase_admin@postgres LOG:  statement: CREATE POLICY proj_timesheets_org_guc ON public.proj_timesheets USING ((org_id = current_setting('app.current_org_id'::text, true))) WITH CHECK ((org_id = current_setting('app.current_org_id'::text, true)));
172.17.0.1 2026-10-03 20:47:41.743 UTC [96] supabase_admin@postgres LOG:  statement: ALTER TABLE public.pulse_proposals ENABLE ROW LEVEL SECURITY;
172.17.0.1 2026-10-03 20:47:41.744 UTC [96] supabase_admin@postgres LOG:  statement: CREATE POLICY pulse_proposals_org ON public.pulse_proposals USING ((org_id = current_setting('app.current_org_id'::text, true))) WITH CHECK ((org_id = current_setting('app.current_org_id'::text, true)));
172.17.0.1 2026-10-03 20:47:41.744 UTC [96] supabase_admin@postgres LOG:  statement: ALTER TABLE public.pulse_settings ENABLE ROW LEVEL SECURITY;
172.17.0.1 2026-10-03 20:47:41.744 UTC [96] supabase_admin@postgres LOG:  statement: CREATE POLICY pulse_settings_org ON public.pulse_settings USING ((org_id = current_setting('app.current_org_id'::text, true))) WITH CHECK ((org_id = current_setting('app.current_org_id'::text, true)));
172.17.0.1 2026-10-03 20:47:41.744 UTC [96] supabase_admin@postgres LOG:  statement: ALTER TABLE public.sales_orders ENABLE ROW LEVEL SECURITY;
172.17.0.1 2026-10-03 20:47:41.744 UTC [96] supabase_admin@postgres LOG:  statement: CREATE POLICY sales_orders_org_guc ON public.sales_orders USING ((org_id = current_setting('app.current_org_id'::text, true))) WITH CHECK ((org_id = current_setting('app.current_org_id'::text, true)));
172.17.0.1 2026-10-03 20:47:41.745 UTC [96] supabase_admin@postgres LOG:  statement: ALTER TABLE public.sched_availability ENABLE ROW LEVEL SECURITY;
172.17.0.1 2026-10-03 20:47:41.745 UTC [96] supabase_admin@postgres LOG:  statement: CREATE POLICY sched_availability_org_guc ON public.sched_availability USING ((org_id = current_setting('app.current_org_id'::text, true))) WITH CHECK ((org_id = current_setting('app.current_org_id'::text, true)));
172.17.0.1 2026-10-03 20:47:41.745 UTC [96] supabase_admin@postgres LOG:  statement: ALTER TABLE public.sched_booking_status_log ENABLE ROW LEVEL SECURITY;
172.17.0.1 2026-10-03 20:47:41.745 UTC [96] supabase_admin@postgres LOG:  statement: CREATE POLICY sched_booking_status_log_org_guc ON public.sched_booking_status_log USING ((org_id = current_setting('app.current_org_id'::text, true))) WITH CHECK ((org_id = current_setting('app.current_org_id'::text, true)));
172.17.0.1 2026-10-03 20:47:41.745 UTC [96] supabase_admin@postgres LOG:  statement: ALTER TABLE public.sched_bookings ENABLE ROW LEVEL SECURITY;
172.17.0.1 2026-10-03 20:47:41.745 UTC [96] supabase_admin@postgres LOG:  statement: CREATE POLICY sched_bookings_org_guc ON public.sched_bookings USING ((org_id = current_setting('app.current_org_id'::text, true))) WITH CHECK ((org_id = current_setting('app.current_org_id'::text, true)));
172.17.0.1 2026-10-03 20:47:41.746 UTC [96] supabase_admin@postgres LOG:  statement: CREATE POLICY sched_etr_org_guc ON public.sched_event_type_resources USING ((org_id = current_setting('app.current_org_id'::text, true))) WITH CHECK ((org_id = current_setting('app.current_org_id'::text, true)));
172.17.0.1 2026-10-03 20:47:41.746 UTC [96] supabase_admin@postgres LOG:  statement: ALTER TABLE public.sched_event_kinds ENABLE ROW LEVEL SECURITY;
172.17.0.1 2026-10-03 20:47:41.746 UTC [96] supabase_admin@postgres LOG:  statement: CREATE POLICY sched_event_kinds_org_guc ON public.sched_event_kinds USING ((org_id = current_setting('app.current_org_id'::text, true))) WITH CHECK ((org_id = current_setting('app.current_org_id'::text, true)));
172.17.0.1 2026-10-03 20:47:41.746 UTC [96] supabase_admin@postgres LOG:  statement: ALTER TABLE public.sched_event_type_resources ENABLE ROW LEVEL SECURITY;
172.17.0.1 2026-10-03 20:47:41.746 UTC [96] supabase_admin@postgres LOG:  statement: ALTER TABLE public.sched_event_types ENABLE ROW LEVEL SECURITY;
172.17.0.1 2026-10-03 20:47:41.747 UTC [96] supabase_admin@postgres LOG:  statement: CREATE POLICY sched_event_types_org_guc ON public.sched_event_types USING ((org_id = current_setting('app.current_org_id'::text, true))) WITH CHECK ((org_id = current_setting('app.current_org_id'::text, true)));
172.17.0.1 2026-10-03 20:47:41.747 UTC [96] supabase_admin@postgres LOG:  statement: ALTER TABLE public.sched_links ENABLE ROW LEVEL SECURITY;
172.17.0.1 2026-10-03 20:47:41.747 UTC [96] supabase_admin@postgres LOG:  statement: CREATE POLICY sched_links_org_guc ON public.sched_links USING ((org_id = current_setting('app.current_org_id'::text, true))) WITH CHECK ((org_id = current_setting('app.current_org_id'::text, true)));
172.17.0.1 2026-10-03 20:47:41.747 UTC [96] supabase_admin@postgres LOG:  statement: ALTER TABLE public.sched_reminder_config ENABLE ROW LEVEL SECURITY;
172.17.0.1 2026-10-03 20:47:41.747 UTC [96] supabase_admin@postgres LOG:  statement: CREATE POLICY sched_reminder_config_org_guc ON public.sched_reminder_config USING ((org_id = current_setting('app.current_org_id'::text, true))) WITH CHECK ((org_id = current_setting('app.current_org_id'::text, true)));
172.17.0.1 2026-10-03 20:47:41.748 UTC [96] supabase_admin@postgres LOG:  statement: ALTER TABLE public.sched_reminders ENABLE ROW LEVEL SECURITY;
172.17.0.1 2026-10-03 20:47:41.748 UTC [96] supabase_admin@postgres LOG:  statement: CREATE POLICY sched_reminders_org_guc ON public.sched_reminders USING ((org_id = current_setting('app.current_org_id'::text, true))) WITH CHECK ((org_id = current_setting('app.current_org_id'::text, true)));
172.17.0.1 2026-10-03 20:47:41.748 UTC [96] supabase_admin@postgres LOG:  statement: ALTER TABLE public.sched_resources ENABLE ROW LEVEL SECURITY;
172.17.0.1 2026-10-03 20:47:41.748 UTC [96] supabase_admin@postgres LOG:  statement: CREATE POLICY sched_resources_org_guc ON public.sched_resources USING ((org_id = current_setting('app.current_org_id'::text, true))) WITH CHECK ((org_id = current_setting('app.current_org_id'::text, true)));
172.17.0.1 2026-10-03 20:47:41.748 UTC [96] supabase_admin@postgres LOG:  statement: ALTER TABLE public.sched_schedules ENABLE ROW LEVEL SECURITY;
172.17.0.1 2026-10-03 20:47:41.748 UTC [96] supabase_admin@postgres LOG:  statement: CREATE POLICY sched_schedules_org_guc ON public.sched_schedules USING ((org_id = current_setting('app.current_org_id'::text, true))) WITH CHECK ((org_id = current_setting('app.current_org_id'::text, true)));
172.17.0.1 2026-10-03 20:47:41.749 UTC [96] supabase_admin@postgres LOG:  statement: ALTER TABLE public.server_backups ENABLE ROW LEVEL SECURITY;
172.17.0.1 2026-10-03 20:47:41.749 UTC [96] supabase_admin@postgres LOG:  statement: CREATE POLICY server_backups_access ON public.server_backups TO authenticated USING (((EXISTS ( SELECT 1
	   FROM public.profiles p
	  WHERE ((p.id = ( SELECT auth.uid() AS uid)) AND (p.role = 'admin'::text)))) OR (EXISTS ( SELECT 1
	   FROM public.organization_members om
	  WHERE ((om.profile_id = ( SELECT auth.uid() AS uid)) AND (om.organization_id = server_backups.tenant_id)))))) WITH CHECK (((EXISTS ( SELECT 1
	   FROM public.profiles p
	  WHERE ((p.id = ( SELECT auth.uid() AS uid)) AND (p.role = 'admin'::text)))) OR (EXISTS ( SELECT 1
	   FROM public.organization_members om
	  WHERE ((om.profile_id = ( SELECT auth.uid() AS uid)) AND (om.organization_id = server_backups.tenant_id))))));
172.17.0.1 2026-10-03 20:47:41.750 UTC [96] supabase_admin@postgres LOG:  statement: CREATE POLICY server_backups_org_guc ON public.server_backups USING (((tenant_id)::text = current_setting('app.current_org_id'::text, true))) WITH CHECK (((tenant_id)::text = current_setting('app.current_org_id'::text, true)));
172.17.0.1 2026-10-03 20:47:41.750 UTC [96] supabase_admin@postgres LOG:  statement: ALTER TABLE public.server_provision_configs ENABLE ROW LEVEL SECURITY;
172.17.0.1 2026-10-03 20:47:41.750 UTC [96] supabase_admin@postgres LOG:  statement: CREATE POLICY server_provision_configs_access ON public.server_provision_configs TO authenticated USING (((EXISTS ( SELECT 1
	   FROM public.profiles p
	  WHERE ((p.id = ( SELECT auth.uid() AS uid)) AND (p.role = 'admin'::text)))) OR (EXISTS ( SELECT 1
	   FROM public.organization_members om
	  WHERE ((om.profile_id = ( SELECT auth.uid() AS uid)) AND (om.organization_id = server_provision_configs.tenant_id)))))) WITH CHECK (((EXISTS ( SELECT 1
	   FROM public.profiles p
	  WHERE ((p.id = ( SELECT auth.uid() AS uid)) AND (p.role = 'admin'::text)))) OR (EXISTS ( SELECT 1
	   FROM public.organization_members om
	  WHERE ((om.profile_id = ( SELECT auth.uid() AS uid)) AND (om.organization_id = server_provision_configs.tenant_id))))));
172.17.0.1 2026-10-03 20:47:41.751 UTC [96] supabase_admin@postgres LOG:  statement: CREATE POLICY server_provision_configs_org_guc ON public.server_provision_configs USING (((tenant_id)::text = current_setting('app.current_org_id'::text, true))) WITH CHECK (((tenant_id)::text = current_setting('app.current_org_id'::text, true)));
172.17.0.1 2026-10-03 20:47:41.751 UTC [96] supabase_admin@postgres LOG:  statement: ALTER TABLE public.session_tasks ENABLE ROW LEVEL SECURITY;
172.17.0.1 2026-10-03 20:47:41.752 UTC [96] supabase_admin@postgres LOG:  statement: CREATE POLICY session_tasks_access ON public.session_tasks TO authenticated USING (((EXISTS ( SELECT 1
	   FROM public.profiles p
	  WHERE ((p.id = ( SELECT auth.uid() AS uid)) AND (p.role = 'admin'::text)))) OR (EXISTS ( SELECT 1
	   FROM public.organization_members om
	  WHERE ((om.profile_id = ( SELECT auth.uid() AS uid)) AND (om.organization_id = session_tasks.tenant_id)))))) WITH CHECK (((EXISTS ( SELECT 1
	   FROM public.profiles p
	  WHERE ((p.id = ( SELECT auth.uid() AS uid)) AND (p.role = 'admin'::text)))) OR (EXISTS ( SELECT 1
	   FROM public.organization_members om
	  WHERE ((om.profile_id = ( SELECT auth.uid() AS uid)) AND (om.organization_id = session_tasks.tenant_id))))));
172.17.0.1 2026-10-03 20:47:41.752 UTC [96] supabase_admin@postgres LOG:  statement: CREATE POLICY session_tasks_org_guc ON public.session_tasks USING (((tenant_id)::text = current_setting('app.current_org_id'::text, true))) WITH CHECK (((tenant_id)::text = current_setting('app.current_org_id'::text, true)));
172.17.0.1 2026-10-03 20:47:41.753 UTC [96] supabase_admin@postgres LOG:  statement: ALTER TABLE public.sessions ENABLE ROW LEVEL SECURITY;
172.17.0.1 2026-10-03 20:47:41.753 UTC [96] supabase_admin@postgres LOG:  statement: CREATE POLICY sessions_access ON public.sessions TO authenticated USING (((EXISTS ( SELECT 1
	   FROM public.profiles p
	  WHERE ((p.id = ( SELECT auth.uid() AS uid)) AND (p.role = 'admin'::text)))) OR (EXISTS ( SELECT 1
	   FROM public.organization_members om
	  WHERE ((om.profile_id = ( SELECT auth.uid() AS uid)) AND (om.organization_id = sessions.tenant_id)))))) WITH CHECK (((EXISTS ( SELECT 1
	   FROM public.profiles p
	  WHERE ((p.id = ( SELECT auth.uid() AS uid)) AND (p.role = 'admin'::text)))) OR (EXISTS ( SELECT 1
	   FROM public.organization_members om
	  WHERE ((om.profile_id = ( SELECT auth.uid() AS uid)) AND (om.organization_id = sessions.tenant_id))))));
172.17.0.1 2026-10-03 20:47:41.754 UTC [96] supabase_admin@postgres LOG:  statement: CREATE POLICY sessions_org_guc ON public.sessions USING (((tenant_id)::text = current_setting('app.current_org_id'::text, true))) WITH CHECK (((tenant_id)::text = current_setting('app.current_org_id'::text, true)));
172.17.0.1 2026-10-03 20:47:41.754 UTC [96] supabase_admin@postgres LOG:  statement: ALTER TABLE public.settings ENABLE ROW LEVEL SECURITY;
172.17.0.1 2026-10-03 20:47:41.755 UTC [96] supabase_admin@postgres LOG:  statement: CREATE POLICY settings_org_guc ON public.settings USING (((tenant_id)::text = current_setting('app.current_org_id'::text, true))) WITH CHECK (((tenant_id)::text = current_setting('app.current_org_id'::text, true)));
172.17.0.1 2026-10-03 20:47:41.755 UTC [96] supabase_admin@postgres LOG:  statement: ALTER TABLE public.skill_execution_stats ENABLE ROW LEVEL SECURITY;
172.17.0.1 2026-10-03 20:47:41.755 UTC [96] supabase_admin@postgres LOG:  statement: CREATE POLICY skill_execution_stats_access ON public.skill_execution_stats TO authenticated USING (((EXISTS ( SELECT 1
	   FROM public.profiles p
	  WHERE ((p.id = ( SELECT auth.uid() AS uid)) AND (p.role = 'admin'::text)))) OR (EXISTS ( SELECT 1
	   FROM public.organization_members om
	  WHERE ((om.profile_id = ( SELECT auth.uid() AS uid)) AND (om.organization_id = skill_execution_stats.tenant_id)))))) WITH CHECK (((EXISTS ( SELECT 1
	   FROM public.profiles p
	  WHERE ((p.id = ( SELECT auth.uid() AS uid)) AND (p.role = 'admin'::text)))) OR (EXISTS ( SELECT 1
	   FROM public.organization_members om
	  WHERE ((om.profile_id = ( SELECT auth.uid() AS uid)) AND (om.organization_id = skill_execution_stats.tenant_id))))));
172.17.0.1 2026-10-03 20:47:41.756 UTC [96] supabase_admin@postgres LOG:  statement: CREATE POLICY skill_execution_stats_org_guc ON public.skill_execution_stats USING (((tenant_id)::text = current_setting('app.current_org_id'::text, true))) WITH CHECK (((tenant_id)::text = current_setting('app.current_org_id'::text, true)));
172.17.0.1 2026-10-03 20:47:41.756 UTC [96] supabase_admin@postgres LOG:  statement: ALTER TABLE public.skills ENABLE ROW LEVEL SECURITY;
172.17.0.1 2026-10-03 20:47:41.756 UTC [96] supabase_admin@postgres LOG:  statement: CREATE POLICY skills_access ON public.skills TO authenticated USING (((EXISTS ( SELECT 1
	   FROM public.profiles p
	  WHERE ((p.id = ( SELECT auth.uid() AS uid)) AND (p.role = 'admin'::text)))) OR (EXISTS ( SELECT 1
	   FROM public.organization_members om
	  WHERE ((om.profile_id = ( SELECT auth.uid() AS uid)) AND (om.organization_id = skills.tenant_id)))))) WITH CHECK (((EXISTS ( SELECT 1
	   FROM public.profiles p
	  WHERE ((p.id = ( SELECT auth.uid() AS uid)) AND (p.role = 'admin'::text)))) OR (EXISTS ( SELECT 1
	   FROM public.organization_members om
	  WHERE ((om.profile_id = ( SELECT auth.uid() AS uid)) AND (om.organization_id = skills.tenant_id))))));
172.17.0.1 2026-10-03 20:47:41.757 UTC [96] supabase_admin@postgres LOG:  statement: CREATE POLICY skills_org_guc ON public.skills USING (((tenant_id)::text = current_setting('app.current_org_id'::text, true))) WITH CHECK (((tenant_id)::text = current_setting('app.current_org_id'::text, true)));
172.17.0.1 2026-10-03 20:47:41.758 UTC [96] supabase_admin@postgres LOG:  statement: ALTER TABLE public.stk_accruals ENABLE ROW LEVEL SECURITY;
172.17.0.1 2026-10-03 20:47:41.758 UTC [96] supabase_admin@postgres LOG:  statement: CREATE POLICY stk_accruals_org_guc ON public.stk_accruals USING ((org_id = current_setting('app.current_org_id'::text, true))) WITH CHECK ((org_id = current_setting('app.current_org_id'::text, true)));
172.17.0.1 2026-10-03 20:47:41.758 UTC [96] supabase_admin@postgres LOG:  statement: ALTER TABLE public.stk_bins ENABLE ROW LEVEL SECURITY;
172.17.0.1 2026-10-03 20:47:41.758 UTC [96] supabase_admin@postgres LOG:  statement: ALTER TABLE public.stk_bins_bak_insumos2608 ENABLE ROW LEVEL SECURITY;
172.17.0.1 2026-10-03 20:47:41.758 UTC [96] supabase_admin@postgres LOG:  statement: CREATE POLICY stk_bins_org_guc ON public.stk_bins USING ((org_id = current_setting('app.current_org_id'::text, true))) WITH CHECK ((org_id = current_setting('app.current_org_id'::text, true)));
172.17.0.1 2026-10-03 20:47:41.759 UTC [96] supabase_admin@postgres LOG:  statement: ALTER TABLE public.stk_consumption ENABLE ROW LEVEL SECURITY;
172.17.0.1 2026-10-03 20:47:41.759 UTC [96] supabase_admin@postgres LOG:  statement: ALTER TABLE public.stk_consumption_bak_insumos2608 ENABLE ROW LEVEL SECURITY;
172.17.0.1 2026-10-03 20:47:41.759 UTC [96] supabase_admin@postgres LOG:  statement: CREATE POLICY stk_consumption_org_guc ON public.stk_consumption USING ((org_id = current_setting('app.current_org_id'::text, true))) WITH CHECK ((org_id = current_setting('app.current_org_id'::text, true)));
172.17.0.1 2026-10-03 20:47:41.759 UTC [96] supabase_admin@postgres LOG:  statement: ALTER TABLE public.stk_entries ENABLE ROW LEVEL SECURITY;
172.17.0.1 2026-10-03 20:47:41.760 UTC [96] supabase_admin@postgres LOG:  statement: ALTER TABLE public.stk_entries_bak_repair ENABLE ROW LEVEL SECURITY;
172.17.0.1 2026-10-03 20:47:41.760 UTC [96] supabase_admin@postgres LOG:  statement: CREATE POLICY stk_entries_org_guc ON public.stk_entries USING ((org_id = current_setting('app.current_org_id'::text, true))) WITH CHECK ((org_id = current_setting('app.current_org_id'::text, true)));
172.17.0.1 2026-10-03 20:47:41.760 UTC [96] supabase_admin@postgres LOG:  statement: ALTER TABLE public.stk_entries_reclass_bak ENABLE ROW LEVEL SECURITY;
172.17.0.1 2026-10-03 20:47:41.760 UTC [96] supabase_admin@postgres LOG:  statement: ALTER TABLE public.stk_entry_lines ENABLE ROW LEVEL SECURITY;
172.17.0.1 2026-10-03 20:47:41.760 UTC [96] supabase_admin@postgres LOG:  statement: CREATE POLICY stk_entry_lines_org_guc ON public.stk_entry_lines USING ((org_id = current_setting('app.current_org_id'::text, true))) WITH CHECK ((org_id = current_setting('app.current_org_id'::text, true)));
172.17.0.1 2026-10-03 20:47:41.761 UTC [96] supabase_admin@postgres LOG:  statement: ALTER TABLE public.stk_item_components ENABLE ROW LEVEL SECURITY;
172.17.0.1 2026-10-03 20:47:41.761 UTC [96] supabase_admin@postgres LOG:  statement: CREATE POLICY stk_item_components_org_guc ON public.stk_item_components USING ((org_id = current_setting('app.current_org_id'::text, true))) WITH CHECK ((org_id = current_setting('app.current_org_id'::text, true)));
172.17.0.1 2026-10-03 20:47:41.761 UTC [96] supabase_admin@postgres LOG:  statement: ALTER TABLE public.stk_items ENABLE ROW LEVEL SECURITY;
172.17.0.1 2026-10-03 20:47:41.761 UTC [96] supabase_admin@postgres LOG:  statement: ALTER TABLE public.stk_items_bak_insumos2608 ENABLE ROW LEVEL SECURITY;
172.17.0.1 2026-10-03 20:47:41.761 UTC [96] supabase_admin@postgres LOG:  statement: CREATE POLICY stk_items_org_guc ON public.stk_items USING ((org_id = current_setting('app.current_org_id'::text, true))) WITH CHECK ((org_id = current_setting('app.current_org_id'::text, true)));
172.17.0.1 2026-10-03 20:47:41.762 UTC [96] supabase_admin@postgres LOG:  statement: ALTER TABLE public.stk_ledger ENABLE ROW LEVEL SECURITY;
172.17.0.1 2026-10-03 20:47:41.762 UTC [96] supabase_admin@postgres LOG:  statement: ALTER TABLE public.stk_ledger_bak_repair ENABLE ROW LEVEL SECURITY;
172.17.0.1 2026-10-03 20:47:41.762 UTC [96] supabase_admin@postgres LOG:  statement: CREATE POLICY stk_ledger_org_guc ON public.stk_ledger USING ((org_id = current_setting('app.current_org_id'::text, true))) WITH CHECK ((org_id = current_setting('app.current_org_id'::text, true)));
172.17.0.1 2026-10-03 20:47:41.763 UTC [96] supabase_admin@postgres LOG:  statement: ALTER TABLE public.stk_warehouses ENABLE ROW LEVEL SECURITY;
172.17.0.1 2026-10-03 20:47:41.763 UTC [96] supabase_admin@postgres LOG:  statement: CREATE POLICY stk_warehouses_org_guc ON public.stk_warehouses USING ((org_id = current_setting('app.current_org_id'::text, true))) WITH CHECK ((org_id = current_setting('app.current_org_id'::text, true)));
172.17.0.1 2026-10-03 20:47:41.763 UTC [96] supabase_admin@postgres LOG:  statement: ALTER TABLE public.support_issues ENABLE ROW LEVEL SECURITY;
172.17.0.1 2026-10-03 20:47:41.764 UTC [96] supabase_admin@postgres LOG:  statement: CREATE POLICY support_issues_org_guc ON public.support_issues USING ((org_id = current_setting('app.current_org_id'::text, true))) WITH CHECK ((org_id = current_setting('app.current_org_id'::text, true)));
172.17.0.1 2026-10-03 20:47:41.764 UTC [96] supabase_admin@postgres LOG:  statement: ALTER TABLE public.support_settings ENABLE ROW LEVEL SECURITY;
172.17.0.1 2026-10-03 20:47:41.764 UTC [96] supabase_admin@postgres LOG:  statement: CREATE POLICY support_settings_org_guc ON public.support_settings USING ((org_id = current_setting('app.current_org_id'::text, true))) WITH CHECK ((org_id = current_setting('app.current_org_id'::text, true)));
172.17.0.1 2026-10-03 20:47:41.765 UTC [96] supabase_admin@postgres LOG:  statement: ALTER TABLE public.tag_links ENABLE ROW LEVEL SECURITY;
172.17.0.1 2026-10-03 20:47:41.765 UTC [96] supabase_admin@postgres LOG:  statement: CREATE POLICY tag_links_org_guc ON public.tag_links USING ((org_id = current_setting('app.current_org_id'::text, true))) WITH CHECK ((org_id = current_setting('app.current_org_id'::text, true)));
172.17.0.1 2026-10-03 20:47:41.765 UTC [96] supabase_admin@postgres LOG:  statement: ALTER TABLE public.tasks ENABLE ROW LEVEL SECURITY;
172.17.0.1 2026-10-03 20:47:41.766 UTC [96] supabase_admin@postgres LOG:  statement: CREATE POLICY tasks_access ON public.tasks TO authenticated USING (((EXISTS ( SELECT 1
	   FROM public.profiles p
	  WHERE ((p.id = ( SELECT auth.uid() AS uid)) AND (p.role = 'admin'::text)))) OR (EXISTS ( SELECT 1
	   FROM public.organization_members om
	  WHERE ((om.profile_id = ( SELECT auth.uid() AS uid)) AND (om.organization_id = tasks.tenant_id)))))) WITH CHECK (((EXISTS ( SELECT 1
	   FROM public.profiles p
	  WHERE ((p.id = ( SELECT auth.uid() AS uid)) AND (p.role = 'admin'::text)))) OR (EXISTS ( SELECT 1
	   FROM public.organization_members om
	  WHERE ((om.profile_id = ( SELECT auth.uid() AS uid)) AND (om.organization_id = tasks.tenant_id))))));
172.17.0.1 2026-10-03 20:47:41.766 UTC [96] supabase_admin@postgres LOG:  statement: CREATE POLICY tasks_org_guc ON public.tasks USING (((tenant_id)::text = current_setting('app.current_org_id'::text, true))) WITH CHECK (((tenant_id)::text = current_setting('app.current_org_id'::text, true)));
172.17.0.1 2026-10-03 20:47:41.767 UTC [96] supabase_admin@postgres LOG:  statement: ALTER TABLE public.user_agents ENABLE ROW LEVEL SECURITY;
172.17.0.1 2026-10-03 20:47:41.767 UTC [96] supabase_admin@postgres LOG:  statement: CREATE POLICY user_agents_access ON public.user_agents TO authenticated USING (((user_id = ( SELECT auth.uid() AS uid)) OR (EXISTS ( SELECT 1
	   FROM public.profiles p
	  WHERE ((p.id = ( SELECT auth.uid() AS uid)) AND (p.role = 'admin'::text)))))) WITH CHECK (((user_id = ( SELECT auth.uid() AS uid)) OR (EXISTS ( SELECT 1
	   FROM public.profiles p
	  WHERE ((p.id = ( SELECT auth.uid() AS uid)) AND (p.role = 'admin'::text))))));
172.17.0.1 2026-10-03 20:47:41.768 UTC [96] supabase_admin@postgres LOG:  statement: ALTER TABLE public.user_gateway ENABLE ROW LEVEL SECURITY;
172.17.0.1 2026-10-03 20:47:41.768 UTC [96] supabase_admin@postgres LOG:  statement: CREATE POLICY user_gateway_admin_all ON public.user_gateway USING ((EXISTS ( SELECT 1
	   FROM public.profiles p
	  WHERE ((p.id = ( SELECT auth.uid() AS uid)) AND (p.role = 'admin'::text)))));
172.17.0.1 2026-10-03 20:47:41.768 UTC [96] supabase_admin@postgres LOG:  statement: CREATE POLICY user_gateway_self_select ON public.user_gateway FOR SELECT USING ((profile_id = ( SELECT auth.uid() AS uid)));
172.17.0.1 2026-10-03 20:47:41.769 UTC [96] supabase_admin@postgres LOG:  statement: ALTER TABLE public.user_identities ENABLE ROW LEVEL SECURITY;
172.17.0.1 2026-10-03 20:47:41.769 UTC [96] supabase_admin@postgres LOG:  statement: ALTER TABLE public.user_preferences ENABLE ROW LEVEL SECURITY;
172.17.0.1 2026-10-03 20:47:41.769 UTC [96] supabase_admin@postgres LOG:  statement: CREATE POLICY user_preferences_admin_all ON public.user_preferences USING ((EXISTS ( SELECT 1
	   FROM public.profiles p
	  WHERE ((p.id = ( SELECT auth.uid() AS uid)) AND (p.role = 'admin'::text)))));
172.17.0.1 2026-10-03 20:47:41.770 UTC [96] supabase_admin@postgres LOG:  statement: CREATE POLICY user_preferences_self_all ON public.user_preferences USING ((profile_id = ( SELECT auth.uid() AS uid))) WITH CHECK ((profile_id = ( SELECT auth.uid() AS uid)));
172.17.0.1 2026-10-03 20:47:41.770 UTC [96] supabase_admin@postgres LOG:  statement: ALTER TABLE public.workflow_defs ENABLE ROW LEVEL SECURITY;
172.17.0.1 2026-10-03 20:47:41.770 UTC [96] supabase_admin@postgres LOG:  statement: CREATE POLICY workflow_defs_org_guc ON public.workflow_defs USING ((org_id = current_setting('app.current_org_id'::text, true))) WITH CHECK ((org_id = current_setting('app.current_org_id'::text, true)));
172.17.0.1 2026-10-03 20:47:41.771 UTC [96] supabase_admin@postgres LOG:  statement: ALTER TABLE public.workshop_comparison_outputs ENABLE ROW LEVEL SECURITY;
172.17.0.1 2026-10-03 20:47:41.771 UTC [96] supabase_admin@postgres LOG:  statement: ALTER TABLE public.workshop_comparison_runs ENABLE ROW LEVEL SECURITY;
172.17.0.1 2026-10-03 20:47:41.771 UTC [96] supabase_admin@postgres LOG:  statement: ALTER TABLE public.workshop_groupchat_agents ENABLE ROW LEVEL SECURITY;
172.17.0.1 2026-10-03 20:47:41.771 UTC [96] supabase_admin@postgres LOG:  statement: ALTER TABLE public.workshop_groupchat_messages ENABLE ROW LEVEL SECURITY;
172.17.0.1 2026-10-03 20:47:41.771 UTC [96] supabase_admin@postgres LOG:  statement: ALTER TABLE public.workshop_groupchat_runs ENABLE ROW LEVEL SECURITY;
172.17.0.1 2026-10-03 20:47:41.771 UTC [96] supabase_admin@postgres LOG:  statement: ALTER TABLE public.workshop_prompt_categories ENABLE ROW LEVEL SECURITY;
172.17.0.1 2026-10-03 20:47:41.772 UTC [96] supabase_admin@postgres LOG:  statement: ALTER TABLE public.workshop_rankings ENABLE ROW LEVEL SECURITY;
172.17.0.1 2026-10-03 20:47:41.772 UTC [96] supabase_admin@postgres LOG:  statement: ALTER TABLE public.workshop_saves ENABLE ROW LEVEL SECURITY;
172.17.0.1 2026-10-03 20:47:41.772 UTC [96] supabase_admin@postgres LOG:  statement: CREATE POLICY workshop_saves_member_sel ON public.workshop_saves FOR SELECT USING ((EXISTS ( SELECT 1
	   FROM public.organization_members m
	  WHERE ((m.organization_id = workshop_saves.tenant_id) AND (m.profile_id = ( SELECT auth.uid() AS uid))))));
172.17.0.1 2026-10-03 20:47:41.772 UTC [96] supabase_admin@postgres LOG:  statement: CREATE POLICY workshop_saves_org_guc ON public.workshop_saves USING (((tenant_id)::text = current_setting('app.current_org_id'::text, true))) WITH CHECK (((tenant_id)::text = current_setting('app.current_org_id'::text, true)));
172.17.0.1 2026-10-03 20:47:41.773 UTC [96] supabase_admin@postgres LOG:  statement: ALTER TABLE public.workspace_membership ENABLE ROW LEVEL SECURITY;
172.17.0.1 2026-10-03 20:47:41.773 UTC [96] supabase_admin@postgres LOG:  statement: CREATE POLICY workspace_membership_access ON public.workspace_membership TO authenticated USING (((user_id = ( SELECT auth.uid() AS uid)) OR (EXISTS ( SELECT 1
	   FROM public.profiles p
	  WHERE ((p.id = ( SELECT auth.uid() AS uid)) AND (p.role = 'admin'::text)))))) WITH CHECK (((user_id = ( SELECT auth.uid() AS uid)) OR (EXISTS ( SELECT 1
	   FROM public.profiles p
	  WHERE ((p.id = ( SELECT auth.uid() AS uid)) AND (p.role = 'admin'::text))))));
172.17.0.1 2026-10-03 20:47:41.774 UTC [96] supabase_admin@postgres LOG:  statement: GRANT USAGE ON SCHEMA public TO postgres;
172.17.0.1 2026-10-03 20:47:41.774 UTC [96] supabase_admin@postgres LOG:  statement: GRANT USAGE ON SCHEMA public TO anon;
172.17.0.1 2026-10-03 20:47:41.774 UTC [96] supabase_admin@postgres LOG:  statement: GRANT USAGE ON SCHEMA public TO authenticated;
172.17.0.1 2026-10-03 20:47:41.774 UTC [96] supabase_admin@postgres LOG:  statement: GRANT USAGE ON SCHEMA public TO service_role;
172.17.0.1 2026-10-03 20:47:41.774 UTC [96] supabase_admin@postgres LOG:  statement: GRANT USAGE ON SCHEMA public TO app_ledger;
172.17.0.1 2026-10-03 20:47:41.774 UTC [96] supabase_admin@postgres LOG:  statement: GRANT USAGE ON SCHEMA public TO app_assistant_ro;
172.17.0.1 2026-10-03 20:47:41.774 UTC [96] supabase_admin@postgres LOG:  statement: GRANT USAGE ON SCHEMA public TO brain_vector_worker;
172.17.0.1 2026-10-03 20:47:41.775 UTC [96] supabase_admin@postgres LOG:  statement: REVOKE ALL ON FUNCTION public.ack_brain_vector_job(chunk_id uuid, generation text, revision bigint) FROM PUBLIC;
172.17.0.1 2026-10-03 20:47:41.775 UTC [96] supabase_admin@postgres LOG:  statement: GRANT ALL ON FUNCTION public.ack_brain_vector_job(chunk_id uuid, generation text, revision bigint) TO service_role;
172.17.0.1 2026-10-03 20:47:41.775 UTC [96] supabase_admin@postgres LOG:  statement: GRANT ALL ON FUNCTION public.ack_brain_vector_job(chunk_id uuid, generation text, revision bigint) TO brain_vector_worker;
172.17.0.1 2026-10-03 20:47:41.775 UTC [96] supabase_admin@postgres LOG:  statement: REVOKE ALL ON FUNCTION public.brain_vector_app_generation_mode() FROM PUBLIC;
172.17.0.1 2026-10-03 20:47:41.775 UTC [96] supabase_admin@postgres LOG:  statement: GRANT ALL ON FUNCTION public.brain_vector_app_generation_mode() TO service_role;
172.17.0.1 2026-10-03 20:47:41.775 UTC [96] supabase_admin@postgres LOG:  statement: GRANT ALL ON FUNCTION public.brain_vector_app_generation_mode() TO app_ledger;
172.17.0.1 2026-10-03 20:47:41.776 UTC [96] supabase_admin@postgres LOG:  statement: REVOKE ALL ON FUNCTION public.brain_vector_app_source_pending_count(p_source_id uuid) FROM PUBLIC;
172.17.0.1 2026-10-03 20:47:41.776 UTC [96] supabase_admin@postgres LOG:  statement: GRANT ALL ON FUNCTION public.brain_vector_app_source_pending_count(p_source_id uuid) TO service_role;
172.17.0.1 2026-10-03 20:47:41.776 UTC [96] supabase_admin@postgres LOG:  statement: GRANT ALL ON FUNCTION public.brain_vector_app_source_pending_count(p_source_id uuid) TO app_ledger;
172.17.0.1 2026-10-03 20:47:41.776 UTC [96] supabase_admin@postgres LOG:  statement: REVOKE ALL ON FUNCTION public.brain_vector_app_source_state(p_source_id uuid) FROM PUBLIC;
172.17.0.1 2026-10-03 20:47:41.776 UTC [96] supabase_admin@postgres LOG:  statement: GRANT ALL ON FUNCTION public.brain_vector_app_source_state(p_source_id uuid) TO service_role;
172.17.0.1 2026-10-03 20:47:41.776 UTC [96] supabase_admin@postgres LOG:  statement: GRANT ALL ON FUNCTION public.brain_vector_app_source_state(p_source_id uuid) TO app_ledger;
172.17.0.1 2026-10-03 20:47:41.776 UTC [96] supabase_admin@postgres LOG:  statement: REVOKE ALL ON FUNCTION public.brain_vector_worker_status(p_generation text) FROM PUBLIC;
172.17.0.1 2026-10-03 20:47:41.777 UTC [96] supabase_admin@postgres LOG:  statement: GRANT ALL ON FUNCTION public.brain_vector_worker_status(p_generation text) TO service_role;
172.17.0.1 2026-10-03 20:47:41.777 UTC [96] supabase_admin@postgres LOG:  statement: GRANT ALL ON FUNCTION public.brain_vector_worker_status(p_generation text) TO brain_vector_worker;
172.17.0.1 2026-10-03 20:47:41.777 UTC [96] supabase_admin@postgres LOG:  statement: REVOKE ALL ON FUNCTION public.claim_brain_vector_jobs(p_generation text, worker_id text, job_limit integer, lease_seconds integer) FROM PUBLIC;
172.17.0.1 2026-10-03 20:47:41.777 UTC [96] supabase_admin@postgres LOG:  statement: GRANT ALL ON FUNCTION public.claim_brain_vector_jobs(p_generation text, worker_id text, job_limit integer, lease_seconds integer) TO service_role;
172.17.0.1 2026-10-03 20:47:41.777 UTC [96] supabase_admin@postgres LOG:  statement: GRANT ALL ON FUNCTION public.claim_brain_vector_jobs(p_generation text, worker_id text, job_limit integer, lease_seconds integer) TO brain_vector_worker;
172.17.0.1 2026-10-03 20:47:41.777 UTC [96] supabase_admin@postgres LOG:  statement: GRANT ALL ON FUNCTION public.crm_contact_activity_on_identity_change() TO anon;
172.17.0.1 2026-10-03 20:47:41.777 UTC [96] supabase_admin@postgres LOG:  statement: GRANT ALL ON FUNCTION public.crm_contact_activity_on_identity_change() TO authenticated;
172.17.0.1 2026-10-03 20:47:41.778 UTC [96] supabase_admin@postgres LOG:  statement: GRANT ALL ON FUNCTION public.crm_contact_activity_on_identity_change() TO service_role;
172.17.0.1 2026-10-03 20:47:41.778 UTC [96] supabase_admin@postgres LOG:  statement: GRANT ALL ON FUNCTION public.crm_contact_activity_on_message_change() TO anon;
172.17.0.1 2026-10-03 20:47:41.778 UTC [96] supabase_admin@postgres LOG:  statement: GRANT ALL ON FUNCTION public.crm_contact_activity_on_message_change() TO authenticated;
172.17.0.1 2026-10-03 20:47:41.778 UTC [96] supabase_admin@postgres LOG:  statement: GRANT ALL ON FUNCTION public.crm_contact_activity_on_message_change() TO service_role;
172.17.0.1 2026-10-03 20:47:41.778 UTC [96] supabase_admin@postgres LOG:  statement: GRANT ALL ON FUNCTION public.crm_contact_activity_on_message_insert() TO anon;
172.17.0.1 2026-10-03 20:47:41.778 UTC [96] supabase_admin@postgres LOG:  statement: GRANT ALL ON FUNCTION public.crm_contact_activity_on_message_insert() TO authenticated;
172.17.0.1 2026-10-03 20:47:41.778 UTC [96] supabase_admin@postgres LOG:  statement: GRANT ALL ON FUNCTION public.crm_contact_activity_on_message_insert() TO service_role;
172.17.0.1 2026-10-03 20:47:41.779 UTC [96] supabase_admin@postgres LOG:  statement: REVOKE ALL ON FUNCTION public.crm_rebuild_contact_activity(p_contact_ids uuid[]) FROM PUBLIC;
172.17.0.1 2026-10-03 20:47:41.779 UTC [96] supabase_admin@postgres LOG:  statement: GRANT ALL ON FUNCTION public.crm_rebuild_contact_activity(p_contact_ids uuid[]) TO anon;
172.17.0.1 2026-10-03 20:47:41.779 UTC [96] supabase_admin@postgres LOG:  statement: GRANT ALL ON FUNCTION public.crm_rebuild_contact_activity(p_contact_ids uuid[]) TO authenticated;
172.17.0.1 2026-10-03 20:47:41.779 UTC [96] supabase_admin@postgres LOG:  statement: GRANT ALL ON FUNCTION public.crm_rebuild_contact_activity(p_contact_ids uuid[]) TO service_role;
172.17.0.1 2026-10-03 20:47:41.779 UTC [96] supabase_admin@postgres LOG:  statement: GRANT ALL ON FUNCTION public.crm_rebuild_contact_activity(p_contact_ids uuid[]) TO app_ledger;
172.17.0.1 2026-10-03 20:47:41.779 UTC [96] supabase_admin@postgres LOG:  statement: REVOKE ALL ON FUNCTION public.crm_rebuild_org_contact_activity(p_org_id text, p_after uuid, p_limit integer) FROM PUBLIC;
172.17.0.1 2026-10-03 20:47:41.779 UTC [96] supabase_admin@postgres LOG:  statement: GRANT ALL ON FUNCTION public.crm_rebuild_org_contact_activity(p_org_id text, p_after uuid, p_limit integer) TO anon;
172.17.0.1 2026-10-03 20:47:41.780 UTC [96] supabase_admin@postgres LOG:  statement: GRANT ALL ON FUNCTION public.crm_rebuild_org_contact_activity(p_org_id text, p_after uuid, p_limit integer) TO authenticated;
172.17.0.1 2026-10-03 20:47:41.780 UTC [96] supabase_admin@postgres LOG:  statement: GRANT ALL ON FUNCTION public.crm_rebuild_org_contact_activity(p_org_id text, p_after uuid, p_limit integer) TO service_role;
172.17.0.1 2026-10-03 20:47:41.780 UTC [96] supabase_admin@postgres LOG:  statement: REVOKE ALL ON FUNCTION public.crm_refresh_sentiment_chat_daily(p_org_id text, p_from date, p_to date) FROM PUBLIC;
172.17.0.1 2026-10-03 20:47:41.780 UTC [96] supabase_admin@postgres LOG:  statement: GRANT ALL ON FUNCTION public.crm_refresh_sentiment_chat_daily(p_org_id text, p_from date, p_to date) TO service_role;
172.17.0.1 2026-10-03 20:47:41.780 UTC [96] supabase_admin@postgres LOG:  statement: REVOKE ALL ON FUNCTION public.crm_refresh_word_frequency_daily(p_from date, p_to date) FROM PUBLIC;
172.17.0.1 2026-10-03 20:47:41.780 UTC [96] supabase_admin@postgres LOG:  statement: GRANT ALL ON FUNCTION public.crm_refresh_word_frequency_daily(p_from date, p_to date) TO service_role;
172.17.0.1 2026-10-03 20:47:41.780 UTC [96] supabase_admin@postgres LOG:  statement: REVOKE ALL ON FUNCTION public.dead_letter_brain_vector_job(chunk_id uuid, generation text, revision bigint, error text) FROM PUBLIC;
172.17.0.1 2026-10-03 20:47:41.781 UTC [96] supabase_admin@postgres LOG:  statement: GRANT ALL ON FUNCTION public.dead_letter_brain_vector_job(chunk_id uuid, generation text, revision bigint, error text) TO service_role;
172.17.0.1 2026-10-03 20:47:41.781 UTC [96] supabase_admin@postgres LOG:  statement: GRANT ALL ON FUNCTION public.dead_letter_brain_vector_job(chunk_id uuid, generation text, revision bigint, error text) TO brain_vector_worker;
172.17.0.1 2026-10-03 20:47:41.781 UTC [96] supabase_admin@postgres LOG:  statement: REVOKE ALL ON FUNCTION public.detach_deleted_record_attachments() FROM PUBLIC;
172.17.0.1 2026-10-03 20:47:41.781 UTC [96] supabase_admin@postgres LOG:  statement: GRANT ALL ON FUNCTION public.detach_deleted_record_attachments() TO anon;
172.17.0.1 2026-10-03 20:47:41.781 UTC [96] supabase_admin@postgres LOG:  statement: GRANT ALL ON FUNCTION public.detach_deleted_record_attachments() TO authenticated;
172.17.0.1 2026-10-03 20:47:41.781 UTC [96] supabase_admin@postgres LOG:  statement: GRANT ALL ON FUNCTION public.detach_deleted_record_attachments() TO service_role;
172.17.0.1 2026-10-03 20:47:41.781 UTC [96] supabase_admin@postgres LOG:  statement: GRANT ALL ON FUNCTION public.detach_deleted_record_attachments() TO app_ledger;
172.17.0.1 2026-10-03 20:47:41.782 UTC [96] supabase_admin@postgres LOG:  statement: REVOKE ALL ON FUNCTION public.enqueue_brain_vector_backfill(generation text, after_chunk_id uuid, row_limit integer) FROM PUBLIC;
172.17.0.1 2026-10-03 20:47:41.782 UTC [96] supabase_admin@postgres LOG:  statement: GRANT ALL ON FUNCTION public.enqueue_brain_vector_backfill(generation text, after_chunk_id uuid, row_limit integer) TO service_role;
172.17.0.1 2026-10-03 20:47:41.782 UTC [96] supabase_admin@postgres LOG:  statement: GRANT ALL ON FUNCTION public.enqueue_brain_vector_backfill(generation text, after_chunk_id uuid, row_limit integer) TO brain_vector_worker;
172.17.0.1 2026-10-03 20:47:41.782 UTC [96] supabase_admin@postgres LOG:  statement: REVOKE ALL ON FUNCTION public.enqueue_brain_vector_chunk() FROM PUBLIC;
172.17.0.1 2026-10-03 20:47:41.782 UTC [96] supabase_admin@postgres LOG:  statement: GRANT ALL ON FUNCTION public.enqueue_brain_vector_chunk() TO service_role;
172.17.0.1 2026-10-03 20:47:41.783 UTC [96] supabase_admin@postgres LOG:  statement: REVOKE ALL ON FUNCTION public.filter_existing_brain_vector_chunks(chunk_ids uuid[], generation text) FROM PUBLIC;
172.17.0.1 2026-10-03 20:47:41.783 UTC [96] supabase_admin@postgres LOG:  statement: GRANT ALL ON FUNCTION public.filter_existing_brain_vector_chunks(chunk_ids uuid[], generation text) TO service_role;
172.17.0.1 2026-10-03 20:47:41.783 UTC [96] supabase_admin@postgres LOG:  statement: GRANT ALL ON FUNCTION public.filter_existing_brain_vector_chunks(chunk_ids uuid[], generation text) TO brain_vector_worker;
172.17.0.1 2026-10-03 20:47:41.783 UTC [96] supabase_admin@postgres LOG:  statement: REVOKE ALL ON FUNCTION public.guard_attachment_file_state() FROM PUBLIC;
172.17.0.1 2026-10-03 20:47:41.783 UTC [96] supabase_admin@postgres LOG:  statement: GRANT ALL ON FUNCTION public.guard_attachment_file_state() TO anon;
172.17.0.1 2026-10-03 20:47:41.783 UTC [96] supabase_admin@postgres LOG:  statement: GRANT ALL ON FUNCTION public.guard_attachment_file_state() TO authenticated;
172.17.0.1 2026-10-03 20:47:41.783 UTC [96] supabase_admin@postgres LOG:  statement: GRANT ALL ON FUNCTION public.guard_attachment_file_state() TO service_role;
172.17.0.1 2026-10-03 20:47:41.783 UTC [96] supabase_admin@postgres LOG:  statement: GRANT ALL ON FUNCTION public.guard_attachment_file_state() TO app_ledger;
172.17.0.1 2026-10-03 20:47:41.784 UTC [96] supabase_admin@postgres LOG:  statement: REVOKE ALL ON FUNCTION public.guard_managed_file_identity() FROM PUBLIC;
172.17.0.1 2026-10-03 20:47:41.784 UTC [96] supabase_admin@postgres LOG:  statement: GRANT ALL ON FUNCTION public.guard_managed_file_identity() TO anon;
172.17.0.1 2026-10-03 20:47:41.784 UTC [96] supabase_admin@postgres LOG:  statement: GRANT ALL ON FUNCTION public.guard_managed_file_identity() TO authenticated;
172.17.0.1 2026-10-03 20:47:41.784 UTC [96] supabase_admin@postgres LOG:  statement: GRANT ALL ON FUNCTION public.guard_managed_file_identity() TO service_role;
172.17.0.1 2026-10-03 20:47:41.784 UTC [96] supabase_admin@postgres LOG:  statement: GRANT ALL ON FUNCTION public.guard_managed_file_identity() TO app_ledger;
172.17.0.1 2026-10-03 20:47:41.784 UTC [96] supabase_admin@postgres LOG:  statement: REVOKE ALL ON FUNCTION public.handle_new_auth_user() FROM PUBLIC;
172.17.0.1 2026-10-03 20:47:41.784 UTC [96] supabase_admin@postgres LOG:  statement: GRANT ALL ON FUNCTION public.handle_new_auth_user() TO service_role;
172.17.0.1 2026-10-03 20:47:41.785 UTC [96] supabase_admin@postgres LOG:  statement: REVOKE ALL ON FUNCTION public.hub_broadcast_message_committed() FROM PUBLIC;
172.17.0.1 2026-10-03 20:47:41.785 UTC [96] supabase_admin@postgres LOG:  statement: GRANT ALL ON FUNCTION public.hub_broadcast_message_committed() TO service_role;
172.17.0.1 2026-10-03 20:47:41.785 UTC [96] supabase_admin@postgres LOG:  statement: REVOKE ALL ON FUNCTION public.job_effect_batch_complete(tenant text, batch text) FROM PUBLIC;
172.17.0.1 2026-10-03 20:47:41.785 UTC [96] supabase_admin@postgres LOG:  statement: GRANT ALL ON FUNCTION public.job_effect_batch_complete(tenant text, batch text) TO service_role;
172.17.0.1 2026-10-03 20:47:41.785 UTC [96] supabase_admin@postgres LOG:  statement: REVOKE ALL ON FUNCTION public.job_effect_batch_descriptor_valid(descriptor jsonb, members jsonb, expected integer) FROM PUBLIC;
172.17.0.1 2026-10-03 20:47:41.785 UTC [96] supabase_admin@postgres LOG:  statement: GRANT ALL ON FUNCTION public.job_effect_batch_descriptor_valid(descriptor jsonb, members jsonb, expected integer) TO service_role;
172.17.0.1 2026-10-03 20:47:41.786 UTC [96] supabase_admin@postgres LOG:  statement: GRANT ALL ON FUNCTION public.job_effect_batch_descriptor_valid(descriptor jsonb, members jsonb, expected integer) TO app_ledger;
172.17.0.1 2026-10-03 20:47:41.786 UTC [96] supabase_admin@postgres LOG:  statement: REVOKE ALL ON FUNCTION public.job_effect_batches_guard() FROM PUBLIC;
172.17.0.1 2026-10-03 20:47:41.786 UTC [96] supabase_admin@postgres LOG:  statement: GRANT ALL ON FUNCTION public.job_effect_batches_guard() TO service_role;
172.17.0.1 2026-10-03 20:47:41.786 UTC [96] supabase_admin@postgres LOG:  statement: REVOKE ALL ON FUNCTION public.job_effect_membership_guard() FROM PUBLIC;
172.17.0.1 2026-10-03 20:47:41.786 UTC [96] supabase_admin@postgres LOG:  statement: GRANT ALL ON FUNCTION public.job_effect_membership_guard() TO service_role;
172.17.0.1 2026-10-03 20:47:41.786 UTC [96] supabase_admin@postgres LOG:  statement: REVOKE ALL ON FUNCTION public.job_effect_page_actor(tenant text, expected_job text, expected_generation integer, previous_job text, previous_generation integer) FROM PUBLIC;
172.17.0.1 2026-10-03 20:47:41.786 UTC [96] supabase_admin@postgres LOG:  statement: GRANT ALL ON FUNCTION public.job_effect_page_actor(tenant text, expected_job text, expected_generation integer, previous_job text, previous_generation integer) TO service_role;
172.17.0.1 2026-10-03 20:47:41.787 UTC [96] supabase_admin@postgres LOG:  statement: REVOKE ALL ON FUNCTION public.job_effect_pages_guard() FROM PUBLIC;
172.17.0.1 2026-10-03 20:47:41.787 UTC [96] supabase_admin@postgres LOG:  statement: GRANT ALL ON FUNCTION public.job_effect_pages_guard() TO service_role;
172.17.0.1 2026-10-03 20:47:41.787 UTC [96] supabase_admin@postgres LOG:  statement: REVOKE ALL ON FUNCTION public.job_effect_units_guard() FROM PUBLIC;
172.17.0.1 2026-10-03 20:47:41.787 UTC [96] supabase_admin@postgres LOG:  statement: GRANT ALL ON FUNCTION public.job_effect_units_guard() TO service_role;
172.17.0.1 2026-10-03 20:47:41.787 UTC [96] supabase_admin@postgres LOG:  statement: REVOKE ALL ON FUNCTION public.job_effect_vectors_valid(value jsonb, expected integer) FROM PUBLIC;
172.17.0.1 2026-10-03 20:47:41.787 UTC [96] supabase_admin@postgres LOG:  statement: GRANT ALL ON FUNCTION public.job_effect_vectors_valid(value jsonb, expected integer) TO service_role;
172.17.0.1 2026-10-03 20:47:41.787 UTC [96] supabase_admin@postgres LOG:  statement: GRANT ALL ON FUNCTION public.job_effect_vectors_valid(value jsonb, expected integer) TO app_ledger;
172.17.0.1 2026-10-03 20:47:41.788 UTC [96] supabase_admin@postgres LOG:  statement: REVOKE ALL ON FUNCTION public.list_brain_vector_chunks(after_chunk_id uuid, row_limit integer, generation text) FROM PUBLIC;
172.17.0.1 2026-10-03 20:47:41.788 UTC [96] supabase_admin@postgres LOG:  statement: GRANT ALL ON FUNCTION public.list_brain_vector_chunks(after_chunk_id uuid, row_limit integer, generation text) TO service_role;
172.17.0.1 2026-10-03 20:47:41.788 UTC [96] supabase_admin@postgres LOG:  statement: GRANT ALL ON FUNCTION public.list_brain_vector_chunks(after_chunk_id uuid, row_limit integer, generation text) TO brain_vector_worker;
172.17.0.1 2026-10-03 20:47:41.788 UTC [96] supabase_admin@postgres LOG:  statement: REVOKE ALL ON FUNCTION public.load_brain_vector_reconcile_cursor(p_generation text) FROM PUBLIC;
172.17.0.1 2026-10-03 20:47:41.788 UTC [96] supabase_admin@postgres LOG:  statement: GRANT ALL ON FUNCTION public.load_brain_vector_reconcile_cursor(p_generation text) TO service_role;
172.17.0.1 2026-10-03 20:47:41.788 UTC [96] supabase_admin@postgres LOG:  statement: GRANT ALL ON FUNCTION public.load_brain_vector_reconcile_cursor(p_generation text) TO brain_vector_worker;
172.17.0.1 2026-10-03 20:47:41.788 UTC [96] supabase_admin@postgres LOG:  statement: REVOKE ALL ON FUNCTION public.retry_brain_vector_job(chunk_id uuid, generation text, revision bigint, error text, available_at timestamp with time zone) FROM PUBLIC;
172.17.0.1 2026-10-03 20:47:41.789 UTC [96] supabase_admin@postgres LOG:  statement: GRANT ALL ON FUNCTION public.retry_brain_vector_job(chunk_id uuid, generation text, revision bigint, error text, available_at timestamp with time zone) TO service_role;
172.17.0.1 2026-10-03 20:47:41.789 UTC [96] supabase_admin@postgres LOG:  statement: GRANT ALL ON FUNCTION public.retry_brain_vector_job(chunk_id uuid, generation text, revision bigint, error text, available_at timestamp with time zone) TO brain_vector_worker;
172.17.0.1 2026-10-03 20:47:41.789 UTC [96] supabase_admin@postgres LOG:  statement: REVOKE ALL ON FUNCTION public.rls_auto_enable() FROM PUBLIC;
172.17.0.1 2026-10-03 20:47:41.789 UTC [96] supabase_admin@postgres LOG:  statement: GRANT ALL ON FUNCTION public.rls_auto_enable() TO service_role;
172.17.0.1 2026-10-03 20:47:41.790 UTC [96] supabase_admin@postgres LOG:  statement: REVOKE ALL ON FUNCTION public.save_brain_vector_reconcile_cursor(p_generation text, next_chunk_id uuid, next_qdrant_offset jsonb, scanned_delta integer, repaired_delta integer, orphaned_delta integer, failed_delta integer, cycle_complete boolean) FROM PUBLIC;
172.17.0.1 2026-10-03 20:47:41.790 UTC [96] supabase_admin@postgres LOG:  statement: GRANT ALL ON FUNCTION public.save_brain_vector_reconcile_cursor(p_generation text, next_chunk_id uuid, next_qdrant_offset jsonb, scanned_delta integer, repaired_delta integer, orphaned_delta integer, failed_delta integer, cycle_complete boolean) TO service_role;
172.17.0.1 2026-10-03 20:47:41.790 UTC [96] supabase_admin@postgres LOG:  statement: GRANT ALL ON FUNCTION public.save_brain_vector_reconcile_cursor(p_generation text, next_chunk_id uuid, next_qdrant_offset jsonb, scanned_delta integer, repaired_delta integer, orphaned_delta integer, failed_delta integer, cycle_complete boolean) TO brain_vector_worker;
172.17.0.1 2026-10-03 20:47:41.790 UTC [96] supabase_admin@postgres LOG:  statement: GRANT ALL ON TABLE public.agent_artifact_revisions TO anon;
172.17.0.1 2026-10-03 20:47:41.790 UTC [96] supabase_admin@postgres LOG:  statement: GRANT ALL ON TABLE public.agent_artifact_revisions TO authenticated;
172.17.0.1 2026-10-03 20:47:41.791 UTC [96] supabase_admin@postgres LOG:  statement: GRANT ALL ON TABLE public.agent_artifact_revisions TO service_role;
172.17.0.1 2026-10-03 20:47:41.791 UTC [96] supabase_admin@postgres LOG:  statement: GRANT SELECT,INSERT,DELETE,UPDATE ON TABLE public.agent_artifact_revisions TO app_ledger;
172.17.0.1 2026-10-03 20:47:41.791 UTC [96] supabase_admin@postgres LOG:  statement: GRANT ALL ON TABLE public.agent_artifacts TO anon;
172.17.0.1 2026-10-03 20:47:41.791 UTC [96] supabase_admin@postgres LOG:  statement: GRANT ALL ON TABLE public.agent_artifacts TO authenticated;
172.17.0.1 2026-10-03 20:47:41.792 UTC [96] supabase_admin@postgres LOG:  statement: GRANT ALL ON TABLE public.agent_artifacts TO service_role;
172.17.0.1 2026-10-03 20:47:41.792 UTC [96] supabase_admin@postgres LOG:  statement: GRANT SELECT,INSERT,DELETE,UPDATE ON TABLE public.agent_artifacts TO app_ledger;
172.17.0.1 2026-10-03 20:47:41.792 UTC [96] supabase_admin@postgres LOG:  statement: GRANT ALL ON TABLE public.agent_built_skills TO anon;
172.17.0.1 2026-10-03 20:47:41.792 UTC [96] supabase_admin@postgres LOG:  statement: GRANT ALL ON TABLE public.agent_built_skills TO authenticated;
172.17.0.1 2026-10-03 20:47:41.793 UTC [96] supabase_admin@postgres LOG:  statement: GRANT ALL ON TABLE public.agent_built_skills TO service_role;
172.17.0.1 2026-10-03 20:47:41.793 UTC [96] supabase_admin@postgres LOG:  statement: GRANT SELECT,INSERT,DELETE,UPDATE ON TABLE public.agent_built_skills TO app_ledger;
172.17.0.1 2026-10-03 20:47:41.793 UTC [96] supabase_admin@postgres LOG:  statement: GRANT ALL ON TABLE public.agent_group_members TO anon;
172.17.0.1 2026-10-03 20:47:41.794 UTC [96] supabase_admin@postgres LOG:  statement: GRANT ALL ON TABLE public.agent_group_members TO authenticated;
172.17.0.1 2026-10-03 20:47:41.794 UTC [96] supabase_admin@postgres LOG:  statement: GRANT ALL ON TABLE public.agent_group_members TO service_role;
172.17.0.1 2026-10-03 20:47:41.794 UTC [96] supabase_admin@postgres LOG:  statement: GRANT SELECT,INSERT,DELETE,UPDATE ON TABLE public.agent_group_members TO app_ledger;
172.17.0.1 2026-10-03 20:47:41.795 UTC [96] supabase_admin@postgres LOG:  statement: GRANT ALL ON TABLE public.agent_groups TO anon;
172.17.0.1 2026-10-03 20:47:41.795 UTC [96] supabase_admin@postgres LOG:  statement: GRANT ALL ON TABLE public.agent_groups TO authenticated;
172.17.0.1 2026-10-03 20:47:41.795 UTC [96] supabase_admin@postgres LOG:  statement: GRANT ALL ON TABLE public.agent_groups TO service_role;
172.17.0.1 2026-10-03 20:47:41.795 UTC [96] supabase_admin@postgres LOG:  statement: GRANT SELECT,INSERT,DELETE,UPDATE ON TABLE public.agent_groups TO app_ledger;
172.17.0.1 2026-10-03 20:47:41.796 UTC [96] supabase_admin@postgres LOG:  statement: GRANT ALL ON TABLE public.agent_memories TO anon;
172.17.0.1 2026-10-03 20:47:41.796 UTC [96] supabase_admin@postgres LOG:  statement: GRANT ALL ON TABLE public.agent_memories TO authenticated;
172.17.0.1 2026-10-03 20:47:41.796 UTC [96] supabase_admin@postgres LOG:  statement: GRANT ALL ON TABLE public.agent_memories TO service_role;
172.17.0.1 2026-10-03 20:47:41.796 UTC [96] supabase_admin@postgres LOG:  statement: GRANT SELECT,INSERT,DELETE,UPDATE ON TABLE public.agent_memories TO app_ledger;
172.17.0.1 2026-10-03 20:47:41.796 UTC [96] supabase_admin@postgres LOG:  statement: GRANT ALL ON TABLE public.ai_usage TO anon;
172.17.0.1 2026-10-03 20:47:41.796 UTC [96] supabase_admin@postgres LOG:  statement: GRANT ALL ON TABLE public.ai_usage TO authenticated;
172.17.0.1 2026-10-03 20:47:41.796 UTC [96] supabase_admin@postgres LOG:  statement: GRANT ALL ON TABLE public.ai_usage TO service_role;
172.17.0.1 2026-10-03 20:47:41.797 UTC [96] supabase_admin@postgres LOG:  statement: GRANT ALL ON TABLE public.app_modules TO anon;
172.17.0.1 2026-10-03 20:47:41.797 UTC [96] supabase_admin@postgres LOG:  statement: GRANT ALL ON TABLE public.app_modules TO authenticated;
172.17.0.1 2026-10-03 20:47:41.797 UTC [96] supabase_admin@postgres LOG:  statement: GRANT ALL ON TABLE public.app_modules TO service_role;
172.17.0.1 2026-10-03 20:47:41.797 UTC [96] supabase_admin@postgres LOG:  statement: GRANT SELECT,INSERT,DELETE,UPDATE ON TABLE public.app_modules TO app_ledger;
172.17.0.1 2026-10-03 20:47:41.797 UTC [96] supabase_admin@postgres LOG:  statement: GRANT SELECT ON TABLE public.app_modules TO app_assistant_ro;
172.17.0.1 2026-10-03 20:47:41.797 UTC [96] supabase_admin@postgres LOG:  statement: GRANT ALL ON TABLE public.assignment_rules TO anon;
172.17.0.1 2026-10-03 20:47:41.797 UTC [96] supabase_admin@postgres LOG:  statement: GRANT ALL ON TABLE public.assignment_rules TO authenticated;
172.17.0.1 2026-10-03 20:47:41.798 UTC [96] supabase_admin@postgres LOG:  statement: GRANT ALL ON TABLE public.assignment_rules TO service_role;
172.17.0.1 2026-10-03 20:47:41.798 UTC [96] supabase_admin@postgres LOG:  statement: GRANT SELECT,INSERT,DELETE,UPDATE ON TABLE public.assignment_rules TO app_ledger;
172.17.0.1 2026-10-03 20:47:41.798 UTC [96] supabase_admin@postgres LOG:  statement: GRANT ALL ON TABLE public.attachment_file_state TO service_role;
172.17.0.1 2026-10-03 20:47:41.798 UTC [96] supabase_admin@postgres LOG:  statement: GRANT SELECT,INSERT,DELETE,UPDATE ON TABLE public.attachment_file_state TO app_ledger;
172.17.0.1 2026-10-03 20:47:41.798 UTC [96] supabase_admin@postgres LOG:  statement: GRANT ALL ON TABLE public.attachment_links TO anon;
172.17.0.1 2026-10-03 20:47:41.798 UTC [96] supabase_admin@postgres LOG:  statement: GRANT ALL ON TABLE public.attachment_links TO authenticated;
172.17.0.1 2026-10-03 20:47:41.799 UTC [96] supabase_admin@postgres LOG:  statement: GRANT ALL ON TABLE public.attachment_links TO service_role;
172.17.0.1 2026-10-03 20:47:41.799 UTC [96] supabase_admin@postgres LOG:  statement: GRANT SELECT,INSERT,DELETE,UPDATE ON TABLE public.attachment_links TO app_ledger;
172.17.0.1 2026-10-03 20:47:41.799 UTC [96] supabase_admin@postgres LOG:  statement: GRANT ALL ON TABLE public.attachment_trash TO service_role;
172.17.0.1 2026-10-03 20:47:41.799 UTC [96] supabase_admin@postgres LOG:  statement: GRANT SELECT,INSERT,DELETE,UPDATE ON TABLE public.attachment_trash TO app_ledger;
172.17.0.1 2026-10-03 20:47:41.799 UTC [96] supabase_admin@postgres LOG:  statement: GRANT ALL ON TABLE public.backup_configs TO anon;
172.17.0.1 2026-10-03 20:47:41.800 UTC [96] supabase_admin@postgres LOG:  statement: GRANT ALL ON TABLE public.backup_configs TO authenticated;
172.17.0.1 2026-10-03 20:47:41.800 UTC [96] supabase_admin@postgres LOG:  statement: GRANT ALL ON TABLE public.backup_configs TO service_role;
172.17.0.1 2026-10-03 20:47:41.800 UTC [96] supabase_admin@postgres LOG:  statement: GRANT SELECT,INSERT,DELETE,UPDATE ON TABLE public.backup_configs TO app_ledger;
172.17.0.1 2026-10-03 20:47:41.800 UTC [96] supabase_admin@postgres LOG:  statement: GRANT ALL ON TABLE public.bg_jobs TO anon;
172.17.0.1 2026-10-03 20:47:41.801 UTC [96] supabase_admin@postgres LOG:  statement: GRANT ALL ON TABLE public.bg_jobs TO authenticated;
172.17.0.1 2026-10-03 20:47:41.801 UTC [96] supabase_admin@postgres LOG:  statement: GRANT ALL ON TABLE public.bg_jobs TO service_role;
172.17.0.1 2026-10-03 20:47:41.801 UTC [96] supabase_admin@postgres LOG:  statement: GRANT ALL ON TABLE public.brain_access TO anon;
172.17.0.1 2026-10-03 20:47:41.801 UTC [96] supabase_admin@postgres LOG:  statement: GRANT ALL ON TABLE public.brain_access TO authenticated;
172.17.0.1 2026-10-03 20:47:41.801 UTC [96] supabase_admin@postgres LOG:  statement: GRANT ALL ON TABLE public.brain_access TO service_role;
172.17.0.1 2026-10-03 20:47:41.801 UTC [96] supabase_admin@postgres LOG:  statement: GRANT SELECT,INSERT,DELETE,UPDATE ON TABLE public.brain_access TO app_ledger;
172.17.0.1 2026-10-03 20:47:41.802 UTC [96] supabase_admin@postgres LOG:  statement: GRANT ALL ON TABLE public.brain_agent_templates TO anon;
172.17.0.1 2026-10-03 20:47:41.802 UTC [96] supabase_admin@postgres LOG:  statement: GRANT ALL ON TABLE public.brain_agent_templates TO authenticated;
172.17.0.1 2026-10-03 20:47:41.802 UTC [96] supabase_admin@postgres LOG:  statement: GRANT ALL ON TABLE public.brain_agent_templates TO service_role;
172.17.0.1 2026-10-03 20:47:41.802 UTC [96] supabase_admin@postgres LOG:  statement: GRANT SELECT,INSERT,DELETE,UPDATE ON TABLE public.brain_agent_templates TO app_ledger;
172.17.0.1 2026-10-03 20:47:41.802 UTC [96] supabase_admin@postgres LOG:  statement: GRANT ALL ON TABLE public.brain_chunks TO anon;
172.17.0.1 2026-10-03 20:47:41.802 UTC [96] supabase_admin@postgres LOG:  statement: GRANT ALL ON TABLE public.brain_chunks TO authenticated;
172.17.0.1 2026-10-03 20:47:41.803 UTC [96] supabase_admin@postgres LOG:  statement: GRANT ALL ON TABLE public.brain_chunks TO service_role;
172.17.0.1 2026-10-03 20:47:41.803 UTC [96] supabase_admin@postgres LOG:  statement: GRANT SELECT,INSERT,DELETE,UPDATE ON TABLE public.brain_chunks TO app_ledger;
172.17.0.1 2026-10-03 20:47:41.803 UTC [96] supabase_admin@postgres LOG:  statement: GRANT ALL ON TABLE public.brain_documents TO anon;
172.17.0.1 2026-10-03 20:47:41.804 UTC [96] supabase_admin@postgres LOG:  statement: GRANT ALL ON TABLE public.brain_documents TO authenticated;
172.17.0.1 2026-10-03 20:47:41.804 UTC [96] supabase_admin@postgres LOG:  statement: GRANT ALL ON TABLE public.brain_documents TO service_role;
172.17.0.1 2026-10-03 20:47:41.804 UTC [96] supabase_admin@postgres LOG:  statement: GRANT SELECT,INSERT,DELETE,UPDATE ON TABLE public.brain_documents TO app_ledger;
172.17.0.1 2026-10-03 20:47:41.804 UTC [96] supabase_admin@postgres LOG:  statement: GRANT ALL ON TABLE public.brain_enrichment_settings TO anon;
172.17.0.1 2026-10-03 20:47:41.805 UTC [96] supabase_admin@postgres LOG:  statement: GRANT ALL ON TABLE public.brain_enrichment_settings TO authenticated;
172.17.0.1 2026-10-03 20:47:41.805 UTC [96] supabase_admin@postgres LOG:  statement: GRANT ALL ON TABLE public.brain_enrichment_settings TO service_role;
172.17.0.1 2026-10-03 20:47:41.805 UTC [96] supabase_admin@postgres LOG:  statement: GRANT SELECT,INSERT,DELETE,UPDATE ON TABLE public.brain_enrichment_settings TO app_ledger;
172.17.0.1 2026-10-03 20:47:41.805 UTC [96] supabase_admin@postgres LOG:  statement: GRANT ALL ON TABLE public.brain_sources TO anon;
172.17.0.1 2026-10-03 20:47:41.806 UTC [96] supabase_admin@postgres LOG:  statement: GRANT ALL ON TABLE public.brain_sources TO authenticated;
172.17.0.1 2026-10-03 20:47:41.806 UTC [96] supabase_admin@postgres LOG:  statement: GRANT ALL ON TABLE public.brain_sources TO service_role;
172.17.0.1 2026-10-03 20:47:41.806 UTC [96] supabase_admin@postgres LOG:  statement: GRANT SELECT,INSERT,DELETE,UPDATE ON TABLE public.brain_sources TO app_ledger;
172.17.0.1 2026-10-03 20:47:41.806 UTC [96] supabase_admin@postgres LOG:  statement: GRANT ALL ON TABLE public.brain_vector_generations TO service_role;
172.17.0.1 2026-10-03 20:47:41.807 UTC [96] supabase_admin@postgres LOG:  statement: GRANT ALL ON TABLE public.brain_vector_outbox TO service_role;
172.17.0.1 2026-10-03 20:47:41.807 UTC [96] supabase_admin@postgres LOG:  statement: GRANT ALL ON TABLE public.brain_vector_reconcile_state TO service_role;
172.17.0.1 2026-10-03 20:47:41.807 UTC [96] supabase_admin@postgres LOG:  statement: GRANT ALL ON TABLE public.brains TO anon;
172.17.0.1 2026-10-03 20:47:41.807 UTC [96] supabase_admin@postgres LOG:  statement: GRANT ALL ON TABLE public.brains TO authenticated;
172.17.0.1 2026-10-03 20:47:41.808 UTC [96] supabase_admin@postgres LOG:  statement: GRANT ALL ON TABLE public.brains TO service_role;
172.17.0.1 2026-10-03 20:47:41.808 UTC [96] supabase_admin@postgres LOG:  statement: GRANT SELECT,INSERT,DELETE,UPDATE ON TABLE public.brains TO app_ledger;
172.17.0.1 2026-10-03 20:47:41.808 UTC [96] supabase_admin@postgres LOG:  statement: GRANT ALL ON TABLE public.built_agent_skills TO anon;
172.17.0.1 2026-10-03 20:47:41.809 UTC [96] supabase_admin@postgres LOG:  statement: GRANT ALL ON TABLE public.built_agent_skills TO authenticated;
172.17.0.1 2026-10-03 20:47:41.809 UTC [96] supabase_admin@postgres LOG:  statement: GRANT ALL ON TABLE public.built_agent_skills TO service_role;
172.17.0.1 2026-10-03 20:47:41.810 UTC [96] supabase_admin@postgres LOG:  statement: GRANT SELECT,INSERT,DELETE,UPDATE ON TABLE public.built_agent_skills TO app_ledger;
172.17.0.1 2026-10-03 20:47:41.810 UTC [96] supabase_admin@postgres LOG:  statement: GRANT ALL ON TABLE public.built_agents TO anon;
172.17.0.1 2026-10-03 20:47:41.811 UTC [96] supabase_admin@postgres LOG:  statement: GRANT ALL ON TABLE public.built_agents TO authenticated;
172.17.0.1 2026-10-03 20:47:41.811 UTC [96] supabase_admin@postgres LOG:  statement: GRANT ALL ON TABLE public.built_agents TO service_role;
172.17.0.1 2026-10-03 20:47:41.812 UTC [96] supabase_admin@postgres LOG:  statement: GRANT SELECT,INSERT,DELETE,UPDATE ON TABLE public.built_agents TO app_ledger;
172.17.0.1 2026-10-03 20:47:41.812 UTC [96] supabase_admin@postgres LOG:  statement: GRANT ALL ON TABLE public.built_chapter_edges TO anon;
172.17.0.1 2026-10-03 20:47:41.812 UTC [96] supabase_admin@postgres LOG:  statement: GRANT ALL ON TABLE public.built_chapter_edges TO authenticated;
172.17.0.1 2026-10-03 20:47:41.813 UTC [96] supabase_admin@postgres LOG:  statement: GRANT ALL ON TABLE public.built_chapter_edges TO service_role;
172.17.0.1 2026-10-03 20:47:41.813 UTC [96] supabase_admin@postgres LOG:  statement: GRANT SELECT,INSERT,DELETE,UPDATE ON TABLE public.built_chapter_edges TO app_ledger;
172.17.0.1 2026-10-03 20:47:41.814 UTC [96] supabase_admin@postgres LOG:  statement: GRANT ALL ON TABLE public.built_chapter_tools TO anon;
172.17.0.1 2026-10-03 20:47:41.814 UTC [96] supabase_admin@postgres LOG:  statement: GRANT ALL ON TABLE public.built_chapter_tools TO authenticated;
172.17.0.1 2026-10-03 20:47:41.815 UTC [96] supabase_admin@postgres LOG:  statement: GRANT ALL ON TABLE public.built_chapter_tools TO service_role;
172.17.0.1 2026-10-03 20:47:41.816 UTC [96] supabase_admin@postgres LOG:  statement: GRANT SELECT,INSERT,DELETE,UPDATE ON TABLE public.built_chapter_tools TO app_ledger;
172.17.0.1 2026-10-03 20:47:41.817 UTC [96] supabase_admin@postgres LOG:  statement: GRANT ALL ON TABLE public.built_chapters TO anon;
172.17.0.1 2026-10-03 20:47:41.817 UTC [96] supabase_admin@postgres LOG:  statement: GRANT ALL ON TABLE public.built_chapters TO authenticated;
172.17.0.1 2026-10-03 20:47:41.818 UTC [96] supabase_admin@postgres LOG:  statement: GRANT ALL ON TABLE public.built_chapters TO service_role;
172.17.0.1 2026-10-03 20:47:41.818 UTC [96] supabase_admin@postgres LOG:  statement: GRANT SELECT,INSERT,DELETE,UPDATE ON TABLE public.built_chapters TO app_ledger;
172.17.0.1 2026-10-03 20:47:41.818 UTC [96] supabase_admin@postgres LOG:  statement: GRANT ALL ON TABLE public.built_skill_tools TO anon;
172.17.0.1 2026-10-03 20:47:41.819 UTC [96] supabase_admin@postgres LOG:  statement: GRANT ALL ON TABLE public.built_skill_tools TO authenticated;
172.17.0.1 2026-10-03 20:47:41.819 UTC [96] supabase_admin@postgres LOG:  statement: GRANT ALL ON TABLE public.built_skill_tools TO service_role;
172.17.0.1 2026-10-03 20:47:41.820 UTC [96] supabase_admin@postgres LOG:  statement: GRANT SELECT,INSERT,DELETE,UPDATE ON TABLE public.built_skill_tools TO app_ledger;
172.17.0.1 2026-10-03 20:47:41.820 UTC [96] supabase_admin@postgres LOG:  statement: GRANT ALL ON TABLE public.built_skills TO anon;
172.17.0.1 2026-10-03 20:47:41.820 UTC [96] supabase_admin@postgres LOG:  statement: GRANT ALL ON TABLE public.built_skills TO authenticated;
172.17.0.1 2026-10-03 20:47:41.821 UTC [96] supabase_admin@postgres LOG:  statement: GRANT ALL ON TABLE public.built_skills TO service_role;
172.17.0.1 2026-10-03 20:47:41.821 UTC [96] supabase_admin@postgres LOG:  statement: GRANT SELECT,INSERT,DELETE,UPDATE ON TABLE public.built_skills TO app_ledger;
172.17.0.1 2026-10-03 20:47:41.821 UTC [96] supabase_admin@postgres LOG:  statement: GRANT ALL ON TABLE public.built_tools TO anon;
172.17.0.1 2026-10-03 20:47:41.822 UTC [96] supabase_admin@postgres LOG:  statement: GRANT ALL ON TABLE public.built_tools TO authenticated;
172.17.0.1 2026-10-03 20:47:41.822 UTC [96] supabase_admin@postgres LOG:  statement: GRANT ALL ON TABLE public.built_tools TO service_role;
172.17.0.1 2026-10-03 20:47:41.822 UTC [96] supabase_admin@postgres LOG:  statement: GRANT SELECT,INSERT,DELETE,UPDATE ON TABLE public.built_tools TO app_ledger;
172.17.0.1 2026-10-03 20:47:41.822 UTC [96] supabase_admin@postgres LOG:  statement: GRANT ALL ON TABLE public.channel_assignments TO anon;
172.17.0.1 2026-10-03 20:47:41.823 UTC [96] supabase_admin@postgres LOG:  statement: GRANT ALL ON TABLE public.channel_assignments TO authenticated;
172.17.0.1 2026-10-03 20:47:41.823 UTC [96] supabase_admin@postgres LOG:  statement: GRANT ALL ON TABLE public.channel_assignments TO service_role;
172.17.0.1 2026-10-03 20:47:41.823 UTC [96] supabase_admin@postgres LOG:  statement: GRANT SELECT,INSERT,DELETE,UPDATE ON TABLE public.channel_assignments TO app_ledger;
172.17.0.1 2026-10-03 20:47:41.823 UTC [96] supabase_admin@postgres LOG:  statement: GRANT ALL ON TABLE public.channel_bindings TO anon;
172.17.0.1 2026-10-03 20:47:41.823 UTC [96] supabase_admin@postgres LOG:  statement: GRANT ALL ON TABLE public.channel_bindings TO authenticated;
172.17.0.1 2026-10-03 20:47:41.824 UTC [96] supabase_admin@postgres LOG:  statement: GRANT ALL ON TABLE public.channel_bindings TO service_role;
172.17.0.1 2026-10-03 20:47:41.824 UTC [96] supabase_admin@postgres LOG:  statement: GRANT SELECT,INSERT,DELETE,UPDATE ON TABLE public.channel_bindings TO app_ledger;
172.17.0.1 2026-10-03 20:47:41.824 UTC [96] supabase_admin@postgres LOG:  statement: GRANT ALL ON TABLE public.channel_identities TO anon;
172.17.0.1 2026-10-03 20:47:41.824 UTC [96] supabase_admin@postgres LOG:  statement: GRANT ALL ON TABLE public.channel_identities TO authenticated;
172.17.0.1 2026-10-03 20:47:41.824 UTC [96] supabase_admin@postgres LOG:  statement: GRANT ALL ON TABLE public.channel_identities TO service_role;
172.17.0.1 2026-10-03 20:47:41.825 UTC [96] supabase_admin@postgres LOG:  statement: GRANT ALL ON TABLE public.channel_pairing_requests TO anon;
172.17.0.1 2026-10-03 20:47:41.825 UTC [96] supabase_admin@postgres LOG:  statement: GRANT ALL ON TABLE public.channel_pairing_requests TO authenticated;
172.17.0.1 2026-10-03 20:47:41.825 UTC [96] supabase_admin@postgres LOG:  statement: GRANT ALL ON TABLE public.channel_pairing_requests TO service_role;
172.17.0.1 2026-10-03 20:47:41.825 UTC [96] supabase_admin@postgres LOG:  statement: GRANT SELECT,INSERT,DELETE,UPDATE ON TABLE public.channel_pairing_requests TO app_ledger;
172.17.0.1 2026-10-03 20:47:41.825 UTC [96] supabase_admin@postgres LOG:  statement: GRANT ALL ON TABLE public.channels TO anon;
172.17.0.1 2026-10-03 20:47:41.826 UTC [96] supabase_admin@postgres LOG:  statement: GRANT ALL ON TABLE public.channels TO authenticated;
172.17.0.1 2026-10-03 20:47:41.826 UTC [96] supabase_admin@postgres LOG:  statement: GRANT ALL ON TABLE public.channels TO service_role;
172.17.0.1 2026-10-03 20:47:41.826 UTC [96] supabase_admin@postgres LOG:  statement: GRANT SELECT,INSERT,DELETE,UPDATE ON TABLE public.channels TO app_ledger;
172.17.0.1 2026-10-03 20:47:41.826 UTC [96] supabase_admin@postgres LOG:  statement: GRANT ALL ON TABLE public.chat_messages TO anon;
172.17.0.1 2026-10-03 20:47:41.827 UTC [96] supabase_admin@postgres LOG:  statement: GRANT ALL ON TABLE public.chat_messages TO authenticated;
172.17.0.1 2026-10-03 20:47:41.827 UTC [96] supabase_admin@postgres LOG:  statement: GRANT ALL ON TABLE public.chat_messages TO service_role;
172.17.0.1 2026-10-03 20:47:41.827 UTC [96] supabase_admin@postgres LOG:  statement: GRANT SELECT,INSERT,DELETE,UPDATE ON TABLE public.chat_messages TO app_ledger;
172.17.0.1 2026-10-03 20:47:41.827 UTC [96] supabase_admin@postgres LOG:  statement: GRANT ALL ON SEQUENCE public.chat_messages_id_seq TO anon;
172.17.0.1 2026-10-03 20:47:41.827 UTC [96] supabase_admin@postgres LOG:  statement: GRANT ALL ON SEQUENCE public.chat_messages_id_seq TO authenticated;
172.17.0.1 2026-10-03 20:47:41.828 UTC [96] supabase_admin@postgres LOG:  statement: GRANT ALL ON SEQUENCE public.chat_messages_id_seq TO service_role;
172.17.0.1 2026-10-03 20:47:41.828 UTC [96] supabase_admin@postgres LOG:  statement: GRANT ALL ON TABLE public.config_snapshots TO anon;
172.17.0.1 2026-10-03 20:47:41.828 UTC [96] supabase_admin@postgres LOG:  statement: GRANT ALL ON TABLE public.config_snapshots TO authenticated;
172.17.0.1 2026-10-03 20:47:41.828 UTC [96] supabase_admin@postgres LOG:  statement: GRANT ALL ON TABLE public.config_snapshots TO service_role;
172.17.0.1 2026-10-03 20:47:41.829 UTC [96] supabase_admin@postgres LOG:  statement: GRANT SELECT,INSERT,DELETE,UPDATE ON TABLE public.config_snapshots TO app_ledger;
172.17.0.1 2026-10-03 20:47:41.829 UTC [96] supabase_admin@postgres LOG:  statement: GRANT ALL ON TABLE public.crm_activities TO anon;
172.17.0.1 2026-10-03 20:47:41.829 UTC [96] supabase_admin@postgres LOG:  statement: GRANT ALL ON TABLE public.crm_activities TO authenticated;
172.17.0.1 2026-10-03 20:47:41.829 UTC [96] supabase_admin@postgres LOG:  statement: GRANT ALL ON TABLE public.crm_activities TO service_role;
172.17.0.1 2026-10-03 20:47:41.829 UTC [96] supabase_admin@postgres LOG:  statement: GRANT SELECT,INSERT,DELETE,UPDATE ON TABLE public.crm_activities TO app_ledger;
172.17.0.1 2026-10-03 20:47:41.830 UTC [96] supabase_admin@postgres LOG:  statement: GRANT SELECT ON TABLE public.crm_activities TO app_assistant_ro;
172.17.0.1 2026-10-03 20:47:41.830 UTC [96] supabase_admin@postgres LOG:  statement: GRANT ALL ON TABLE public.crm_contact_activity_stats TO anon;
172.17.0.1 2026-10-03 20:47:41.830 UTC [96] supabase_admin@postgres LOG:  statement: GRANT ALL ON TABLE public.crm_contact_activity_stats TO authenticated;
172.17.0.1 2026-10-03 20:47:41.830 UTC [96] supabase_admin@postgres LOG:  statement: GRANT ALL ON TABLE public.crm_contact_activity_stats TO service_role;
172.17.0.1 2026-10-03 20:47:41.830 UTC [96] supabase_admin@postgres LOG:  statement: GRANT SELECT,INSERT,DELETE,UPDATE ON TABLE public.crm_contact_activity_stats TO app_ledger;
172.17.0.1 2026-10-03 20:47:41.831 UTC [96] supabase_admin@postgres LOG:  statement: GRANT ALL ON TABLE public.crm_contact_identities TO anon;
172.17.0.1 2026-10-03 20:47:41.831 UTC [96] supabase_admin@postgres LOG:  statement: GRANT ALL ON TABLE public.crm_contact_identities TO authenticated;
172.17.0.1 2026-10-03 20:47:41.831 UTC [96] supabase_admin@postgres LOG:  statement: GRANT ALL ON TABLE public.crm_contact_identities TO service_role;
172.17.0.1 2026-10-03 20:47:41.831 UTC [96] supabase_admin@postgres LOG:  statement: GRANT SELECT,INSERT,DELETE,UPDATE ON TABLE public.crm_contact_identities TO app_ledger;
172.17.0.1 2026-10-03 20:47:41.831 UTC [96] supabase_admin@postgres LOG:  statement: GRANT SELECT ON TABLE public.crm_contact_identities TO app_assistant_ro;
172.17.0.1 2026-10-03 20:47:41.832 UTC [96] supabase_admin@postgres LOG:  statement: GRANT ALL ON TABLE public.messages TO anon;
172.17.0.1 2026-10-03 20:47:41.832 UTC [96] supabase_admin@postgres LOG:  statement: GRANT ALL ON TABLE public.messages TO authenticated;
172.17.0.1 2026-10-03 20:47:41.832 UTC [96] supabase_admin@postgres LOG:  statement: GRANT ALL ON TABLE public.messages TO service_role;
172.17.0.1 2026-10-03 20:47:41.832 UTC [96] supabase_admin@postgres LOG:  statement: GRANT SELECT,INSERT,UPDATE ON TABLE public.messages TO app_ledger;
172.17.0.1 2026-10-03 20:47:41.832 UTC [96] supabase_admin@postgres LOG:  statement: GRANT SELECT ON TABLE public.messages TO app_assistant_ro;
172.17.0.1 2026-10-03 20:47:41.833 UTC [96] supabase_admin@postgres LOG:  statement: GRANT ALL ON TABLE public.crm_contact_stats TO anon;
172.17.0.1 2026-10-03 20:47:41.833 UTC [96] supabase_admin@postgres LOG:  statement: GRANT ALL ON TABLE public.crm_contact_stats TO authenticated;
172.17.0.1 2026-10-03 20:47:41.833 UTC [96] supabase_admin@postgres LOG:  statement: GRANT ALL ON TABLE public.crm_contact_stats TO service_role;
172.17.0.1 2026-10-03 20:47:41.833 UTC [96] supabase_admin@postgres LOG:  statement: GRANT SELECT ON TABLE public.crm_contact_stats TO app_ledger;
172.17.0.1 2026-10-03 20:47:41.834 UTC [96] supabase_admin@postgres LOG:  statement: GRANT ALL ON TABLE public.crm_contact_tags TO anon;
172.17.0.1 2026-10-03 20:47:41.834 UTC [96] supabase_admin@postgres LOG:  statement: GRANT ALL ON TABLE public.crm_contact_tags TO authenticated;
172.17.0.1 2026-10-03 20:47:41.834 UTC [96] supabase_admin@postgres LOG:  statement: GRANT ALL ON TABLE public.crm_contact_tags TO service_role;
172.17.0.1 2026-10-03 20:47:41.834 UTC [96] supabase_admin@postgres LOG:  statement: GRANT SELECT,INSERT,DELETE,UPDATE ON TABLE public.crm_contact_tags TO app_ledger;
172.17.0.1 2026-10-03 20:47:41.834 UTC [96] supabase_admin@postgres LOG:  statement: GRANT SELECT ON TABLE public.crm_contact_tags TO app_assistant_ro;
172.17.0.1 2026-10-03 20:47:41.835 UTC [96] supabase_admin@postgres LOG:  statement: GRANT ALL ON TABLE public.crm_contact_timeline TO service_role;
172.17.0.1 2026-10-03 20:47:41.835 UTC [96] supabase_admin@postgres LOG:  statement: GRANT SELECT ON TABLE public.crm_contact_timeline TO app_ledger;
172.17.0.1 2026-10-03 20:47:41.835 UTC [96] supabase_admin@postgres LOG:  statement: GRANT ALL ON TABLE public.crm_contacts TO anon;
172.17.0.1 2026-10-03 20:47:41.835 UTC [96] supabase_admin@postgres LOG:  statement: GRANT ALL ON TABLE public.crm_contacts TO authenticated;
172.17.0.1 2026-10-03 20:47:41.836 UTC [96] supabase_admin@postgres LOG:  statement: GRANT ALL ON TABLE public.crm_contacts TO service_role;
172.17.0.1 2026-10-03 20:47:41.836 UTC [96] supabase_admin@postgres LOG:  statement: GRANT SELECT,INSERT,DELETE,UPDATE ON TABLE public.crm_contacts TO app_ledger;
172.17.0.1 2026-10-03 20:47:41.836 UTC [96] supabase_admin@postgres LOG:  statement: GRANT SELECT ON TABLE public.crm_contacts TO app_assistant_ro;
172.17.0.1 2026-10-03 20:47:41.836 UTC [96] supabase_admin@postgres LOG:  statement: GRANT ALL ON TABLE public.crm_conversation_analysis TO anon;
172.17.0.1 2026-10-03 20:47:41.836 UTC [96] supabase_admin@postgres LOG:  statement: GRANT ALL ON TABLE public.crm_conversation_analysis TO authenticated;
172.17.0.1 2026-10-03 20:47:41.836 UTC [96] supabase_admin@postgres LOG:  statement: GRANT ALL ON TABLE public.crm_conversation_analysis TO service_role;
172.17.0.1 2026-10-03 20:47:41.837 UTC [96] supabase_admin@postgres LOG:  statement: GRANT SELECT,INSERT,DELETE,UPDATE ON TABLE public.crm_conversation_analysis TO app_ledger;
172.17.0.1 2026-10-03 20:47:41.837 UTC [96] supabase_admin@postgres LOG:  statement: GRANT ALL ON TABLE public.crm_conversation_chunks TO anon;
172.17.0.1 2026-10-03 20:47:41.837 UTC [96] supabase_admin@postgres LOG:  statement: GRANT ALL ON TABLE public.crm_conversation_chunks TO authenticated;
172.17.0.1 2026-10-03 20:47:41.837 UTC [96] supabase_admin@postgres LOG:  statement: GRANT ALL ON TABLE public.crm_conversation_chunks TO service_role;
172.17.0.1 2026-10-03 20:47:41.837 UTC [96] supabase_admin@postgres LOG:  statement: GRANT SELECT,INSERT,DELETE,UPDATE ON TABLE public.crm_conversation_chunks TO app_ledger;
172.17.0.1 2026-10-03 20:47:41.837 UTC [96] supabase_admin@postgres LOG:  statement: GRANT ALL ON TABLE public.crm_conversation_index TO anon;
172.17.0.1 2026-10-03 20:47:41.838 UTC [96] supabase_admin@postgres LOG:  statement: GRANT ALL ON TABLE public.crm_conversation_index TO authenticated;
172.17.0.1 2026-10-03 20:47:41.838 UTC [96] supabase_admin@postgres LOG:  statement: GRANT ALL ON TABLE public.crm_conversation_index TO service_role;
172.17.0.1 2026-10-03 20:47:41.838 UTC [96] supabase_admin@postgres LOG:  statement: GRANT SELECT,INSERT,DELETE,UPDATE ON TABLE public.crm_conversation_index TO app_ledger;
172.17.0.1 2026-10-03 20:47:41.838 UTC [96] supabase_admin@postgres LOG:  statement: GRANT ALL ON TABLE public.crm_message_sentiment TO anon;
172.17.0.1 2026-10-03 20:47:41.838 UTC [96] supabase_admin@postgres LOG:  statement: GRANT ALL ON TABLE public.crm_message_sentiment TO authenticated;
172.17.0.1 2026-10-03 20:47:41.838 UTC [96] supabase_admin@postgres LOG:  statement: GRANT ALL ON TABLE public.crm_message_sentiment TO service_role;
172.17.0.1 2026-10-03 20:47:41.838 UTC [96] supabase_admin@postgres LOG:  statement: GRANT SELECT,INSERT,DELETE,UPDATE ON TABLE public.crm_message_sentiment TO app_ledger;
172.17.0.1 2026-10-03 20:47:41.839 UTC [96] supabase_admin@postgres LOG:  statement: GRANT SELECT ON TABLE public.crm_message_sentiment TO app_assistant_ro;
172.17.0.1 2026-10-03 20:47:41.839 UTC [96] supabase_admin@postgres LOG:  statement: GRANT ALL ON TABLE public.crm_sentiment_chat_daily TO anon;
172.17.0.1 2026-10-03 20:47:41.839 UTC [96] supabase_admin@postgres LOG:  statement: GRANT ALL ON TABLE public.crm_sentiment_chat_daily TO authenticated;
172.17.0.1 2026-10-03 20:47:41.839 UTC [96] supabase_admin@postgres LOG:  statement: GRANT ALL ON TABLE public.crm_sentiment_chat_daily TO service_role;
172.17.0.1 2026-10-03 20:47:41.839 UTC [96] supabase_admin@postgres LOG:  statement: GRANT SELECT ON TABLE public.crm_sentiment_chat_daily TO app_ledger;
172.17.0.1 2026-10-03 20:47:41.839 UTC [96] supabase_admin@postgres LOG:  statement: GRANT ALL ON TABLE public.app_table_config TO anon;
172.17.0.1 2026-10-03 20:47:41.839 UTC [96] supabase_admin@postgres LOG:  statement: GRANT ALL ON TABLE public.app_table_config TO authenticated;
172.17.0.1 2026-10-03 20:47:41.840 UTC [96] supabase_admin@postgres LOG:  statement: GRANT ALL ON TABLE public.app_table_config TO service_role;
172.17.0.1 2026-10-03 20:47:41.840 UTC [96] supabase_admin@postgres LOG:  statement: GRANT SELECT,INSERT,DELETE,UPDATE ON TABLE public.app_table_config TO app_ledger;
172.17.0.1 2026-10-03 20:47:41.840 UTC [96] supabase_admin@postgres LOG:  statement: GRANT ALL ON TABLE public.crm_settings TO anon;
172.17.0.1 2026-10-03 20:47:41.840 UTC [96] supabase_admin@postgres LOG:  statement: GRANT ALL ON TABLE public.crm_settings TO authenticated;
172.17.0.1 2026-10-03 20:47:41.840 UTC [96] supabase_admin@postgres LOG:  statement: GRANT ALL ON TABLE public.crm_settings TO service_role;
172.17.0.1 2026-10-03 20:47:41.840 UTC [96] supabase_admin@postgres LOG:  statement: GRANT SELECT,INSERT,DELETE,UPDATE ON TABLE public.crm_settings TO app_ledger;
172.17.0.1 2026-10-03 20:47:41.840 UTC [96] supabase_admin@postgres LOG:  statement: GRANT ALL ON TABLE public.crm_tags TO anon;
172.17.0.1 2026-10-03 20:47:41.841 UTC [96] supabase_admin@postgres LOG:  statement: GRANT ALL ON TABLE public.crm_tags TO authenticated;
172.17.0.1 2026-10-03 20:47:41.841 UTC [96] supabase_admin@postgres LOG:  statement: GRANT ALL ON TABLE public.crm_tags TO service_role;
172.17.0.1 2026-10-03 20:47:41.841 UTC [96] supabase_admin@postgres LOG:  statement: GRANT SELECT,INSERT,DELETE,UPDATE ON TABLE public.crm_tags TO app_ledger;
172.17.0.1 2026-10-03 20:47:41.841 UTC [96] supabase_admin@postgres LOG:  statement: GRANT SELECT ON TABLE public.crm_tags TO app_assistant_ro;
172.17.0.1 2026-10-03 20:47:41.841 UTC [96] supabase_admin@postgres LOG:  statement: GRANT ALL ON TABLE public.crm_win_embeddings TO anon;
172.17.0.1 2026-10-03 20:47:41.841 UTC [96] supabase_admin@postgres LOG:  statement: GRANT ALL ON TABLE public.crm_win_embeddings TO authenticated;
172.17.0.1 2026-10-03 20:47:41.841 UTC [96] supabase_admin@postgres LOG:  statement: GRANT ALL ON TABLE public.crm_win_embeddings TO service_role;
172.17.0.1 2026-10-03 20:47:41.842 UTC [96] supabase_admin@postgres LOG:  statement: GRANT SELECT,INSERT,DELETE,UPDATE ON TABLE public.crm_win_embeddings TO app_ledger;
172.17.0.1 2026-10-03 20:47:41.842 UTC [96] supabase_admin@postgres LOG:  statement: GRANT ALL ON TABLE public.crm_word_frequency_daily TO anon;
172.17.0.1 2026-10-03 20:47:41.842 UTC [96] supabase_admin@postgres LOG:  statement: GRANT ALL ON TABLE public.crm_word_frequency_daily TO authenticated;
172.17.0.1 2026-10-03 20:47:41.842 UTC [96] supabase_admin@postgres LOG:  statement: GRANT ALL ON TABLE public.crm_word_frequency_daily TO service_role;
172.17.0.1 2026-10-03 20:47:41.842 UTC [96] supabase_admin@postgres LOG:  statement: GRANT SELECT ON TABLE public.crm_word_frequency_daily TO app_ledger;
172.17.0.1 2026-10-03 20:47:41.842 UTC [96] supabase_admin@postgres LOG:  statement: GRANT ALL ON TABLE public.dashboard_layouts TO anon;
172.17.0.1 2026-10-03 20:47:41.843 UTC [96] supabase_admin@postgres LOG:  statement: GRANT ALL ON TABLE public.dashboard_layouts TO authenticated;
172.17.0.1 2026-10-03 20:47:41.843 UTC [96] supabase_admin@postgres LOG:  statement: GRANT ALL ON TABLE public.dashboard_layouts TO service_role;
172.17.0.1 2026-10-03 20:47:41.843 UTC [96] supabase_admin@postgres LOG:  statement: GRANT SELECT,INSERT,DELETE,UPDATE ON TABLE public.dashboard_layouts TO app_ledger;
172.17.0.1 2026-10-03 20:47:41.843 UTC [96] supabase_admin@postgres LOG:  statement: GRANT ALL ON TABLE public.device_identities TO anon;
172.17.0.1 2026-10-03 20:47:41.843 UTC [96] supabase_admin@postgres LOG:  statement: GRANT ALL ON TABLE public.device_identities TO authenticated;
172.17.0.1 2026-10-03 20:47:41.843 UTC [96] supabase_admin@postgres LOG:  statement: GRANT ALL ON TABLE public.device_identities TO service_role;
172.17.0.1 2026-10-03 20:47:41.844 UTC [96] supabase_admin@postgres LOG:  statement: GRANT SELECT,INSERT,DELETE,UPDATE ON TABLE public.device_identities TO app_ledger;
172.17.0.1 2026-10-03 20:47:41.844 UTC [96] supabase_admin@postgres LOG:  statement: GRANT ALL ON TABLE public.doc_audit_log TO anon;
172.17.0.1 2026-10-03 20:47:41.844 UTC [96] supabase_admin@postgres LOG:  statement: GRANT ALL ON TABLE public.doc_audit_log TO authenticated;
172.17.0.1 2026-10-03 20:47:41.844 UTC [96] supabase_admin@postgres LOG:  statement: GRANT ALL ON TABLE public.doc_audit_log TO service_role;
172.17.0.1 2026-10-03 20:47:41.844 UTC [96] supabase_admin@postgres LOG:  statement: GRANT SELECT,INSERT ON TABLE public.doc_audit_log TO app_ledger;
172.17.0.1 2026-10-03 20:47:41.844 UTC [96] supabase_admin@postgres LOG:  statement: GRANT ALL ON TABLE public.doc_comments TO anon;
172.17.0.1 2026-10-03 20:47:41.845 UTC [96] supabase_admin@postgres LOG:  statement: GRANT ALL ON TABLE public.doc_comments TO authenticated;
172.17.0.1 2026-10-03 20:47:41.845 UTC [96] supabase_admin@postgres LOG:  statement: GRANT ALL ON TABLE public.doc_comments TO service_role;
172.17.0.1 2026-10-03 20:47:41.845 UTC [96] supabase_admin@postgres LOG:  statement: GRANT SELECT,INSERT,DELETE,UPDATE ON TABLE public.doc_comments TO app_ledger;
172.17.0.1 2026-10-03 20:47:41.845 UTC [96] supabase_admin@postgres LOG:  statement: GRANT ALL ON TABLE public.email_ledger TO anon;
172.17.0.1 2026-10-03 20:47:41.845 UTC [96] supabase_admin@postgres LOG:  statement: GRANT ALL ON TABLE public.email_ledger TO authenticated;
172.17.0.1 2026-10-03 20:47:41.845 UTC [96] supabase_admin@postgres LOG:  statement: GRANT ALL ON TABLE public.email_ledger TO service_role;
172.17.0.1 2026-10-03 20:47:41.846 UTC [96] supabase_admin@postgres LOG:  statement: GRANT SELECT,INSERT,DELETE,UPDATE ON TABLE public.email_ledger TO app_ledger;
172.17.0.1 2026-10-03 20:47:41.846 UTC [96] supabase_admin@postgres LOG:  statement: GRANT ALL ON TABLE public.email_ledger_settings TO anon;
172.17.0.1 2026-10-03 20:47:41.846 UTC [96] supabase_admin@postgres LOG:  statement: GRANT ALL ON TABLE public.email_ledger_settings TO authenticated;
172.17.0.1 2026-10-03 20:47:41.846 UTC [96] supabase_admin@postgres LOG:  statement: GRANT ALL ON TABLE public.email_ledger_settings TO service_role;
172.17.0.1 2026-10-03 20:47:41.846 UTC [96] supabase_admin@postgres LOG:  statement: GRANT SELECT,INSERT,DELETE,UPDATE ON TABLE public.email_ledger_settings TO app_ledger;
172.17.0.1 2026-10-03 20:47:41.846 UTC [96] supabase_admin@postgres LOG:  statement: GRANT ALL ON TABLE public.email_opens TO anon;
172.17.0.1 2026-10-03 20:47:41.846 UTC [96] supabase_admin@postgres LOG:  statement: GRANT ALL ON TABLE public.email_opens TO authenticated;
172.17.0.1 2026-10-03 20:47:41.847 UTC [96] supabase_admin@postgres LOG:  statement: GRANT ALL ON TABLE public.email_opens TO service_role;
172.17.0.1 2026-10-03 20:47:41.847 UTC [96] supabase_admin@postgres LOG:  statement: GRANT ALL ON TABLE public.files TO anon;
172.17.0.1 2026-10-03 20:47:41.847 UTC [96] supabase_admin@postgres LOG:  statement: GRANT ALL ON TABLE public.files TO authenticated;
172.17.0.1 2026-10-03 20:47:41.847 UTC [96] supabase_admin@postgres LOG:  statement: GRANT ALL ON TABLE public.files TO service_role;
172.17.0.1 2026-10-03 20:47:41.847 UTC [96] supabase_admin@postgres LOG:  statement: GRANT SELECT,INSERT,DELETE,UPDATE ON TABLE public.files TO app_ledger;
172.17.0.1 2026-10-03 20:47:41.848 UTC [96] supabase_admin@postgres LOG:  statement: GRANT ALL ON TABLE public.fin_clients TO anon;
172.17.0.1 2026-10-03 20:47:41.848 UTC [96] supabase_admin@postgres LOG:  statement: GRANT ALL ON TABLE public.fin_clients TO authenticated;
172.17.0.1 2026-10-03 20:47:41.848 UTC [96] supabase_admin@postgres LOG:  statement: GRANT ALL ON TABLE public.fin_clients TO service_role;
172.17.0.1 2026-10-03 20:47:41.848 UTC [96] supabase_admin@postgres LOG:  statement: GRANT SELECT,INSERT,DELETE,UPDATE ON TABLE public.fin_clients TO app_ledger;
172.17.0.1 2026-10-03 20:47:41.848 UTC [96] supabase_admin@postgres LOG:  statement: GRANT SELECT ON TABLE public.fin_clients TO app_assistant_ro;
172.17.0.1 2026-10-03 20:47:41.848 UTC [96] supabase_admin@postgres LOG:  statement: GRANT ALL ON TABLE public.fin_dni_placeholder_null_bak TO anon;
172.17.0.1 2026-10-03 20:47:41.848 UTC [96] supabase_admin@postgres LOG:  statement: GRANT ALL ON TABLE public.fin_dni_placeholder_null_bak TO authenticated;
172.17.0.1 2026-10-03 20:47:41.849 UTC [96] supabase_admin@postgres LOG:  statement: GRANT ALL ON TABLE public.fin_dni_placeholder_null_bak TO service_role;
172.17.0.1 2026-10-03 20:47:41.849 UTC [96] supabase_admin@postgres LOG:  statement: GRANT ALL ON TABLE public.fin_dni_reassign_bak_cli TO anon;
172.17.0.1 2026-10-03 20:47:41.849 UTC [96] supabase_admin@postgres LOG:  statement: GRANT ALL ON TABLE public.fin_dni_reassign_bak_cli TO authenticated;
172.17.0.1 2026-10-03 20:47:41.849 UTC [96] supabase_admin@postgres LOG:  statement: GRANT ALL ON TABLE public.fin_dni_reassign_bak_cli TO service_role;
172.17.0.1 2026-10-03 20:47:41.849 UTC [96] supabase_admin@postgres LOG:  statement: GRANT ALL ON TABLE public.fin_dni_reassign_bak_inv TO anon;
172.17.0.1 2026-10-03 20:47:41.849 UTC [96] supabase_admin@postgres LOG:  statement: GRANT ALL ON TABLE public.fin_dni_reassign_bak_inv TO authenticated;
172.17.0.1 2026-10-03 20:47:41.849 UTC [96] supabase_admin@postgres LOG:  statement: GRANT ALL ON TABLE public.fin_dni_reassign_bak_inv TO service_role;
172.17.0.1 2026-10-03 20:47:41.850 UTC [96] supabase_admin@postgres LOG:  statement: GRANT ALL ON TABLE public.fin_invoice_items TO anon;
172.17.0.1 2026-10-03 20:47:41.850 UTC [96] supabase_admin@postgres LOG:  statement: GRANT ALL ON TABLE public.fin_invoice_items TO authenticated;
172.17.0.1 2026-10-03 20:47:41.850 UTC [96] supabase_admin@postgres LOG:  statement: GRANT ALL ON TABLE public.fin_invoice_items TO service_role;
172.17.0.1 2026-10-03 20:47:41.850 UTC [96] supabase_admin@postgres LOG:  statement: GRANT SELECT,INSERT,DELETE,UPDATE ON TABLE public.fin_invoice_items TO app_ledger;
172.17.0.1 2026-10-03 20:47:41.850 UTC [96] supabase_admin@postgres LOG:  statement: GRANT SELECT ON TABLE public.fin_invoice_items TO app_assistant_ro;
172.17.0.1 2026-10-03 20:47:41.851 UTC [96] supabase_admin@postgres LOG:  statement: GRANT ALL ON TABLE public.fin_invoices TO anon;
172.17.0.1 2026-10-03 20:47:41.851 UTC [96] supabase_admin@postgres LOG:  statement: GRANT ALL ON TABLE public.fin_invoices TO authenticated;
172.17.0.1 2026-10-03 20:47:41.851 UTC [96] supabase_admin@postgres LOG:  statement: GRANT ALL ON TABLE public.fin_invoices TO service_role;
172.17.0.1 2026-10-03 20:47:41.851 UTC [96] supabase_admin@postgres LOG:  statement: GRANT SELECT,INSERT,DELETE,UPDATE ON TABLE public.fin_invoices TO app_ledger;
172.17.0.1 2026-10-03 20:47:41.852 UTC [96] supabase_admin@postgres LOG:  statement: GRANT SELECT ON TABLE public.fin_invoices TO app_assistant_ro;
172.17.0.1 2026-10-03 20:47:41.852 UTC [96] supabase_admin@postgres LOG:  statement: GRANT ALL ON TABLE public.fin_payments TO anon;
172.17.0.1 2026-10-03 20:47:41.852 UTC [96] supabase_admin@postgres LOG:  statement: GRANT ALL ON TABLE public.fin_payments TO authenticated;
172.17.0.1 2026-10-03 20:47:41.853 UTC [96] supabase_admin@postgres LOG:  statement: GRANT ALL ON TABLE public.fin_payments TO service_role;
172.17.0.1 2026-10-03 20:47:41.853 UTC [96] supabase_admin@postgres LOG:  statement: GRANT SELECT,INSERT,DELETE,UPDATE ON TABLE public.fin_payments TO app_ledger;
172.17.0.1 2026-10-03 20:47:41.853 UTC [96] supabase_admin@postgres LOG:  statement: GRANT SELECT ON TABLE public.fin_payments TO app_assistant_ro;
172.17.0.1 2026-10-03 20:47:41.853 UTC [96] supabase_admin@postgres LOG:  statement: GRANT ALL ON TABLE public.fin_payments_method_bak_20260814 TO anon;
172.17.0.1 2026-10-03 20:47:41.854 UTC [96] supabase_admin@postgres LOG:  statement: GRANT ALL ON TABLE public.fin_payments_method_bak_20260814 TO authenticated;
172.17.0.1 2026-10-03 20:47:41.854 UTC [96] supabase_admin@postgres LOG:  statement: GRANT ALL ON TABLE public.fin_payments_method_bak_20260814 TO service_role;
172.17.0.1 2026-10-03 20:47:41.854 UTC [96] supabase_admin@postgres LOG:  statement: GRANT ALL ON TABLE public.fin_product_components TO anon;
172.17.0.1 2026-10-03 20:47:41.854 UTC [96] supabase_admin@postgres LOG:  statement: GRANT ALL ON TABLE public.fin_product_components TO authenticated;
172.17.0.1 2026-10-03 20:47:41.855 UTC [96] supabase_admin@postgres LOG:  statement: GRANT ALL ON TABLE public.fin_product_components TO service_role;
172.17.0.1 2026-10-03 20:47:41.855 UTC [96] supabase_admin@postgres LOG:  statement: GRANT SELECT,INSERT,DELETE,UPDATE ON TABLE public.fin_product_components TO app_ledger;
172.17.0.1 2026-10-03 20:47:41.855 UTC [96] supabase_admin@postgres LOG:  statement: GRANT ALL ON TABLE public.fin_products TO anon;
172.17.0.1 2026-10-03 20:47:41.855 UTC [96] supabase_admin@postgres LOG:  statement: GRANT ALL ON TABLE public.fin_products TO authenticated;
172.17.0.1 2026-10-03 20:47:41.855 UTC [96] supabase_admin@postgres LOG:  statement: GRANT ALL ON TABLE public.fin_products TO service_role;
172.17.0.1 2026-10-03 20:47:41.856 UTC [96] supabase_admin@postgres LOG:  statement: GRANT SELECT,INSERT,DELETE,UPDATE ON TABLE public.fin_products TO app_ledger;
172.17.0.1 2026-10-03 20:47:41.856 UTC [96] supabase_admin@postgres LOG:  statement: GRANT SELECT ON TABLE public.fin_products TO app_assistant_ro;
172.17.0.1 2026-10-03 20:47:41.856 UTC [96] supabase_admin@postgres LOG:  statement: GRANT ALL ON TABLE public.fin_products_bak_insumos2608 TO anon;
172.17.0.1 2026-10-03 20:47:41.856 UTC [96] supabase_admin@postgres LOG:  statement: GRANT ALL ON TABLE public.fin_products_bak_insumos2608 TO authenticated;
172.17.0.1 2026-10-03 20:47:41.857 UTC [96] supabase_admin@postgres LOG:  statement: GRANT ALL ON TABLE public.fin_products_bak_insumos2608 TO service_role;
172.17.0.1 2026-10-03 20:47:41.857 UTC [96] supabase_admin@postgres LOG:  statement: GRANT ALL ON TABLE public.fin_purchase_periods TO anon;
172.17.0.1 2026-10-03 20:47:41.857 UTC [96] supabase_admin@postgres LOG:  statement: GRANT ALL ON TABLE public.fin_purchase_periods TO authenticated;
172.17.0.1 2026-10-03 20:47:41.857 UTC [96] supabase_admin@postgres LOG:  statement: GRANT ALL ON TABLE public.fin_purchase_periods TO service_role;
172.17.0.1 2026-10-03 20:47:41.857 UTC [96] supabase_admin@postgres LOG:  statement: GRANT SELECT,INSERT,DELETE,UPDATE ON TABLE public.fin_purchase_periods TO app_ledger;
172.17.0.1 2026-10-03 20:47:41.858 UTC [96] supabase_admin@postgres LOG:  statement: GRANT ALL ON TABLE public.fin_purchases TO anon;
172.17.0.1 2026-10-03 20:47:41.858 UTC [96] supabase_admin@postgres LOG:  statement: GRANT ALL ON TABLE public.fin_purchases TO authenticated;
172.17.0.1 2026-10-03 20:47:41.858 UTC [96] supabase_admin@postgres LOG:  statement: GRANT ALL ON TABLE public.fin_purchases TO service_role;
172.17.0.1 2026-10-03 20:47:41.858 UTC [96] supabase_admin@postgres LOG:  statement: GRANT SELECT,INSERT,DELETE,UPDATE ON TABLE public.fin_purchases TO app_ledger;
172.17.0.1 2026-10-03 20:47:41.858 UTC [96] supabase_admin@postgres LOG:  statement: GRANT ALL ON TABLE public.fin_settings TO anon;
172.17.0.1 2026-10-03 20:47:41.859 UTC [96] supabase_admin@postgres LOG:  statement: GRANT ALL ON TABLE public.fin_settings TO authenticated;
172.17.0.1 2026-10-03 20:47:41.859 UTC [96] supabase_admin@postgres LOG:  statement: GRANT ALL ON TABLE public.fin_settings TO service_role;
172.17.0.1 2026-10-03 20:47:41.859 UTC [96] supabase_admin@postgres LOG:  statement: GRANT SELECT,INSERT,DELETE,UPDATE ON TABLE public.fin_settings TO app_ledger;
172.17.0.1 2026-10-03 20:47:41.859 UTC [96] supabase_admin@postgres LOG:  statement: GRANT ALL ON TABLE public.fin_sources TO anon;
172.17.0.1 2026-10-03 20:47:41.860 UTC [96] supabase_admin@postgres LOG:  statement: GRANT ALL ON TABLE public.fin_sources TO authenticated;
172.17.0.1 2026-10-03 20:47:41.860 UTC [96] supabase_admin@postgres LOG:  statement: GRANT ALL ON TABLE public.fin_sources TO service_role;
172.17.0.1 2026-10-03 20:47:41.860 UTC [96] supabase_admin@postgres LOG:  statement: GRANT SELECT,INSERT,DELETE,UPDATE ON TABLE public.fin_sources TO app_ledger;
172.17.0.1 2026-10-03 20:47:41.860 UTC [96] supabase_admin@postgres LOG:  statement: GRANT SELECT ON TABLE public.fin_sources TO app_assistant_ro;
172.17.0.1 2026-10-03 20:47:41.860 UTC [96] supabase_admin@postgres LOG:  statement: GRANT ALL ON TABLE public.fin_statement_imports TO anon;
172.17.0.1 2026-10-03 20:47:41.861 UTC [96] supabase_admin@postgres LOG:  statement: GRANT ALL ON TABLE public.fin_statement_imports TO authenticated;
172.17.0.1 2026-10-03 20:47:41.861 UTC [96] supabase_admin@postgres LOG:  statement: GRANT ALL ON TABLE public.fin_statement_imports TO service_role;
172.17.0.1 2026-10-03 20:47:41.861 UTC [96] supabase_admin@postgres LOG:  statement: GRANT SELECT,INSERT,DELETE,UPDATE ON TABLE public.fin_statement_imports TO app_ledger;
172.17.0.1 2026-10-03 20:47:41.861 UTC [96] supabase_admin@postgres LOG:  statement: GRANT ALL ON TABLE public.fin_sync_jobs TO anon;
172.17.0.1 2026-10-03 20:47:41.861 UTC [96] supabase_admin@postgres LOG:  statement: GRANT ALL ON TABLE public.fin_sync_jobs TO authenticated;
172.17.0.1 2026-10-03 20:47:41.862 UTC [96] supabase_admin@postgres LOG:  statement: GRANT ALL ON TABLE public.fin_sync_jobs TO service_role;
172.17.0.1 2026-10-03 20:47:41.862 UTC [96] supabase_admin@postgres LOG:  statement: GRANT SELECT,INSERT,DELETE,UPDATE ON TABLE public.fin_sync_jobs TO app_ledger;
172.17.0.1 2026-10-03 20:47:41.862 UTC [96] supabase_admin@postgres LOG:  statement: GRANT ALL ON TABLE public.fin_transactions TO anon;
172.17.0.1 2026-10-03 20:47:41.862 UTC [96] supabase_admin@postgres LOG:  statement: GRANT ALL ON TABLE public.fin_transactions TO authenticated;
172.17.0.1 2026-10-03 20:47:41.862 UTC [96] supabase_admin@postgres LOG:  statement: GRANT ALL ON TABLE public.fin_transactions TO service_role;
172.17.0.1 2026-10-03 20:47:41.863 UTC [96] supabase_admin@postgres LOG:  statement: GRANT SELECT,INSERT,DELETE,UPDATE ON TABLE public.fin_transactions TO app_ledger;
172.17.0.1 2026-10-03 20:47:41.863 UTC [96] supabase_admin@postgres LOG:  statement: GRANT ALL ON TABLE public.flow_groups TO anon;
172.17.0.1 2026-10-03 20:47:41.863 UTC [96] supabase_admin@postgres LOG:  statement: GRANT ALL ON TABLE public.flow_groups TO authenticated;
172.17.0.1 2026-10-03 20:47:41.863 UTC [96] supabase_admin@postgres LOG:  statement: GRANT ALL ON TABLE public.flow_groups TO service_role;
172.17.0.1 2026-10-03 20:47:41.864 UTC [96] supabase_admin@postgres LOG:  statement: GRANT SELECT,INSERT,DELETE,UPDATE ON TABLE public.flow_groups TO app_ledger;
172.17.0.1 2026-10-03 20:47:41.864 UTC [96] supabase_admin@postgres LOG:  statement: GRANT ALL ON TABLE public.flow_groups_backup_20260604 TO anon;
172.17.0.1 2026-10-03 20:47:41.864 UTC [96] supabase_admin@postgres LOG:  statement: GRANT ALL ON TABLE public.flow_groups_backup_20260604 TO authenticated;
172.17.0.1 2026-10-03 20:47:41.864 UTC [96] supabase_admin@postgres LOG:  statement: GRANT ALL ON TABLE public.flow_groups_backup_20260604 TO service_role;
172.17.0.1 2026-10-03 20:47:41.864 UTC [96] supabase_admin@postgres LOG:  statement: GRANT ALL ON TABLE public.flow_runs TO anon;
172.17.0.1 2026-10-03 20:47:41.864 UTC [96] supabase_admin@postgres LOG:  statement: GRANT ALL ON TABLE public.flow_runs TO authenticated;
172.17.0.1 2026-10-03 20:47:41.864 UTC [96] supabase_admin@postgres LOG:  statement: GRANT ALL ON TABLE public.flow_runs TO service_role;
172.17.0.1 2026-10-03 20:47:41.865 UTC [96] supabase_admin@postgres LOG:  statement: GRANT SELECT,INSERT,DELETE,UPDATE ON TABLE public.flow_runs TO app_ledger;
172.17.0.1 2026-10-03 20:47:41.865 UTC [96] supabase_admin@postgres LOG:  statement: GRANT ALL ON TABLE public.flow_var_exports TO anon;
172.17.0.1 2026-10-03 20:47:41.865 UTC [96] supabase_admin@postgres LOG:  statement: GRANT ALL ON TABLE public.flow_var_exports TO authenticated;
172.17.0.1 2026-10-03 20:47:41.865 UTC [96] supabase_admin@postgres LOG:  statement: GRANT ALL ON TABLE public.flow_var_exports TO service_role;
172.17.0.1 2026-10-03 20:47:41.865 UTC [96] supabase_admin@postgres LOG:  statement: GRANT SELECT,INSERT,DELETE,UPDATE ON TABLE public.flow_var_exports TO app_ledger;
172.17.0.1 2026-10-03 20:47:41.865 UTC [96] supabase_admin@postgres LOG:  statement: GRANT ALL ON TABLE public.flows TO anon;
172.17.0.1 2026-10-03 20:47:41.866 UTC [96] supabase_admin@postgres LOG:  statement: GRANT ALL ON TABLE public.flows TO authenticated;
172.17.0.1 2026-10-03 20:47:41.866 UTC [96] supabase_admin@postgres LOG:  statement: GRANT ALL ON TABLE public.flows TO service_role;
172.17.0.1 2026-10-03 20:47:41.866 UTC [96] supabase_admin@postgres LOG:  statement: GRANT SELECT,INSERT,DELETE,UPDATE ON TABLE public.flows TO app_ledger;
172.17.0.1 2026-10-03 20:47:41.866 UTC [96] supabase_admin@postgres LOG:  statement: GRANT ALL ON TABLE public.flows_backup_20260604 TO anon;
172.17.0.1 2026-10-03 20:47:41.866 UTC [96] supabase_admin@postgres LOG:  statement: GRANT ALL ON TABLE public.flows_backup_20260604 TO authenticated;
172.17.0.1 2026-10-03 20:47:41.866 UTC [96] supabase_admin@postgres LOG:  statement: GRANT ALL ON TABLE public.flows_backup_20260604 TO service_role;
172.17.0.1 2026-10-03 20:47:41.866 UTC [96] supabase_admin@postgres LOG:  statement: GRANT ALL ON TABLE public.flows_backup_20260605_triage TO anon;
172.17.0.1 2026-10-03 20:47:41.867 UTC [96] supabase_admin@postgres LOG:  statement: GRANT ALL ON TABLE public.flows_backup_20260605_triage TO authenticated;
172.17.0.1 2026-10-03 20:47:41.867 UTC [96] supabase_admin@postgres LOG:  statement: GRANT ALL ON TABLE public.flows_backup_20260605_triage TO service_role;
172.17.0.1 2026-10-03 20:47:41.867 UTC [96] supabase_admin@postgres LOG:  statement: GRANT ALL ON TABLE public.gateway TO anon;
172.17.0.1 2026-10-03 20:47:41.867 UTC [96] supabase_admin@postgres LOG:  statement: GRANT ALL ON TABLE public.gateway TO authenticated;
172.17.0.1 2026-10-03 20:47:41.867 UTC [96] supabase_admin@postgres LOG:  statement: GRANT ALL ON TABLE public.gateway TO service_role;
172.17.0.1 2026-10-03 20:47:41.868 UTC [96] supabase_admin@postgres LOG:  statement: GRANT ALL ON TABLE public.gateway_lease TO anon;
172.17.0.1 2026-10-03 20:47:41.868 UTC [96] supabase_admin@postgres LOG:  statement: GRANT ALL ON TABLE public.gateway_lease TO authenticated;
172.17.0.1 2026-10-03 20:47:41.868 UTC [96] supabase_admin@postgres LOG:  statement: GRANT ALL ON TABLE public.gateway_lease TO service_role;
172.17.0.1 2026-10-03 20:47:41.868 UTC [96] supabase_admin@postgres LOG:  statement: GRANT ALL ON TABLE public.gateway_signing_keys TO anon;
172.17.0.1 2026-10-03 20:47:41.868 UTC [96] supabase_admin@postgres LOG:  statement: GRANT ALL ON TABLE public.gateway_signing_keys TO authenticated;
172.17.0.1 2026-10-03 20:47:41.868 UTC [96] supabase_admin@postgres LOG:  statement: GRANT ALL ON TABLE public.gateway_signing_keys TO service_role;
172.17.0.1 2026-10-03 20:47:41.868 UTC [96] supabase_admin@postgres LOG:  statement: GRANT ALL ON TABLE public.hr_employees TO anon;
172.17.0.1 2026-10-03 20:47:41.869 UTC [96] supabase_admin@postgres LOG:  statement: GRANT ALL ON TABLE public.hr_employees TO authenticated;
172.17.0.1 2026-10-03 20:47:41.869 UTC [96] supabase_admin@postgres LOG:  statement: GRANT ALL ON TABLE public.hr_employees TO service_role;
172.17.0.1 2026-10-03 20:47:41.869 UTC [96] supabase_admin@postgres LOG:  statement: GRANT SELECT,INSERT,DELETE,UPDATE ON TABLE public.hr_employees TO app_ledger;
172.17.0.1 2026-10-03 20:47:41.869 UTC [96] supabase_admin@postgres LOG:  statement: GRANT ALL ON TABLE public.hr_holidays TO anon;
172.17.0.1 2026-10-03 20:47:41.869 UTC [96] supabase_admin@postgres LOG:  statement: GRANT ALL ON TABLE public.hr_holidays TO authenticated;
172.17.0.1 2026-10-03 20:47:41.869 UTC [96] supabase_admin@postgres LOG:  statement: GRANT ALL ON TABLE public.hr_holidays TO service_role;
172.17.0.1 2026-10-03 20:47:41.869 UTC [96] supabase_admin@postgres LOG:  statement: GRANT SELECT,INSERT,DELETE,UPDATE ON TABLE public.hr_holidays TO app_ledger;
172.17.0.1 2026-10-03 20:47:41.870 UTC [96] supabase_admin@postgres LOG:  statement: GRANT ALL ON TABLE public.hr_leave_allocations TO anon;
172.17.0.1 2026-10-03 20:47:41.870 UTC [96] supabase_admin@postgres LOG:  statement: GRANT ALL ON TABLE public.hr_leave_allocations TO authenticated;
172.17.0.1 2026-10-03 20:47:41.870 UTC [96] supabase_admin@postgres LOG:  statement: GRANT ALL ON TABLE public.hr_leave_allocations TO service_role;
172.17.0.1 2026-10-03 20:47:41.870 UTC [96] supabase_admin@postgres LOG:  statement: GRANT SELECT,INSERT,DELETE,UPDATE ON TABLE public.hr_leave_allocations TO app_ledger;
172.17.0.1 2026-10-03 20:47:41.870 UTC [96] supabase_admin@postgres LOG:  statement: GRANT ALL ON TABLE public.hr_leave_requests TO anon;
172.17.0.1 2026-10-03 20:47:41.871 UTC [96] supabase_admin@postgres LOG:  statement: GRANT ALL ON TABLE public.hr_leave_requests TO authenticated;
172.17.0.1 2026-10-03 20:47:41.871 UTC [96] supabase_admin@postgres LOG:  statement: GRANT ALL ON TABLE public.hr_leave_requests TO service_role;
172.17.0.1 2026-10-03 20:47:41.871 UTC [96] supabase_admin@postgres LOG:  statement: GRANT SELECT,INSERT,DELETE,UPDATE ON TABLE public.hr_leave_requests TO app_ledger;
172.17.0.1 2026-10-03 20:47:41.871 UTC [96] supabase_admin@postgres LOG:  statement: GRANT ALL ON TABLE public.hr_leave_types TO anon;
172.17.0.1 2026-10-03 20:47:41.871 UTC [96] supabase_admin@postgres LOG:  statement: GRANT ALL ON TABLE public.hr_leave_types TO authenticated;
172.17.0.1 2026-10-03 20:47:41.871 UTC [96] supabase_admin@postgres LOG:  statement: GRANT ALL ON TABLE public.hr_leave_types TO service_role;
172.17.0.1 2026-10-03 20:47:41.871 UTC [96] supabase_admin@postgres LOG:  statement: GRANT SELECT,INSERT,DELETE,UPDATE ON TABLE public.hr_leave_types TO app_ledger;
172.17.0.1 2026-10-03 20:47:41.872 UTC [96] supabase_admin@postgres LOG:  statement: GRANT ALL ON TABLE public.hr_settings TO anon;
172.17.0.1 2026-10-03 20:47:41.872 UTC [96] supabase_admin@postgres LOG:  statement: GRANT ALL ON TABLE public.hr_settings TO authenticated;
172.17.0.1 2026-10-03 20:47:41.872 UTC [96] supabase_admin@postgres LOG:  statement: GRANT ALL ON TABLE public.hr_settings TO service_role;
172.17.0.1 2026-10-03 20:47:41.872 UTC [96] supabase_admin@postgres LOG:  statement: GRANT SELECT,INSERT,DELETE,UPDATE ON TABLE public.hr_settings TO app_ledger;
172.17.0.1 2026-10-03 20:47:41.872 UTC [96] supabase_admin@postgres LOG:  statement: GRANT ALL ON TABLE public.hub_migrations TO anon;
172.17.0.1 2026-10-03 20:47:41.872 UTC [96] supabase_admin@postgres LOG:  statement: GRANT ALL ON TABLE public.hub_migrations TO authenticated;
172.17.0.1 2026-10-03 20:47:41.872 UTC [96] supabase_admin@postgres LOG:  statement: GRANT ALL ON TABLE public.hub_migrations TO service_role;
172.17.0.1 2026-10-03 20:47:41.873 UTC [96] supabase_admin@postgres LOG:  statement: GRANT ALL ON TABLE public.identity_subscriptions TO anon;
172.17.0.1 2026-10-03 20:47:41.873 UTC [96] supabase_admin@postgres LOG:  statement: GRANT ALL ON TABLE public.identity_subscriptions TO authenticated;
172.17.0.1 2026-10-03 20:47:41.873 UTC [96] supabase_admin@postgres LOG:  statement: GRANT ALL ON TABLE public.identity_subscriptions TO service_role;
172.17.0.1 2026-10-03 20:47:41.873 UTC [96] supabase_admin@postgres LOG:  statement: GRANT ALL ON TABLE public.job_effect_batches TO service_role;
172.17.0.1 2026-10-03 20:47:41.873 UTC [96] supabase_admin@postgres LOG:  statement: GRANT SELECT,INSERT,UPDATE ON TABLE public.job_effect_batches TO app_ledger;
172.17.0.1 2026-10-03 20:47:41.874 UTC [96] supabase_admin@postgres LOG:  statement: GRANT ALL ON TABLE public.job_effect_pages TO service_role;
172.17.0.1 2026-10-03 20:47:41.874 UTC [96] supabase_admin@postgres LOG:  statement: GRANT SELECT,INSERT,UPDATE ON TABLE public.job_effect_pages TO app_ledger;
172.17.0.1 2026-10-03 20:47:41.874 UTC [96] supabase_admin@postgres LOG:  statement: GRANT ALL ON TABLE public.job_effect_units TO service_role;
172.17.0.1 2026-10-03 20:47:41.874 UTC [96] supabase_admin@postgres LOG:  statement: GRANT SELECT,INSERT,UPDATE ON TABLE public.job_effect_units TO app_ledger;
172.17.0.1 2026-10-03 20:47:41.874 UTC [96] supabase_admin@postgres LOG:  statement: GRANT ALL ON TABLE public.job_effects TO service_role;
172.17.0.1 2026-10-03 20:47:41.875 UTC [96] supabase_admin@postgres LOG:  statement: GRANT SELECT,INSERT,UPDATE ON TABLE public.job_effects TO app_ledger;
172.17.0.1 2026-10-03 20:47:41.875 UTC [96] supabase_admin@postgres LOG:  statement: GRANT ALL ON TABLE public.join_link TO anon;
172.17.0.1 2026-10-03 20:47:41.875 UTC [96] supabase_admin@postgres LOG:  statement: GRANT ALL ON TABLE public.join_link TO authenticated;
172.17.0.1 2026-10-03 20:47:41.875 UTC [96] supabase_admin@postgres LOG:  statement: GRANT ALL ON TABLE public.join_link TO service_role;
172.17.0.1 2026-10-03 20:47:41.875 UTC [96] supabase_admin@postgres LOG:  statement: GRANT ALL ON TABLE public.join_request TO anon;
172.17.0.1 2026-10-03 20:47:41.876 UTC [96] supabase_admin@postgres LOG:  statement: GRANT ALL ON TABLE public.join_request TO authenticated;
172.17.0.1 2026-10-03 20:47:41.876 UTC [96] supabase_admin@postgres LOG:  statement: GRANT ALL ON TABLE public.join_request TO service_role;
172.17.0.1 2026-10-03 20:47:41.876 UTC [96] supabase_admin@postgres LOG:  statement: GRANT ALL ON TABLE public.knowledge_chunks TO anon;
172.17.0.1 2026-10-03 20:47:41.876 UTC [96] supabase_admin@postgres LOG:  statement: GRANT ALL ON TABLE public.knowledge_chunks TO authenticated;
172.17.0.1 2026-10-03 20:47:41.876 UTC [96] supabase_admin@postgres LOG:  statement: GRANT ALL ON TABLE public.knowledge_chunks TO service_role;
172.17.0.1 2026-10-03 20:47:41.877 UTC [96] supabase_admin@postgres LOG:  statement: GRANT SELECT,INSERT,DELETE,UPDATE ON TABLE public.knowledge_chunks TO app_ledger;
172.17.0.1 2026-10-03 20:47:41.877 UTC [96] supabase_admin@postgres LOG:  statement: GRANT ALL ON TABLE public.knowledge_documents TO anon;
172.17.0.1 2026-10-03 20:47:41.877 UTC [96] supabase_admin@postgres LOG:  statement: GRANT ALL ON TABLE public.knowledge_documents TO authenticated;
172.17.0.1 2026-10-03 20:47:41.877 UTC [96] supabase_admin@postgres LOG:  statement: GRANT ALL ON TABLE public.knowledge_documents TO service_role;
172.17.0.1 2026-10-03 20:47:41.877 UTC [96] supabase_admin@postgres LOG:  statement: GRANT SELECT,INSERT,DELETE,UPDATE ON TABLE public.knowledge_documents TO app_ledger;
172.17.0.1 2026-10-03 20:47:41.877 UTC [96] supabase_admin@postgres LOG:  statement: GRANT ALL ON TABLE public.knowledge_sources TO anon;
172.17.0.1 2026-10-03 20:47:41.878 UTC [96] supabase_admin@postgres LOG:  statement: GRANT ALL ON TABLE public.knowledge_sources TO authenticated;
172.17.0.1 2026-10-03 20:47:41.878 UTC [96] supabase_admin@postgres LOG:  statement: GRANT ALL ON TABLE public.knowledge_sources TO service_role;
172.17.0.1 2026-10-03 20:47:41.878 UTC [96] supabase_admin@postgres LOG:  statement: GRANT SELECT,INSERT,DELETE,UPDATE ON TABLE public.knowledge_sources TO app_ledger;
172.17.0.1 2026-10-03 20:47:41.878 UTC [96] supabase_admin@postgres LOG:  statement: GRANT ALL ON TABLE public.marketplace_agents TO anon;
172.17.0.1 2026-10-03 20:47:41.878 UTC [96] supabase_admin@postgres LOG:  statement: GRANT ALL ON TABLE public.marketplace_agents TO authenticated;
172.17.0.1 2026-10-03 20:47:41.879 UTC [96] supabase_admin@postgres LOG:  statement: GRANT ALL ON TABLE public.marketplace_agents TO service_role;
172.17.0.1 2026-10-03 20:47:41.879 UTC [96] supabase_admin@postgres LOG:  statement: GRANT ALL ON TABLE public.marketplace_installs TO anon;
172.17.0.1 2026-10-03 20:47:41.879 UTC [96] supabase_admin@postgres LOG:  statement: GRANT ALL ON TABLE public.marketplace_installs TO authenticated;
172.17.0.1 2026-10-03 20:47:41.879 UTC [96] supabase_admin@postgres LOG:  statement: GRANT ALL ON TABLE public.marketplace_installs TO service_role;
172.17.0.1 2026-10-03 20:47:41.879 UTC [96] supabase_admin@postgres LOG:  statement: GRANT SELECT,INSERT,DELETE,UPDATE ON TABLE public.marketplace_installs TO app_ledger;
172.17.0.1 2026-10-03 20:47:41.880 UTC [96] supabase_admin@postgres LOG:  statement: GRANT ALL ON TABLE public.member_roles TO anon;
172.17.0.1 2026-10-03 20:47:41.880 UTC [96] supabase_admin@postgres LOG:  statement: GRANT ALL ON TABLE public.member_roles TO authenticated;
172.17.0.1 2026-10-03 20:47:41.880 UTC [96] supabase_admin@postgres LOG:  statement: GRANT ALL ON TABLE public.member_roles TO service_role;
172.17.0.1 2026-10-03 20:47:41.880 UTC [96] supabase_admin@postgres LOG:  statement: GRANT SELECT,INSERT,DELETE,UPDATE ON TABLE public.member_roles TO app_ledger;
172.17.0.1 2026-10-03 20:47:41.880 UTC [96] supabase_admin@postgres LOG:  statement: GRANT ALL ON TABLE public.membership_cycles TO anon;
172.17.0.1 2026-10-03 20:47:41.880 UTC [96] supabase_admin@postgres LOG:  statement: GRANT ALL ON TABLE public.membership_cycles TO authenticated;
172.17.0.1 2026-10-03 20:47:41.881 UTC [96] supabase_admin@postgres LOG:  statement: GRANT ALL ON TABLE public.membership_cycles TO service_role;
172.17.0.1 2026-10-03 20:47:41.881 UTC [96] supabase_admin@postgres LOG:  statement: GRANT SELECT,INSERT,DELETE,UPDATE ON TABLE public.membership_cycles TO app_ledger;
172.17.0.1 2026-10-03 20:47:41.881 UTC [96] supabase_admin@postgres LOG:  statement: GRANT SELECT ON TABLE public.membership_cycles TO app_assistant_ro;
172.17.0.1 2026-10-03 20:47:41.882 UTC [96] supabase_admin@postgres LOG:  statement: GRANT ALL ON TABLE public.membership_plans TO anon;
172.17.0.1 2026-10-03 20:47:41.882 UTC [96] supabase_admin@postgres LOG:  statement: GRANT ALL ON TABLE public.membership_plans TO authenticated;
172.17.0.1 2026-10-03 20:47:41.882 UTC [96] supabase_admin@postgres LOG:  statement: GRANT ALL ON TABLE public.membership_plans TO service_role;
172.17.0.1 2026-10-03 20:47:41.882 UTC [96] supabase_admin@postgres LOG:  statement: GRANT SELECT,INSERT,DELETE,UPDATE ON TABLE public.membership_plans TO app_ledger;
172.17.0.1 2026-10-03 20:47:41.882 UTC [96] supabase_admin@postgres LOG:  statement: GRANT SELECT ON TABLE public.membership_plans TO app_assistant_ro;
172.17.0.1 2026-10-03 20:47:41.883 UTC [96] supabase_admin@postgres LOG:  statement: GRANT ALL ON TABLE public.memberships TO anon;
172.17.0.1 2026-10-03 20:47:41.883 UTC [96] supabase_admin@postgres LOG:  statement: GRANT ALL ON TABLE public.memberships TO authenticated;
172.17.0.1 2026-10-03 20:47:41.883 UTC [96] supabase_admin@postgres LOG:  statement: GRANT ALL ON TABLE public.memberships TO service_role;
172.17.0.1 2026-10-03 20:47:41.884 UTC [96] supabase_admin@postgres LOG:  statement: GRANT SELECT,INSERT,DELETE,UPDATE ON TABLE public.memberships TO app_ledger;
172.17.0.1 2026-10-03 20:47:41.884 UTC [96] supabase_admin@postgres LOG:  statement: GRANT SELECT ON TABLE public.memberships TO app_assistant_ro;
172.17.0.1 2026-10-03 20:47:41.884 UTC [96] supabase_admin@postgres LOG:  statement: GRANT ALL ON TABLE public.meta_ad_insights TO anon;
172.17.0.1 2026-10-03 20:47:41.884 UTC [96] supabase_admin@postgres LOG:  statement: GRANT ALL ON TABLE public.meta_ad_insights TO authenticated;
172.17.0.1 2026-10-03 20:47:41.885 UTC [96] supabase_admin@postgres LOG:  statement: GRANT ALL ON TABLE public.meta_ad_insights TO service_role;
172.17.0.1 2026-10-03 20:47:41.885 UTC [96] supabase_admin@postgres LOG:  statement: GRANT SELECT,INSERT,DELETE,UPDATE ON TABLE public.meta_ad_insights TO app_ledger;
172.17.0.1 2026-10-03 20:47:41.886 UTC [96] supabase_admin@postgres LOG:  statement: GRANT ALL ON TABLE public.meta_ad_posts TO anon;
172.17.0.1 2026-10-03 20:47:41.886 UTC [96] supabase_admin@postgres LOG:  statement: GRANT ALL ON TABLE public.meta_ad_posts TO authenticated;
172.17.0.1 2026-10-03 20:47:41.886 UTC [96] supabase_admin@postgres LOG:  statement: GRANT ALL ON TABLE public.meta_ad_posts TO service_role;
172.17.0.1 2026-10-03 20:47:41.886 UTC [96] supabase_admin@postgres LOG:  statement: GRANT SELECT,INSERT,DELETE,UPDATE ON TABLE public.meta_ad_posts TO app_ledger;
172.17.0.1 2026-10-03 20:47:41.888 UTC [96] supabase_admin@postgres LOG:  statement: GRANT ALL ON TABLE public.meta_assets TO anon;
172.17.0.1 2026-10-03 20:47:41.888 UTC [96] supabase_admin@postgres LOG:  statement: GRANT ALL ON TABLE public.meta_assets TO authenticated;
172.17.0.1 2026-10-03 20:47:41.888 UTC [96] supabase_admin@postgres LOG:  statement: GRANT ALL ON TABLE public.meta_assets TO service_role;
172.17.0.1 2026-10-03 20:47:41.888 UTC [96] supabase_admin@postgres LOG:  statement: GRANT SELECT,INSERT,DELETE,UPDATE ON TABLE public.meta_assets TO app_ledger;
172.17.0.1 2026-10-03 20:47:41.888 UTC [96] supabase_admin@postgres LOG:  statement: GRANT ALL ON TABLE public.meta_connections TO anon;
172.17.0.1 2026-10-03 20:47:41.889 UTC [96] supabase_admin@postgres LOG:  statement: GRANT ALL ON TABLE public.meta_connections TO authenticated;
172.17.0.1 2026-10-03 20:47:41.889 UTC [96] supabase_admin@postgres LOG:  statement: GRANT ALL ON TABLE public.meta_connections TO service_role;
172.17.0.1 2026-10-03 20:47:41.889 UTC [96] supabase_admin@postgres LOG:  statement: GRANT SELECT,INSERT,DELETE,UPDATE ON TABLE public.meta_connections TO app_ledger;
172.17.0.1 2026-10-03 20:47:41.889 UTC [96] supabase_admin@postgres LOG:  statement: GRANT ALL ON TABLE public.meta_lead_attribution TO anon;
172.17.0.1 2026-10-03 20:47:41.889 UTC [96] supabase_admin@postgres LOG:  statement: GRANT ALL ON TABLE public.meta_lead_attribution TO authenticated;
172.17.0.1 2026-10-03 20:47:41.890 UTC [96] supabase_admin@postgres LOG:  statement: GRANT ALL ON TABLE public.meta_lead_attribution TO service_role;
172.17.0.1 2026-10-03 20:47:41.890 UTC [96] supabase_admin@postgres LOG:  statement: GRANT SELECT,INSERT,DELETE,UPDATE ON TABLE public.meta_lead_attribution TO app_ledger;
172.17.0.1 2026-10-03 20:47:41.890 UTC [96] supabase_admin@postgres LOG:  statement: GRANT ALL ON TABLE public.meta_post_insights TO anon;
172.17.0.1 2026-10-03 20:47:41.890 UTC [96] supabase_admin@postgres LOG:  statement: GRANT ALL ON TABLE public.meta_post_insights TO authenticated;
172.17.0.1 2026-10-03 20:47:41.890 UTC [96] supabase_admin@postgres LOG:  statement: GRANT ALL ON TABLE public.meta_post_insights TO service_role;
172.17.0.1 2026-10-03 20:47:41.891 UTC [96] supabase_admin@postgres LOG:  statement: GRANT SELECT,INSERT,DELETE,UPDATE ON TABLE public.meta_post_insights TO app_ledger;
172.17.0.1 2026-10-03 20:47:41.891 UTC [96] supabase_admin@postgres LOG:  statement: GRANT ALL ON TABLE public.meta_post_media TO anon;
172.17.0.1 2026-10-03 20:47:41.891 UTC [96] supabase_admin@postgres LOG:  statement: GRANT ALL ON TABLE public.meta_post_media TO authenticated;
172.17.0.1 2026-10-03 20:47:41.891 UTC [96] supabase_admin@postgres LOG:  statement: GRANT ALL ON TABLE public.meta_post_media TO service_role;
172.17.0.1 2026-10-03 20:47:41.891 UTC [96] supabase_admin@postgres LOG:  statement: GRANT SELECT,INSERT,DELETE,UPDATE ON TABLE public.meta_post_media TO app_ledger;
172.17.0.1 2026-10-03 20:47:41.891 UTC [96] supabase_admin@postgres LOG:  statement: GRANT ALL ON TABLE public.meta_sync_jobs TO anon;
172.17.0.1 2026-10-03 20:47:41.892 UTC [96] supabase_admin@postgres LOG:  statement: GRANT ALL ON TABLE public.meta_sync_jobs TO authenticated;
172.17.0.1 2026-10-03 20:47:41.892 UTC [96] supabase_admin@postgres LOG:  statement: GRANT ALL ON TABLE public.meta_sync_jobs TO service_role;
172.17.0.1 2026-10-03 20:47:41.892 UTC [96] supabase_admin@postgres LOG:  statement: GRANT SELECT,INSERT,DELETE,UPDATE ON TABLE public.meta_sync_jobs TO app_ledger;
172.17.0.1 2026-10-03 20:47:41.892 UTC [96] supabase_admin@postgres LOG:  statement: GRANT ALL ON TABLE public.missions TO anon;
172.17.0.1 2026-10-03 20:47:41.892 UTC [96] supabase_admin@postgres LOG:  statement: GRANT ALL ON TABLE public.missions TO authenticated;
172.17.0.1 2026-10-03 20:47:41.893 UTC [96] supabase_admin@postgres LOG:  statement: GRANT ALL ON TABLE public.missions TO service_role;
172.17.0.1 2026-10-03 20:47:41.893 UTC [96] supabase_admin@postgres LOG:  statement: GRANT SELECT,INSERT,DELETE,UPDATE ON TABLE public.missions TO app_ledger;
172.17.0.1 2026-10-03 20:47:41.893 UTC [96] supabase_admin@postgres LOG:  statement: GRANT ALL ON TABLE public.naming_series_counters TO anon;
172.17.0.1 2026-10-03 20:47:41.893 UTC [96] supabase_admin@postgres LOG:  statement: GRANT ALL ON TABLE public.naming_series_counters TO authenticated;
172.17.0.1 2026-10-03 20:47:41.894 UTC [96] supabase_admin@postgres LOG:  statement: GRANT ALL ON TABLE public.naming_series_counters TO service_role;
172.17.0.1 2026-10-03 20:47:41.894 UTC [96] supabase_admin@postgres LOG:  statement: GRANT SELECT,INSERT,UPDATE ON TABLE public.naming_series_counters TO app_ledger;
172.17.0.1 2026-10-03 20:47:41.894 UTC [96] supabase_admin@postgres LOG:  statement: GRANT ALL ON TABLE public.notes TO anon;
172.17.0.1 2026-10-03 20:47:41.894 UTC [96] supabase_admin@postgres LOG:  statement: GRANT ALL ON TABLE public.notes TO authenticated;
172.17.0.1 2026-10-03 20:47:41.894 UTC [96] supabase_admin@postgres LOG:  statement: GRANT ALL ON TABLE public.notes TO service_role;
172.17.0.1 2026-10-03 20:47:41.894 UTC [96] supabase_admin@postgres LOG:  statement: GRANT ALL ON TABLE public.notif_log TO anon;
172.17.0.1 2026-10-03 20:47:41.894 UTC [96] supabase_admin@postgres LOG:  statement: GRANT ALL ON TABLE public.notif_log TO authenticated;
172.17.0.1 2026-10-03 20:47:41.895 UTC [96] supabase_admin@postgres LOG:  statement: GRANT ALL ON TABLE public.notif_log TO service_role;
172.17.0.1 2026-10-03 20:47:41.895 UTC [96] supabase_admin@postgres LOG:  statement: GRANT SELECT,INSERT ON TABLE public.notif_log TO app_ledger;
172.17.0.1 2026-10-03 20:47:41.895 UTC [96] supabase_admin@postgres LOG:  statement: GRANT SELECT ON TABLE public.notif_log TO app_assistant_ro;
172.17.0.1 2026-10-03 20:47:41.895 UTC [96] supabase_admin@postgres LOG:  statement: GRANT ALL ON TABLE public.notif_rules TO anon;
172.17.0.1 2026-10-03 20:47:41.895 UTC [96] supabase_admin@postgres LOG:  statement: GRANT ALL ON TABLE public.notif_rules TO authenticated;
172.17.0.1 2026-10-03 20:47:41.895 UTC [96] supabase_admin@postgres LOG:  statement: GRANT ALL ON TABLE public.notif_rules TO service_role;
172.17.0.1 2026-10-03 20:47:41.896 UTC [96] supabase_admin@postgres LOG:  statement: GRANT SELECT,INSERT,DELETE,UPDATE ON TABLE public.notif_rules TO app_ledger;
172.17.0.1 2026-10-03 20:47:41.896 UTC [96] supabase_admin@postgres LOG:  statement: GRANT ALL ON TABLE public.org_areas TO anon;
172.17.0.1 2026-10-03 20:47:41.896 UTC [96] supabase_admin@postgres LOG:  statement: GRANT ALL ON TABLE public.org_areas TO authenticated;
172.17.0.1 2026-10-03 20:47:41.896 UTC [96] supabase_admin@postgres LOG:  statement: GRANT ALL ON TABLE public.org_areas TO service_role;
172.17.0.1 2026-10-03 20:47:41.896 UTC [96] supabase_admin@postgres LOG:  statement: GRANT SELECT ON TABLE public.org_areas TO app_ledger;
172.17.0.1 2026-10-03 20:47:41.897 UTC [96] supabase_admin@postgres LOG:  statement: GRANT ALL ON TABLE public.org_provision_runs TO anon;
172.17.0.1 2026-10-03 20:47:41.897 UTC [96] supabase_admin@postgres LOG:  statement: GRANT ALL ON TABLE public.org_provision_runs TO authenticated;
172.17.0.1 2026-10-03 20:47:41.897 UTC [96] supabase_admin@postgres LOG:  statement: GRANT ALL ON TABLE public.org_provision_runs TO service_role;
172.17.0.1 2026-10-03 20:47:41.897 UTC [96] supabase_admin@postgres LOG:  statement: GRANT ALL ON TABLE public.org_roles TO anon;
172.17.0.1 2026-10-03 20:47:41.898 UTC [96] supabase_admin@postgres LOG:  statement: GRANT ALL ON TABLE public.org_roles TO authenticated;
172.17.0.1 2026-10-03 20:47:41.898 UTC [96] supabase_admin@postgres LOG:  statement: GRANT ALL ON TABLE public.org_roles TO service_role;
172.17.0.1 2026-10-03 20:47:41.898 UTC [96] supabase_admin@postgres LOG:  statement: GRANT SELECT,INSERT,DELETE,UPDATE ON TABLE public.org_roles TO app_ledger;
172.17.0.1 2026-10-03 20:47:41.899 UTC [96] supabase_admin@postgres LOG:  statement: GRANT ALL ON TABLE public.organization_members TO anon;
172.17.0.1 2026-10-03 20:47:41.899 UTC [96] supabase_admin@postgres LOG:  statement: GRANT ALL ON TABLE public.organization_members TO authenticated;
172.17.0.1 2026-10-03 20:47:41.899 UTC [96] supabase_admin@postgres LOG:  statement: GRANT ALL ON TABLE public.organization_members TO service_role;
172.17.0.1 2026-10-03 20:47:41.899 UTC [96] supabase_admin@postgres LOG:  statement: GRANT SELECT ON TABLE public.organization_members TO app_ledger;
172.17.0.1 2026-10-03 20:47:41.900 UTC [96] supabase_admin@postgres LOG:  statement: GRANT ALL ON TABLE public.organizations TO anon;
172.17.0.1 2026-10-03 20:47:41.900 UTC [96] supabase_admin@postgres LOG:  statement: GRANT ALL ON TABLE public.organizations TO authenticated;
172.17.0.1 2026-10-03 20:47:41.900 UTC [96] supabase_admin@postgres LOG:  statement: GRANT ALL ON TABLE public.organizations TO service_role;
172.17.0.1 2026-10-03 20:47:41.901 UTC [96] supabase_admin@postgres LOG:  statement: GRANT ALL ON TABLE public.parties TO anon;
172.17.0.1 2026-10-03 20:47:41.901 UTC [96] supabase_admin@postgres LOG:  statement: GRANT ALL ON TABLE public.parties TO authenticated;
172.17.0.1 2026-10-03 20:47:41.901 UTC [96] supabase_admin@postgres LOG:  statement: GRANT ALL ON TABLE public.parties TO service_role;
172.17.0.1 2026-10-03 20:47:41.901 UTC [96] supabase_admin@postgres LOG:  statement: GRANT SELECT,INSERT,DELETE,UPDATE ON TABLE public.parties TO app_ledger;
172.17.0.1 2026-10-03 20:47:41.901 UTC [96] supabase_admin@postgres LOG:  statement: GRANT SELECT ON TABLE public.parties TO app_assistant_ro;
172.17.0.1 2026-10-03 20:47:41.902 UTC [96] supabase_admin@postgres LOG:  statement: GRANT ALL ON TABLE public.pending_channel_claims TO anon;
172.17.0.1 2026-10-03 20:47:41.902 UTC [96] supabase_admin@postgres LOG:  statement: GRANT ALL ON TABLE public.pending_channel_claims TO authenticated;
172.17.0.1 2026-10-03 20:47:41.902 UTC [96] supabase_admin@postgres LOG:  statement: GRANT ALL ON TABLE public.pending_channel_claims TO service_role;
172.17.0.1 2026-10-03 20:47:41.902 UTC [96] supabase_admin@postgres LOG:  statement: GRANT ALL ON TABLE public.permission_roles TO anon;
172.17.0.1 2026-10-03 20:47:41.902 UTC [96] supabase_admin@postgres LOG:  statement: GRANT ALL ON TABLE public.permission_roles TO authenticated;
172.17.0.1 2026-10-03 20:47:41.903 UTC [96] supabase_admin@postgres LOG:  statement: GRANT ALL ON TABLE public.permission_roles TO service_role;
172.17.0.1 2026-10-03 20:47:41.903 UTC [96] supabase_admin@postgres LOG:  statement: GRANT SELECT ON TABLE public.permission_roles TO app_ledger;
172.17.0.1 2026-10-03 20:47:41.903 UTC [96] supabase_admin@postgres LOG:  statement: GRANT ALL ON TABLE public.permission_rules TO anon;
172.17.0.1 2026-10-03 20:47:41.903 UTC [96] supabase_admin@postgres LOG:  statement: GRANT ALL ON TABLE public.permission_rules TO authenticated;
172.17.0.1 2026-10-03 20:47:41.903 UTC [96] supabase_admin@postgres LOG:  statement: GRANT ALL ON TABLE public.permission_rules TO service_role;
172.17.0.1 2026-10-03 20:47:41.904 UTC [96] supabase_admin@postgres LOG:  statement: GRANT SELECT,INSERT,DELETE,UPDATE ON TABLE public.permission_rules TO app_ledger;
172.17.0.1 2026-10-03 20:47:41.904 UTC [96] supabase_admin@postgres LOG:  statement: GRANT ALL ON TABLE public.personal_agents TO anon;
172.17.0.1 2026-10-03 20:47:41.904 UTC [96] supabase_admin@postgres LOG:  statement: GRANT ALL ON TABLE public.personal_agents TO authenticated;
172.17.0.1 2026-10-03 20:47:41.904 UTC [96] supabase_admin@postgres LOG:  statement: GRANT ALL ON TABLE public.personal_agents TO service_role;
172.17.0.1 2026-10-03 20:47:41.905 UTC [96] supabase_admin@postgres LOG:  statement: GRANT ALL ON TABLE public.plugin_org_disabled TO anon;
172.17.0.1 2026-10-03 20:47:41.905 UTC [96] supabase_admin@postgres LOG:  statement: GRANT ALL ON TABLE public.plugin_org_disabled TO authenticated;
172.17.0.1 2026-10-03 20:47:41.905 UTC [96] supabase_admin@postgres LOG:  statement: GRANT ALL ON TABLE public.plugin_org_disabled TO service_role;
172.17.0.1 2026-10-03 20:47:41.905 UTC [96] supabase_admin@postgres LOG:  statement: GRANT SELECT,INSERT,DELETE,UPDATE ON TABLE public.plugin_org_disabled TO app_ledger;
172.17.0.1 2026-10-03 20:47:41.905 UTC [96] supabase_admin@postgres LOG:  statement: GRANT ALL ON TABLE public.pos_client_ledger TO anon;
172.17.0.1 2026-10-03 20:47:41.906 UTC [96] supabase_admin@postgres LOG:  statement: GRANT ALL ON TABLE public.pos_client_ledger TO authenticated;
172.17.0.1 2026-10-03 20:47:41.906 UTC [96] supabase_admin@postgres LOG:  statement: GRANT ALL ON TABLE public.pos_client_ledger TO service_role;
172.17.0.1 2026-10-03 20:47:41.906 UTC [96] supabase_admin@postgres LOG:  statement: GRANT SELECT,INSERT,DELETE,UPDATE ON TABLE public.pos_client_ledger TO app_ledger;
172.17.0.1 2026-10-03 20:47:41.906 UTC [96] supabase_admin@postgres LOG:  statement: GRANT ALL ON TABLE public.pos_emissions TO anon;
172.17.0.1 2026-10-03 20:47:41.906 UTC [96] supabase_admin@postgres LOG:  statement: GRANT ALL ON TABLE public.pos_emissions TO authenticated;
172.17.0.1 2026-10-03 20:47:41.907 UTC [96] supabase_admin@postgres LOG:  statement: GRANT ALL ON TABLE public.pos_emissions TO service_role;
172.17.0.1 2026-10-03 20:47:41.907 UTC [96] supabase_admin@postgres LOG:  statement: GRANT SELECT,INSERT,DELETE,UPDATE ON TABLE public.pos_emissions TO app_ledger;
172.17.0.1 2026-10-03 20:47:41.907 UTC [96] supabase_admin@postgres LOG:  statement: GRANT ALL ON TABLE public.pos_package_grants TO anon;
172.17.0.1 2026-10-03 20:47:41.907 UTC [96] supabase_admin@postgres LOG:  statement: GRANT ALL ON TABLE public.pos_package_grants TO authenticated;
172.17.0.1 2026-10-03 20:47:41.908 UTC [96] supabase_admin@postgres LOG:  statement: GRANT ALL ON TABLE public.pos_package_grants TO service_role;
172.17.0.1 2026-10-03 20:47:41.908 UTC [96] supabase_admin@postgres LOG:  statement: GRANT SELECT,INSERT,DELETE,UPDATE ON TABLE public.pos_package_grants TO app_ledger;
172.17.0.1 2026-10-03 20:47:41.908 UTC [96] supabase_admin@postgres LOG:  statement: GRANT ALL ON TABLE public.pos_package_redemptions TO anon;
172.17.0.1 2026-10-03 20:47:41.909 UTC [96] supabase_admin@postgres LOG:  statement: GRANT ALL ON TABLE public.pos_package_redemptions TO authenticated;
172.17.0.1 2026-10-03 20:47:41.909 UTC [96] supabase_admin@postgres LOG:  statement: GRANT ALL ON TABLE public.pos_package_redemptions TO service_role;
172.17.0.1 2026-10-03 20:47:41.909 UTC [96] supabase_admin@postgres LOG:  statement: GRANT SELECT,INSERT,DELETE,UPDATE ON TABLE public.pos_package_redemptions TO app_ledger;
172.17.0.1 2026-10-03 20:47:41.909 UTC [96] supabase_admin@postgres LOG:  statement: GRANT ALL ON TABLE public.pos_payment_plans TO anon;
172.17.0.1 2026-10-03 20:47:41.910 UTC [96] supabase_admin@postgres LOG:  statement: GRANT ALL ON TABLE public.pos_payment_plans TO authenticated;
172.17.0.1 2026-10-03 20:47:41.910 UTC [96] supabase_admin@postgres LOG:  statement: GRANT ALL ON TABLE public.pos_payment_plans TO service_role;
172.17.0.1 2026-10-03 20:47:41.910 UTC [96] supabase_admin@postgres LOG:  statement: GRANT SELECT,INSERT,DELETE,UPDATE ON TABLE public.pos_payment_plans TO app_ledger;
172.17.0.1 2026-10-03 20:47:41.910 UTC [96] supabase_admin@postgres LOG:  statement: GRANT ALL ON TABLE public.pos_payments TO anon;
172.17.0.1 2026-10-03 20:47:41.911 UTC [96] supabase_admin@postgres LOG:  statement: GRANT ALL ON TABLE public.pos_payments TO authenticated;
172.17.0.1 2026-10-03 20:47:41.911 UTC [96] supabase_admin@postgres LOG:  statement: GRANT ALL ON TABLE public.pos_payments TO service_role;
172.17.0.1 2026-10-03 20:47:41.911 UTC [96] supabase_admin@postgres LOG:  statement: GRANT SELECT,INSERT,DELETE,UPDATE ON TABLE public.pos_payments TO app_ledger;
172.17.0.1 2026-10-03 20:47:41.912 UTC [96] supabase_admin@postgres LOG:  statement: GRANT ALL ON TABLE public.pos_series TO anon;
172.17.0.1 2026-10-03 20:47:41.912 UTC [96] supabase_admin@postgres LOG:  statement: GRANT ALL ON TABLE public.pos_series TO authenticated;
172.17.0.1 2026-10-03 20:47:41.912 UTC [96] supabase_admin@postgres LOG:  statement: GRANT ALL ON TABLE public.pos_series TO service_role;
172.17.0.1 2026-10-03 20:47:41.912 UTC [96] supabase_admin@postgres LOG:  statement: GRANT SELECT,INSERT,DELETE,UPDATE ON TABLE public.pos_series TO app_ledger;
172.17.0.1 2026-10-03 20:47:41.913 UTC [96] supabase_admin@postgres LOG:  statement: GRANT ALL ON TABLE public.pos_settings TO anon;
172.17.0.1 2026-10-03 20:47:41.913 UTC [96] supabase_admin@postgres LOG:  statement: GRANT ALL ON TABLE public.pos_settings TO authenticated;
172.17.0.1 2026-10-03 20:47:41.913 UTC [96] supabase_admin@postgres LOG:  statement: GRANT ALL ON TABLE public.pos_settings TO service_role;
172.17.0.1 2026-10-03 20:47:41.913 UTC [96] supabase_admin@postgres LOG:  statement: GRANT SELECT,INSERT,DELETE,UPDATE ON TABLE public.pos_settings TO app_ledger;
172.17.0.1 2026-10-03 20:47:41.914 UTC [96] supabase_admin@postgres LOG:  statement: GRANT ALL ON TABLE public.pos_shifts TO anon;
172.17.0.1 2026-10-03 20:47:41.914 UTC [96] supabase_admin@postgres LOG:  statement: GRANT ALL ON TABLE public.pos_shifts TO authenticated;
172.17.0.1 2026-10-03 20:47:41.914 UTC [96] supabase_admin@postgres LOG:  statement: GRANT ALL ON TABLE public.pos_shifts TO service_role;
172.17.0.1 2026-10-03 20:47:41.914 UTC [96] supabase_admin@postgres LOG:  statement: GRANT SELECT,INSERT,DELETE,UPDATE ON TABLE public.pos_shifts TO app_ledger;
172.17.0.1 2026-10-03 20:47:41.915 UTC [96] supabase_admin@postgres LOG:  statement: GRANT ALL ON TABLE public.pos_ticket_lines TO anon;
172.17.0.1 2026-10-03 20:47:41.915 UTC [96] supabase_admin@postgres LOG:  statement: GRANT ALL ON TABLE public.pos_ticket_lines TO authenticated;
172.17.0.1 2026-10-03 20:47:41.915 UTC [96] supabase_admin@postgres LOG:  statement: GRANT ALL ON TABLE public.pos_ticket_lines TO service_role;
172.17.0.1 2026-10-03 20:47:41.915 UTC [96] supabase_admin@postgres LOG:  statement: GRANT SELECT,INSERT,DELETE,UPDATE ON TABLE public.pos_ticket_lines TO app_ledger;
172.17.0.1 2026-10-03 20:47:41.915 UTC [96] supabase_admin@postgres LOG:  statement: GRANT ALL ON TABLE public.pos_tickets TO anon;
172.17.0.1 2026-10-03 20:47:41.916 UTC [96] supabase_admin@postgres LOG:  statement: GRANT ALL ON TABLE public.pos_tickets TO authenticated;
172.17.0.1 2026-10-03 20:47:41.916 UTC [96] supabase_admin@postgres LOG:  statement: GRANT ALL ON TABLE public.pos_tickets TO service_role;
172.17.0.1 2026-10-03 20:47:41.916 UTC [96] supabase_admin@postgres LOG:  statement: GRANT SELECT,INSERT,DELETE,UPDATE ON TABLE public.pos_tickets TO app_ledger;
172.17.0.1 2026-10-03 20:47:41.916 UTC [96] supabase_admin@postgres LOG:  statement: GRANT ALL ON TABLE public.profiles TO anon;
172.17.0.1 2026-10-03 20:47:41.917 UTC [96] supabase_admin@postgres LOG:  statement: GRANT ALL ON TABLE public.profiles TO authenticated;
172.17.0.1 2026-10-03 20:47:41.917 UTC [96] supabase_admin@postgres LOG:  statement: GRANT ALL ON TABLE public.profiles TO service_role;
172.17.0.1 2026-10-03 20:47:41.917 UTC [96] supabase_admin@postgres LOG:  statement: GRANT SELECT ON TABLE public.profiles TO app_ledger;
172.17.0.1 2026-10-03 20:47:41.917 UTC [96] supabase_admin@postgres LOG:  statement: GRANT ALL ON TABLE public.profiles_legacy_user_id_backup_20260610 TO anon;
172.17.0.1 2026-10-03 20:47:41.918 UTC [96] supabase_admin@postgres LOG:  statement: GRANT ALL ON TABLE public.profiles_legacy_user_id_backup_20260610 TO authenticated;
172.17.0.1 2026-10-03 20:47:41.918 UTC [96] supabase_admin@postgres LOG:  statement: GRANT ALL ON TABLE public.profiles_legacy_user_id_backup_20260610 TO service_role;
172.17.0.1 2026-10-03 20:47:41.918 UTC [96] supabase_admin@postgres LOG:  statement: GRANT ALL ON TABLE public.proj_projects TO anon;
172.17.0.1 2026-10-03 20:47:41.918 UTC [96] supabase_admin@postgres LOG:  statement: GRANT ALL ON TABLE public.proj_projects TO authenticated;
172.17.0.1 2026-10-03 20:47:41.919 UTC [96] supabase_admin@postgres LOG:  statement: GRANT ALL ON TABLE public.proj_projects TO service_role;
172.17.0.1 2026-10-03 20:47:41.919 UTC [96] supabase_admin@postgres LOG:  statement: GRANT SELECT,INSERT,DELETE,UPDATE ON TABLE public.proj_projects TO app_ledger;
172.17.0.1 2026-10-03 20:47:41.919 UTC [96] supabase_admin@postgres LOG:  statement: GRANT SELECT ON TABLE public.proj_projects TO app_assistant_ro;
172.17.0.1 2026-10-03 20:47:41.919 UTC [96] supabase_admin@postgres LOG:  statement: GRANT ALL ON TABLE public.proj_tasks TO anon;
172.17.0.1 2026-10-03 20:47:41.920 UTC [96] supabase_admin@postgres LOG:  statement: GRANT ALL ON TABLE public.proj_tasks TO authenticated;
172.17.0.1 2026-10-03 20:47:41.920 UTC [96] supabase_admin@postgres LOG:  statement: GRANT ALL ON TABLE public.proj_tasks TO service_role;
172.17.0.1 2026-10-03 20:47:41.920 UTC [96] supabase_admin@postgres LOG:  statement: GRANT SELECT,INSERT,DELETE,UPDATE ON TABLE public.proj_tasks TO app_ledger;
172.17.0.1 2026-10-03 20:47:41.921 UTC [96] supabase_admin@postgres LOG:  statement: GRANT SELECT ON TABLE public.proj_tasks TO app_assistant_ro;
172.17.0.1 2026-10-03 20:47:41.921 UTC [96] supabase_admin@postgres LOG:  statement: GRANT ALL ON TABLE public.proj_templates TO anon;
172.17.0.1 2026-10-03 20:47:41.921 UTC [96] supabase_admin@postgres LOG:  statement: GRANT ALL ON TABLE public.proj_templates TO authenticated;
172.17.0.1 2026-10-03 20:47:41.921 UTC [96] supabase_admin@postgres LOG:  statement: GRANT ALL ON TABLE public.proj_templates TO service_role;
172.17.0.1 2026-10-03 20:47:41.921 UTC [96] supabase_admin@postgres LOG:  statement: GRANT SELECT,INSERT,DELETE,UPDATE ON TABLE public.proj_templates TO app_ledger;
172.17.0.1 2026-10-03 20:47:41.922 UTC [96] supabase_admin@postgres LOG:  statement: GRANT SELECT ON TABLE public.proj_templates TO app_assistant_ro;
172.17.0.1 2026-10-03 20:47:41.922 UTC [96] supabase_admin@postgres LOG:  statement: GRANT ALL ON TABLE public.proj_timesheets TO anon;
172.17.0.1 2026-10-03 20:47:41.922 UTC [96] supabase_admin@postgres LOG:  statement: GRANT ALL ON TABLE public.proj_timesheets TO authenticated;
172.17.0.1 2026-10-03 20:47:41.922 UTC [96] supabase_admin@postgres LOG:  statement: GRANT ALL ON TABLE public.proj_timesheets TO service_role;
172.17.0.1 2026-10-03 20:47:41.922 UTC [96] supabase_admin@postgres LOG:  statement: GRANT SELECT,INSERT,DELETE,UPDATE ON TABLE public.proj_timesheets TO app_ledger;
172.17.0.1 2026-10-03 20:47:41.922 UTC [96] supabase_admin@postgres LOG:  statement: GRANT SELECT ON TABLE public.proj_timesheets TO app_assistant_ro;
172.17.0.1 2026-10-03 20:47:41.923 UTC [96] supabase_admin@postgres LOG:  statement: GRANT ALL ON TABLE public.pulse_proposals TO anon;
172.17.0.1 2026-10-03 20:47:41.923 UTC [96] supabase_admin@postgres LOG:  statement: GRANT ALL ON TABLE public.pulse_proposals TO authenticated;
172.17.0.1 2026-10-03 20:47:41.923 UTC [96] supabase_admin@postgres LOG:  statement: GRANT ALL ON TABLE public.pulse_proposals TO service_role;
172.17.0.1 2026-10-03 20:47:41.923 UTC [96] supabase_admin@postgres LOG:  statement: GRANT SELECT,INSERT,DELETE,UPDATE ON TABLE public.pulse_proposals TO app_ledger;
172.17.0.1 2026-10-03 20:47:41.923 UTC [96] supabase_admin@postgres LOG:  statement: GRANT ALL ON TABLE public.pulse_settings TO anon;
172.17.0.1 2026-10-03 20:47:41.924 UTC [96] supabase_admin@postgres LOG:  statement: GRANT ALL ON TABLE public.pulse_settings TO authenticated;
172.17.0.1 2026-10-03 20:47:41.924 UTC [96] supabase_admin@postgres LOG:  statement: GRANT ALL ON TABLE public.pulse_settings TO service_role;
172.17.0.1 2026-10-03 20:47:41.924 UTC [96] supabase_admin@postgres LOG:  statement: GRANT SELECT,INSERT,DELETE,UPDATE ON TABLE public.pulse_settings TO app_ledger;
172.17.0.1 2026-10-03 20:47:41.924 UTC [96] supabase_admin@postgres LOG:  statement: GRANT ALL ON TABLE public.sales_orders TO anon;
172.17.0.1 2026-10-03 20:47:41.924 UTC [96] supabase_admin@postgres LOG:  statement: GRANT ALL ON TABLE public.sales_orders TO authenticated;
172.17.0.1 2026-10-03 20:47:41.925 UTC [96] supabase_admin@postgres LOG:  statement: GRANT ALL ON TABLE public.sales_orders TO service_role;
172.17.0.1 2026-10-03 20:47:41.925 UTC [96] supabase_admin@postgres LOG:  statement: GRANT SELECT,INSERT,DELETE,UPDATE ON TABLE public.sales_orders TO app_ledger;
172.17.0.1 2026-10-03 20:47:41.925 UTC [96] supabase_admin@postgres LOG:  statement: GRANT SELECT ON TABLE public.sales_orders TO app_assistant_ro;
172.17.0.1 2026-10-03 20:47:41.925 UTC [96] supabase_admin@postgres LOG:  statement: GRANT ALL ON TABLE public.sched_availability TO anon;
172.17.0.1 2026-10-03 20:47:41.925 UTC [96] supabase_admin@postgres LOG:  statement: GRANT ALL ON TABLE public.sched_availability TO authenticated;
172.17.0.1 2026-10-03 20:47:41.926 UTC [96] supabase_admin@postgres LOG:  statement: GRANT ALL ON TABLE public.sched_availability TO service_role;
172.17.0.1 2026-10-03 20:47:41.926 UTC [96] supabase_admin@postgres LOG:  statement: GRANT SELECT,INSERT,DELETE,UPDATE ON TABLE public.sched_availability TO app_ledger;
172.17.0.1 2026-10-03 20:47:41.926 UTC [96] supabase_admin@postgres LOG:  statement: GRANT SELECT ON TABLE public.sched_availability TO app_assistant_ro;
172.17.0.1 2026-10-03 20:47:41.926 UTC [96] supabase_admin@postgres LOG:  statement: GRANT ALL ON TABLE public.sched_booking_status_log TO anon;
172.17.0.1 2026-10-03 20:47:41.926 UTC [96] supabase_admin@postgres LOG:  statement: GRANT ALL ON TABLE public.sched_booking_status_log TO authenticated;
172.17.0.1 2026-10-03 20:47:41.926 UTC [96] supabase_admin@postgres LOG:  statement: GRANT ALL ON TABLE public.sched_booking_status_log TO service_role;
172.17.0.1 2026-10-03 20:47:41.927 UTC [96] supabase_admin@postgres LOG:  statement: GRANT SELECT,INSERT,DELETE,UPDATE ON TABLE public.sched_booking_status_log TO app_ledger;
172.17.0.1 2026-10-03 20:47:41.927 UTC [96] supabase_admin@postgres LOG:  statement: GRANT ALL ON TABLE public.sched_bookings TO anon;
172.17.0.1 2026-10-03 20:47:41.927 UTC [96] supabase_admin@postgres LOG:  statement: GRANT ALL ON TABLE public.sched_bookings TO authenticated;
172.17.0.1 2026-10-03 20:47:41.927 UTC [96] supabase_admin@postgres LOG:  statement: GRANT ALL ON TABLE public.sched_bookings TO service_role;
172.17.0.1 2026-10-03 20:47:41.927 UTC [96] supabase_admin@postgres LOG:  statement: GRANT SELECT,INSERT,DELETE,UPDATE ON TABLE public.sched_bookings TO app_ledger;
172.17.0.1 2026-10-03 20:47:41.927 UTC [96] supabase_admin@postgres LOG:  statement: GRANT SELECT ON TABLE public.sched_bookings TO app_assistant_ro;
172.17.0.1 2026-10-03 20:47:41.928 UTC [96] supabase_admin@postgres LOG:  statement: GRANT ALL ON TABLE public.sched_event_kinds TO anon;
172.17.0.1 2026-10-03 20:47:41.928 UTC [96] supabase_admin@postgres LOG:  statement: GRANT ALL ON TABLE public.sched_event_kinds TO authenticated;
172.17.0.1 2026-10-03 20:47:41.928 UTC [96] supabase_admin@postgres LOG:  statement: GRANT ALL ON TABLE public.sched_event_kinds TO service_role;
172.17.0.1 2026-10-03 20:47:41.928 UTC [96] supabase_admin@postgres LOG:  statement: GRANT SELECT,INSERT,DELETE,UPDATE ON TABLE public.sched_event_kinds TO app_ledger;
172.17.0.1 2026-10-03 20:47:41.928 UTC [96] supabase_admin@postgres LOG:  statement: GRANT ALL ON TABLE public.sched_event_type_resources TO anon;
172.17.0.1 2026-10-03 20:47:41.928 UTC [96] supabase_admin@postgres LOG:  statement: GRANT ALL ON TABLE public.sched_event_type_resources TO authenticated;
172.17.0.1 2026-10-03 20:47:41.929 UTC [96] supabase_admin@postgres LOG:  statement: GRANT ALL ON TABLE public.sched_event_type_resources TO service_role;
172.17.0.1 2026-10-03 20:47:41.929 UTC [96] supabase_admin@postgres LOG:  statement: GRANT SELECT,INSERT,DELETE,UPDATE ON TABLE public.sched_event_type_resources TO app_ledger;
172.17.0.1 2026-10-03 20:47:41.929 UTC [96] supabase_admin@postgres LOG:  statement: GRANT SELECT ON TABLE public.sched_event_type_resources TO app_assistant_ro;
172.17.0.1 2026-10-03 20:47:41.929 UTC [96] supabase_admin@postgres LOG:  statement: GRANT ALL ON TABLE public.sched_event_types TO anon;
172.17.0.1 2026-10-03 20:47:41.929 UTC [96] supabase_admin@postgres LOG:  statement: GRANT ALL ON TABLE public.sched_event_types TO authenticated;
172.17.0.1 2026-10-03 20:47:41.929 UTC [96] supabase_admin@postgres LOG:  statement: GRANT ALL ON TABLE public.sched_event_types TO service_role;
172.17.0.1 2026-10-03 20:47:41.930 UTC [96] supabase_admin@postgres LOG:  statement: GRANT SELECT,INSERT,DELETE,UPDATE ON TABLE public.sched_event_types TO app_ledger;
172.17.0.1 2026-10-03 20:47:41.930 UTC [96] supabase_admin@postgres LOG:  statement: GRANT SELECT ON TABLE public.sched_event_types TO app_assistant_ro;
172.17.0.1 2026-10-03 20:47:41.930 UTC [96] supabase_admin@postgres LOG:  statement: GRANT ALL ON TABLE public.sched_links TO anon;
172.17.0.1 2026-10-03 20:47:41.930 UTC [96] supabase_admin@postgres LOG:  statement: GRANT ALL ON TABLE public.sched_links TO authenticated;
172.17.0.1 2026-10-03 20:47:41.930 UTC [96] supabase_admin@postgres LOG:  statement: GRANT ALL ON TABLE public.sched_links TO service_role;
172.17.0.1 2026-10-03 20:47:41.930 UTC [96] supabase_admin@postgres LOG:  statement: GRANT SELECT,INSERT,DELETE,UPDATE ON TABLE public.sched_links TO app_ledger;
172.17.0.1 2026-10-03 20:47:41.931 UTC [96] supabase_admin@postgres LOG:  statement: GRANT SELECT ON TABLE public.sched_links TO app_assistant_ro;
172.17.0.1 2026-10-03 20:47:41.931 UTC [96] supabase_admin@postgres LOG:  statement: GRANT ALL ON TABLE public.sched_reminder_config TO anon;
172.17.0.1 2026-10-03 20:47:41.931 UTC [96] supabase_admin@postgres LOG:  statement: GRANT ALL ON TABLE public.sched_reminder_config TO authenticated;
172.17.0.1 2026-10-03 20:47:41.931 UTC [96] supabase_admin@postgres LOG:  statement: GRANT ALL ON TABLE public.sched_reminder_config TO service_role;
172.17.0.1 2026-10-03 20:47:41.931 UTC [96] supabase_admin@postgres LOG:  statement: GRANT SELECT,INSERT,DELETE,UPDATE ON TABLE public.sched_reminder_config TO app_ledger;
172.17.0.1 2026-10-03 20:47:41.931 UTC [96] supabase_admin@postgres LOG:  statement: GRANT ALL ON TABLE public.sched_reminders TO anon;
172.17.0.1 2026-10-03 20:47:41.932 UTC [96] supabase_admin@postgres LOG:  statement: GRANT ALL ON TABLE public.sched_reminders TO authenticated;
172.17.0.1 2026-10-03 20:47:41.932 UTC [96] supabase_admin@postgres LOG:  statement: GRANT ALL ON TABLE public.sched_reminders TO service_role;
172.17.0.1 2026-10-03 20:47:41.932 UTC [96] supabase_admin@postgres LOG:  statement: GRANT SELECT,INSERT,DELETE,UPDATE ON TABLE public.sched_reminders TO app_ledger;
172.17.0.1 2026-10-03 20:47:41.932 UTC [96] supabase_admin@postgres LOG:  statement: GRANT SELECT ON TABLE public.sched_reminders TO app_assistant_ro;
172.17.0.1 2026-10-03 20:47:41.932 UTC [96] supabase_admin@postgres LOG:  statement: GRANT ALL ON TABLE public.sched_resources TO anon;
172.17.0.1 2026-10-03 20:47:41.932 UTC [96] supabase_admin@postgres LOG:  statement: GRANT ALL ON TABLE public.sched_resources TO authenticated;
172.17.0.1 2026-10-03 20:47:41.933 UTC [96] supabase_admin@postgres LOG:  statement: GRANT ALL ON TABLE public.sched_resources TO service_role;
172.17.0.1 2026-10-03 20:47:41.933 UTC [96] supabase_admin@postgres LOG:  statement: GRANT SELECT,INSERT,DELETE,UPDATE ON TABLE public.sched_resources TO app_ledger;
172.17.0.1 2026-10-03 20:47:41.933 UTC [96] supabase_admin@postgres LOG:  statement: GRANT SELECT ON TABLE public.sched_resources TO app_assistant_ro;
172.17.0.1 2026-10-03 20:47:41.933 UTC [96] supabase_admin@postgres LOG:  statement: GRANT ALL ON TABLE public.sched_schedules TO anon;
172.17.0.1 2026-10-03 20:47:41.933 UTC [96] supabase_admin@postgres LOG:  statement: GRANT ALL ON TABLE public.sched_schedules TO authenticated;
172.17.0.1 2026-10-03 20:47:41.933 UTC [96] supabase_admin@postgres LOG:  statement: GRANT ALL ON TABLE public.sched_schedules TO service_role;
172.17.0.1 2026-10-03 20:47:41.934 UTC [96] supabase_admin@postgres LOG:  statement: GRANT SELECT,INSERT,DELETE,UPDATE ON TABLE public.sched_schedules TO app_ledger;
172.17.0.1 2026-10-03 20:47:41.934 UTC [96] supabase_admin@postgres LOG:  statement: GRANT SELECT ON TABLE public.sched_schedules TO app_assistant_ro;
172.17.0.1 2026-10-03 20:47:41.934 UTC [96] supabase_admin@postgres LOG:  statement: GRANT ALL ON TABLE public.server_backups TO anon;
172.17.0.1 2026-10-03 20:47:41.934 UTC [96] supabase_admin@postgres LOG:  statement: GRANT ALL ON TABLE public.server_backups TO authenticated;
172.17.0.1 2026-10-03 20:47:41.935 UTC [96] supabase_admin@postgres LOG:  statement: GRANT ALL ON TABLE public.server_backups TO service_role;
172.17.0.1 2026-10-03 20:47:41.935 UTC [96] supabase_admin@postgres LOG:  statement: GRANT SELECT,INSERT,DELETE,UPDATE ON TABLE public.server_backups TO app_ledger;
172.17.0.1 2026-10-03 20:47:41.935 UTC [96] supabase_admin@postgres LOG:  statement: GRANT ALL ON TABLE public.server_provision_configs TO anon;
172.17.0.1 2026-10-03 20:47:41.935 UTC [96] supabase_admin@postgres LOG:  statement: GRANT ALL ON TABLE public.server_provision_configs TO authenticated;
172.17.0.1 2026-10-03 20:47:41.936 UTC [96] supabase_admin@postgres LOG:  statement: GRANT ALL ON TABLE public.server_provision_configs TO service_role;
172.17.0.1 2026-10-03 20:47:41.936 UTC [96] supabase_admin@postgres LOG:  statement: GRANT SELECT,INSERT,DELETE,UPDATE ON TABLE public.server_provision_configs TO app_ledger;
172.17.0.1 2026-10-03 20:47:41.936 UTC [96] supabase_admin@postgres LOG:  statement: GRANT ALL ON TABLE public.session_tasks TO anon;
172.17.0.1 2026-10-03 20:47:41.937 UTC [96] supabase_admin@postgres LOG:  statement: GRANT ALL ON TABLE public.session_tasks TO authenticated;
172.17.0.1 2026-10-03 20:47:41.937 UTC [96] supabase_admin@postgres LOG:  statement: GRANT ALL ON TABLE public.session_tasks TO service_role;
172.17.0.1 2026-10-03 20:47:41.937 UTC [96] supabase_admin@postgres LOG:  statement: GRANT SELECT,INSERT,DELETE,UPDATE ON TABLE public.session_tasks TO app_ledger;
172.17.0.1 2026-10-03 20:47:41.937 UTC [96] supabase_admin@postgres LOG:  statement: GRANT ALL ON TABLE public.sessions TO anon;
172.17.0.1 2026-10-03 20:47:41.938 UTC [96] supabase_admin@postgres LOG:  statement: GRANT ALL ON TABLE public.sessions TO authenticated;
172.17.0.1 2026-10-03 20:47:41.938 UTC [96] supabase_admin@postgres LOG:  statement: GRANT ALL ON TABLE public.sessions TO service_role;
172.17.0.1 2026-10-03 20:47:41.938 UTC [96] supabase_admin@postgres LOG:  statement: GRANT SELECT,INSERT,DELETE,UPDATE ON TABLE public.sessions TO app_ledger;
172.17.0.1 2026-10-03 20:47:41.939 UTC [96] supabase_admin@postgres LOG:  statement: GRANT ALL ON TABLE public.settings TO anon;
172.17.0.1 2026-10-03 20:47:41.939 UTC [96] supabase_admin@postgres LOG:  statement: GRANT ALL ON TABLE public.settings TO authenticated;
172.17.0.1 2026-10-03 20:47:41.939 UTC [96] supabase_admin@postgres LOG:  statement: GRANT ALL ON TABLE public.settings TO service_role;
172.17.0.1 2026-10-03 20:47:41.939 UTC [96] supabase_admin@postgres LOG:  statement: GRANT SELECT,INSERT,DELETE,UPDATE ON TABLE public.settings TO app_ledger;
172.17.0.1 2026-10-03 20:47:41.940 UTC [96] supabase_admin@postgres LOG:  statement: GRANT ALL ON TABLE public.skill_execution_stats TO anon;
172.17.0.1 2026-10-03 20:47:41.940 UTC [96] supabase_admin@postgres LOG:  statement: GRANT ALL ON TABLE public.skill_execution_stats TO authenticated;
172.17.0.1 2026-10-03 20:47:41.940 UTC [96] supabase_admin@postgres LOG:  statement: GRANT ALL ON TABLE public.skill_execution_stats TO service_role;
172.17.0.1 2026-10-03 20:47:41.940 UTC [96] supabase_admin@postgres LOG:  statement: GRANT SELECT,INSERT,DELETE,UPDATE ON TABLE public.skill_execution_stats TO app_ledger;
172.17.0.1 2026-10-03 20:47:41.941 UTC [96] supabase_admin@postgres LOG:  statement: GRANT ALL ON SEQUENCE public.skill_execution_stats_id_seq TO anon;
172.17.0.1 2026-10-03 20:47:41.941 UTC [96] supabase_admin@postgres LOG:  statement: GRANT ALL ON SEQUENCE public.skill_execution_stats_id_seq TO authenticated;
172.17.0.1 2026-10-03 20:47:41.941 UTC [96] supabase_admin@postgres LOG:  statement: GRANT ALL ON SEQUENCE public.skill_execution_stats_id_seq TO service_role;
172.17.0.1 2026-10-03 20:47:41.941 UTC [96] supabase_admin@postgres LOG:  statement: GRANT ALL ON TABLE public.skills TO anon;
172.17.0.1 2026-10-03 20:47:41.941 UTC [96] supabase_admin@postgres LOG:  statement: GRANT ALL ON TABLE public.skills TO authenticated;
172.17.0.1 2026-10-03 20:47:41.942 UTC [96] supabase_admin@postgres LOG:  statement: GRANT ALL ON TABLE public.skills TO service_role;
172.17.0.1 2026-10-03 20:47:41.942 UTC [96] supabase_admin@postgres LOG:  statement: GRANT SELECT,INSERT,DELETE,UPDATE ON TABLE public.skills TO app_ledger;
172.17.0.1 2026-10-03 20:47:41.942 UTC [96] supabase_admin@postgres LOG:  statement: GRANT ALL ON TABLE public.stk_accruals TO anon;
172.17.0.1 2026-10-03 20:47:41.942 UTC [96] supabase_admin@postgres LOG:  statement: GRANT ALL ON TABLE public.stk_accruals TO authenticated;
172.17.0.1 2026-10-03 20:47:41.943 UTC [96] supabase_admin@postgres LOG:  statement: GRANT ALL ON TABLE public.stk_accruals TO service_role;
172.17.0.1 2026-10-03 20:47:41.943 UTC [96] supabase_admin@postgres LOG:  statement: GRANT SELECT,INSERT,DELETE,UPDATE ON TABLE public.stk_accruals TO app_ledger;
172.17.0.1 2026-10-03 20:47:41.943 UTC [96] supabase_admin@postgres LOG:  statement: GRANT ALL ON TABLE public.stk_bins TO anon;
172.17.0.1 2026-10-03 20:47:41.943 UTC [96] supabase_admin@postgres LOG:  statement: GRANT ALL ON TABLE public.stk_bins TO authenticated;
172.17.0.1 2026-10-03 20:47:41.943 UTC [96] supabase_admin@postgres LOG:  statement: GRANT ALL ON TABLE public.stk_bins TO service_role;
172.17.0.1 2026-10-03 20:47:41.944 UTC [96] supabase_admin@postgres LOG:  statement: GRANT SELECT,INSERT,DELETE,UPDATE ON TABLE public.stk_bins TO app_ledger;
172.17.0.1 2026-10-03 20:47:41.944 UTC [96] supabase_admin@postgres LOG:  statement: GRANT ALL ON TABLE public.stk_bins_bak_insumos2608 TO anon;
172.17.0.1 2026-10-03 20:47:41.944 UTC [96] supabase_admin@postgres LOG:  statement: GRANT ALL ON TABLE public.stk_bins_bak_insumos2608 TO authenticated;
172.17.0.1 2026-10-03 20:47:41.944 UTC [96] supabase_admin@postgres LOG:  statement: GRANT ALL ON TABLE public.stk_bins_bak_insumos2608 TO service_role;
172.17.0.1 2026-10-03 20:47:41.944 UTC [96] supabase_admin@postgres LOG:  statement: GRANT ALL ON TABLE public.stk_consumption TO anon;
172.17.0.1 2026-10-03 20:47:41.944 UTC [96] supabase_admin@postgres LOG:  statement: GRANT ALL ON TABLE public.stk_consumption TO authenticated;
172.17.0.1 2026-10-03 20:47:41.944 UTC [96] supabase_admin@postgres LOG:  statement: GRANT ALL ON TABLE public.stk_consumption TO service_role;
172.17.0.1 2026-10-03 20:47:41.945 UTC [96] supabase_admin@postgres LOG:  statement: GRANT SELECT,INSERT,DELETE,UPDATE ON TABLE public.stk_consumption TO app_ledger;
172.17.0.1 2026-10-03 20:47:41.945 UTC [96] supabase_admin@postgres LOG:  statement: GRANT ALL ON TABLE public.stk_consumption_bak_insumos2608 TO anon;
172.17.0.1 2026-10-03 20:47:41.945 UTC [96] supabase_admin@postgres LOG:  statement: GRANT ALL ON TABLE public.stk_consumption_bak_insumos2608 TO authenticated;
172.17.0.1 2026-10-03 20:47:41.945 UTC [96] supabase_admin@postgres LOG:  statement: GRANT ALL ON TABLE public.stk_consumption_bak_insumos2608 TO service_role;
172.17.0.1 2026-10-03 20:47:41.945 UTC [96] supabase_admin@postgres LOG:  statement: GRANT ALL ON TABLE public.stk_entries TO anon;
172.17.0.1 2026-10-03 20:47:41.946 UTC [96] supabase_admin@postgres LOG:  statement: GRANT ALL ON TABLE public.stk_entries TO authenticated;
172.17.0.1 2026-10-03 20:47:41.946 UTC [96] supabase_admin@postgres LOG:  statement: GRANT ALL ON TABLE public.stk_entries TO service_role;
172.17.0.1 2026-10-03 20:47:41.946 UTC [96] supabase_admin@postgres LOG:  statement: GRANT SELECT,INSERT,DELETE,UPDATE ON TABLE public.stk_entries TO app_ledger;
172.17.0.1 2026-10-03 20:47:41.946 UTC [96] supabase_admin@postgres LOG:  statement: GRANT ALL ON TABLE public.stk_entries_bak_repair TO anon;
172.17.0.1 2026-10-03 20:47:41.946 UTC [96] supabase_admin@postgres LOG:  statement: GRANT ALL ON TABLE public.stk_entries_bak_repair TO authenticated;
172.17.0.1 2026-10-03 20:47:41.946 UTC [96] supabase_admin@postgres LOG:  statement: GRANT ALL ON TABLE public.stk_entries_bak_repair TO service_role;
172.17.0.1 2026-10-03 20:47:41.946 UTC [96] supabase_admin@postgres LOG:  statement: GRANT ALL ON TABLE public.stk_entries_reclass_bak TO anon;
172.17.0.1 2026-10-03 20:47:41.947 UTC [96] supabase_admin@postgres LOG:  statement: GRANT ALL ON TABLE public.stk_entries_reclass_bak TO authenticated;
172.17.0.1 2026-10-03 20:47:41.947 UTC [96] supabase_admin@postgres LOG:  statement: GRANT ALL ON TABLE public.stk_entries_reclass_bak TO service_role;
172.17.0.1 2026-10-03 20:47:41.947 UTC [96] supabase_admin@postgres LOG:  statement: GRANT ALL ON TABLE public.stk_entry_lines TO anon;
172.17.0.1 2026-10-03 20:47:41.947 UTC [96] supabase_admin@postgres LOG:  statement: GRANT ALL ON TABLE public.stk_entry_lines TO authenticated;
172.17.0.1 2026-10-03 20:47:41.947 UTC [96] supabase_admin@postgres LOG:  statement: GRANT ALL ON TABLE public.stk_entry_lines TO service_role;
172.17.0.1 2026-10-03 20:47:41.947 UTC [96] supabase_admin@postgres LOG:  statement: GRANT SELECT,INSERT,DELETE,UPDATE ON TABLE public.stk_entry_lines TO app_ledger;
172.17.0.1 2026-10-03 20:47:41.947 UTC [96] supabase_admin@postgres LOG:  statement: GRANT ALL ON TABLE public.stk_item_components TO anon;
172.17.0.1 2026-10-03 20:47:41.948 UTC [96] supabase_admin@postgres LOG:  statement: GRANT ALL ON TABLE public.stk_item_components TO authenticated;
172.17.0.1 2026-10-03 20:47:41.948 UTC [96] supabase_admin@postgres LOG:  statement: GRANT ALL ON TABLE public.stk_item_components TO service_role;
172.17.0.1 2026-10-03 20:47:41.948 UTC [96] supabase_admin@postgres LOG:  statement: GRANT SELECT,INSERT,DELETE,UPDATE ON TABLE public.stk_item_components TO app_ledger;
172.17.0.1 2026-10-03 20:47:41.948 UTC [96] supabase_admin@postgres LOG:  statement: GRANT ALL ON TABLE public.stk_items TO anon;
172.17.0.1 2026-10-03 20:47:41.948 UTC [96] supabase_admin@postgres LOG:  statement: GRANT ALL ON TABLE public.stk_items TO authenticated;
172.17.0.1 2026-10-03 20:47:41.948 UTC [96] supabase_admin@postgres LOG:  statement: GRANT ALL ON TABLE public.stk_items TO service_role;
172.17.0.1 2026-10-03 20:47:41.949 UTC [96] supabase_admin@postgres LOG:  statement: GRANT SELECT,INSERT,DELETE,UPDATE ON TABLE public.stk_items TO app_ledger;
172.17.0.1 2026-10-03 20:47:41.949 UTC [96] supabase_admin@postgres LOG:  statement: GRANT ALL ON TABLE public.stk_items_bak_insumos2608 TO anon;
172.17.0.1 2026-10-03 20:47:41.949 UTC [96] supabase_admin@postgres LOG:  statement: GRANT ALL ON TABLE public.stk_items_bak_insumos2608 TO authenticated;
172.17.0.1 2026-10-03 20:47:41.949 UTC [96] supabase_admin@postgres LOG:  statement: GRANT ALL ON TABLE public.stk_items_bak_insumos2608 TO service_role;
172.17.0.1 2026-10-03 20:47:41.949 UTC [96] supabase_admin@postgres LOG:  statement: GRANT ALL ON TABLE public.stk_ledger TO anon;
172.17.0.1 2026-10-03 20:47:41.949 UTC [96] supabase_admin@postgres LOG:  statement: GRANT ALL ON TABLE public.stk_ledger TO authenticated;
172.17.0.1 2026-10-03 20:47:41.949 UTC [96] supabase_admin@postgres LOG:  statement: GRANT ALL ON TABLE public.stk_ledger TO service_role;
172.17.0.1 2026-10-03 20:47:41.950 UTC [96] supabase_admin@postgres LOG:  statement: GRANT SELECT,INSERT ON TABLE public.stk_ledger TO app_ledger;
172.17.0.1 2026-10-03 20:47:41.950 UTC [96] supabase_admin@postgres LOG:  statement: GRANT ALL ON TABLE public.stk_ledger_bak_repair TO anon;
172.17.0.1 2026-10-03 20:47:41.950 UTC [96] supabase_admin@postgres LOG:  statement: GRANT ALL ON TABLE public.stk_ledger_bak_repair TO authenticated;
172.17.0.1 2026-10-03 20:47:41.950 UTC [96] supabase_admin@postgres LOG:  statement: GRANT ALL ON TABLE public.stk_ledger_bak_repair TO service_role;
172.17.0.1 2026-10-03 20:47:41.950 UTC [96] supabase_admin@postgres LOG:  statement: GRANT ALL ON SEQUENCE public.stk_ledger_id_seq TO anon;
172.17.0.1 2026-10-03 20:47:41.950 UTC [96] supabase_admin@postgres LOG:  statement: GRANT ALL ON SEQUENCE public.stk_ledger_id_seq TO authenticated;
172.17.0.1 2026-10-03 20:47:41.950 UTC [96] supabase_admin@postgres LOG:  statement: GRANT ALL ON SEQUENCE public.stk_ledger_id_seq TO service_role;
172.17.0.1 2026-10-03 20:47:41.950 UTC [96] supabase_admin@postgres LOG:  statement: GRANT SELECT,USAGE ON SEQUENCE public.stk_ledger_id_seq TO app_ledger;
172.17.0.1 2026-10-03 20:47:41.951 UTC [96] supabase_admin@postgres LOG:  statement: GRANT ALL ON TABLE public.stk_warehouses TO anon;
172.17.0.1 2026-10-03 20:47:41.951 UTC [96] supabase_admin@postgres LOG:  statement: GRANT ALL ON TABLE public.stk_warehouses TO authenticated;
172.17.0.1 2026-10-03 20:47:41.951 UTC [96] supabase_admin@postgres LOG:  statement: GRANT ALL ON TABLE public.stk_warehouses TO service_role;
172.17.0.1 2026-10-03 20:47:41.951 UTC [96] supabase_admin@postgres LOG:  statement: GRANT SELECT,INSERT,DELETE,UPDATE ON TABLE public.stk_warehouses TO app_ledger;
172.17.0.1 2026-10-03 20:47:41.951 UTC [96] supabase_admin@postgres LOG:  statement: GRANT ALL ON TABLE public.support_issues TO anon;
172.17.0.1 2026-10-03 20:47:41.951 UTC [96] supabase_admin@postgres LOG:  statement: GRANT ALL ON TABLE public.support_issues TO authenticated;
172.17.0.1 2026-10-03 20:47:41.951 UTC [96] supabase_admin@postgres LOG:  statement: GRANT ALL ON TABLE public.support_issues TO service_role;
172.17.0.1 2026-10-03 20:47:41.952 UTC [96] supabase_admin@postgres LOG:  statement: GRANT SELECT,INSERT,DELETE,UPDATE ON TABLE public.support_issues TO app_ledger;
172.17.0.1 2026-10-03 20:47:41.952 UTC [96] supabase_admin@postgres LOG:  statement: GRANT SELECT ON TABLE public.support_issues TO app_assistant_ro;
172.17.0.1 2026-10-03 20:47:41.952 UTC [96] supabase_admin@postgres LOG:  statement: GRANT ALL ON TABLE public.support_settings TO anon;
172.17.0.1 2026-10-03 20:47:41.952 UTC [96] supabase_admin@postgres LOG:  statement: GRANT ALL ON TABLE public.support_settings TO authenticated;
172.17.0.1 2026-10-03 20:47:41.952 UTC [96] supabase_admin@postgres LOG:  statement: GRANT ALL ON TABLE public.support_settings TO service_role;
172.17.0.1 2026-10-03 20:47:41.952 UTC [96] supabase_admin@postgres LOG:  statement: GRANT SELECT,INSERT,DELETE,UPDATE ON TABLE public.support_settings TO app_ledger;
172.17.0.1 2026-10-03 20:47:41.953 UTC [96] supabase_admin@postgres LOG:  statement: GRANT ALL ON TABLE public.tag_links TO anon;
172.17.0.1 2026-10-03 20:47:41.953 UTC [96] supabase_admin@postgres LOG:  statement: GRANT ALL ON TABLE public.tag_links TO authenticated;
172.17.0.1 2026-10-03 20:47:41.953 UTC [96] supabase_admin@postgres LOG:  statement: GRANT ALL ON TABLE public.tag_links TO service_role;
172.17.0.1 2026-10-03 20:47:41.953 UTC [96] supabase_admin@postgres LOG:  statement: GRANT SELECT,INSERT,DELETE,UPDATE ON TABLE public.tag_links TO app_ledger;
172.17.0.1 2026-10-03 20:47:41.953 UTC [96] supabase_admin@postgres LOG:  statement: GRANT ALL ON TABLE public.tasks TO anon;
172.17.0.1 2026-10-03 20:47:41.953 UTC [96] supabase_admin@postgres LOG:  statement: GRANT ALL ON TABLE public.tasks TO authenticated;
172.17.0.1 2026-10-03 20:47:41.954 UTC [96] supabase_admin@postgres LOG:  statement: GRANT ALL ON TABLE public.tasks TO service_role;
172.17.0.1 2026-10-03 20:47:41.954 UTC [96] supabase_admin@postgres LOG:  statement: GRANT SELECT,INSERT,DELETE,UPDATE ON TABLE public.tasks TO app_ledger;
172.17.0.1 2026-10-03 20:47:41.954 UTC [96] supabase_admin@postgres LOG:  statement: GRANT ALL ON TABLE public.user_agents TO anon;
172.17.0.1 2026-10-03 20:47:41.954 UTC [96] supabase_admin@postgres LOG:  statement: GRANT ALL ON TABLE public.user_agents TO authenticated;
172.17.0.1 2026-10-03 20:47:41.955 UTC [96] supabase_admin@postgres LOG:  statement: GRANT ALL ON TABLE public.user_agents TO service_role;
172.17.0.1 2026-10-03 20:47:41.955 UTC [96] supabase_admin@postgres LOG:  statement: GRANT ALL ON TABLE public.user_gateway TO anon;
172.17.0.1 2026-10-03 20:47:41.955 UTC [96] supabase_admin@postgres LOG:  statement: GRANT ALL ON TABLE public.user_gateway TO authenticated;
172.17.0.1 2026-10-03 20:47:41.955 UTC [96] supabase_admin@postgres LOG:  statement: GRANT ALL ON TABLE public.user_gateway TO service_role;
172.17.0.1 2026-10-03 20:47:41.955 UTC [96] supabase_admin@postgres LOG:  statement: GRANT ALL ON TABLE public.user_identities TO anon;
172.17.0.1 2026-10-03 20:47:41.955 UTC [96] supabase_admin@postgres LOG:  statement: GRANT ALL ON TABLE public.user_identities TO authenticated;
172.17.0.1 2026-10-03 20:47:41.956 UTC [96] supabase_admin@postgres LOG:  statement: GRANT ALL ON TABLE public.user_identities TO service_role;
172.17.0.1 2026-10-03 20:47:41.956 UTC [96] supabase_admin@postgres LOG:  statement: GRANT ALL ON TABLE public.user_preferences TO anon;
172.17.0.1 2026-10-03 20:47:41.956 UTC [96] supabase_admin@postgres LOG:  statement: GRANT ALL ON TABLE public.user_preferences TO authenticated;
172.17.0.1 2026-10-03 20:47:41.956 UTC [96] supabase_admin@postgres LOG:  statement: GRANT ALL ON TABLE public.user_preferences TO service_role;
172.17.0.1 2026-10-03 20:47:41.957 UTC [96] supabase_admin@postgres LOG:  statement: GRANT ALL ON TABLE public.workflow_defs TO anon;
172.17.0.1 2026-10-03 20:47:41.958 UTC [96] supabase_admin@postgres LOG:  statement: GRANT ALL ON TABLE public.workflow_defs TO authenticated;
172.17.0.1 2026-10-03 20:47:41.958 UTC [96] supabase_admin@postgres LOG:  statement: GRANT ALL ON TABLE public.workflow_defs TO service_role;
172.17.0.1 2026-10-03 20:47:41.958 UTC [96] supabase_admin@postgres LOG:  statement: GRANT SELECT,INSERT,DELETE,UPDATE ON TABLE public.workflow_defs TO app_ledger;
172.17.0.1 2026-10-03 20:47:41.958 UTC [96] supabase_admin@postgres LOG:  statement: GRANT ALL ON TABLE public.workshop_comparison_outputs TO anon;
172.17.0.1 2026-10-03 20:47:41.958 UTC [96] supabase_admin@postgres LOG:  statement: GRANT ALL ON TABLE public.workshop_comparison_outputs TO authenticated;
172.17.0.1 2026-10-03 20:47:41.959 UTC [96] supabase_admin@postgres LOG:  statement: GRANT ALL ON TABLE public.workshop_comparison_outputs TO service_role;
172.17.0.1 2026-10-03 20:47:41.959 UTC [96] supabase_admin@postgres LOG:  statement: GRANT ALL ON TABLE public.workshop_comparison_runs TO anon;
172.17.0.1 2026-10-03 20:47:41.959 UTC [96] supabase_admin@postgres LOG:  statement: GRANT ALL ON TABLE public.workshop_comparison_runs TO authenticated;
172.17.0.1 2026-10-03 20:47:41.959 UTC [96] supabase_admin@postgres LOG:  statement: GRANT ALL ON TABLE public.workshop_comparison_runs TO service_role;
172.17.0.1 2026-10-03 20:47:41.959 UTC [96] supabase_admin@postgres LOG:  statement: GRANT ALL ON TABLE public.workshop_groupchat_agents TO anon;
172.17.0.1 2026-10-03 20:47:41.959 UTC [96] supabase_admin@postgres LOG:  statement: GRANT ALL ON TABLE public.workshop_groupchat_agents TO authenticated;
172.17.0.1 2026-10-03 20:47:41.959 UTC [96] supabase_admin@postgres LOG:  statement: GRANT ALL ON TABLE public.workshop_groupchat_agents TO service_role;
172.17.0.1 2026-10-03 20:47:41.960 UTC [96] supabase_admin@postgres LOG:  statement: GRANT ALL ON TABLE public.workshop_groupchat_messages TO anon;
172.17.0.1 2026-10-03 20:47:41.960 UTC [96] supabase_admin@postgres LOG:  statement: GRANT ALL ON TABLE public.workshop_groupchat_messages TO authenticated;
172.17.0.1 2026-10-03 20:47:41.960 UTC [96] supabase_admin@postgres LOG:  statement: GRANT ALL ON TABLE public.workshop_groupchat_messages TO service_role;
172.17.0.1 2026-10-03 20:47:41.960 UTC [96] supabase_admin@postgres LOG:  statement: GRANT ALL ON TABLE public.workshop_groupchat_runs TO anon;
172.17.0.1 2026-10-03 20:47:41.960 UTC [96] supabase_admin@postgres LOG:  statement: GRANT ALL ON TABLE public.workshop_groupchat_runs TO authenticated;
172.17.0.1 2026-10-03 20:47:41.960 UTC [96] supabase_admin@postgres LOG:  statement: GRANT ALL ON TABLE public.workshop_groupchat_runs TO service_role;
172.17.0.1 2026-10-03 20:47:41.961 UTC [96] supabase_admin@postgres LOG:  statement: GRANT ALL ON TABLE public.workshop_prompt_categories TO anon;
172.17.0.1 2026-10-03 20:47:41.961 UTC [96] supabase_admin@postgres LOG:  statement: GRANT ALL ON TABLE public.workshop_prompt_categories TO authenticated;
172.17.0.1 2026-10-03 20:47:41.961 UTC [96] supabase_admin@postgres LOG:  statement: GRANT ALL ON TABLE public.workshop_prompt_categories TO service_role;
172.17.0.1 2026-10-03 20:47:41.961 UTC [96] supabase_admin@postgres LOG:  statement: GRANT ALL ON TABLE public.workshop_rankings TO anon;
172.17.0.1 2026-10-03 20:47:41.961 UTC [96] supabase_admin@postgres LOG:  statement: GRANT ALL ON TABLE public.workshop_rankings TO authenticated;
172.17.0.1 2026-10-03 20:47:41.961 UTC [96] supabase_admin@postgres LOG:  statement: GRANT ALL ON TABLE public.workshop_rankings TO service_role;
172.17.0.1 2026-10-03 20:47:41.961 UTC [96] supabase_admin@postgres LOG:  statement: GRANT ALL ON TABLE public.workshop_saves TO anon;
172.17.0.1 2026-10-03 20:47:41.962 UTC [96] supabase_admin@postgres LOG:  statement: GRANT ALL ON TABLE public.workshop_saves TO authenticated;
172.17.0.1 2026-10-03 20:47:41.962 UTC [96] supabase_admin@postgres LOG:  statement: GRANT ALL ON TABLE public.workshop_saves TO service_role;
172.17.0.1 2026-10-03 20:47:41.962 UTC [96] supabase_admin@postgres LOG:  statement: GRANT SELECT,INSERT,DELETE,UPDATE ON TABLE public.workshop_saves TO app_ledger;
172.17.0.1 2026-10-03 20:47:41.962 UTC [96] supabase_admin@postgres LOG:  statement: GRANT ALL ON TABLE public.workspace_membership TO anon;
172.17.0.1 2026-10-03 20:47:41.963 UTC [96] supabase_admin@postgres LOG:  statement: GRANT ALL ON TABLE public.workspace_membership TO authenticated;
172.17.0.1 2026-10-03 20:47:41.963 UTC [96] supabase_admin@postgres LOG:  statement: GRANT ALL ON TABLE public.workspace_membership TO service_role;
172.17.0.1 2026-10-03 20:47:41.963 UTC [96] supabase_admin@postgres LOG:  statement: ALTER DEFAULT PRIVILEGES FOR ROLE postgres IN SCHEMA public GRANT ALL ON SEQUENCES TO postgres;
172.17.0.1 2026-10-03 20:47:41.963 UTC [96] supabase_admin@postgres LOG:  statement: ALTER DEFAULT PRIVILEGES FOR ROLE postgres IN SCHEMA public GRANT ALL ON SEQUENCES TO anon;
172.17.0.1 2026-10-03 20:47:41.964 UTC [96] supabase_admin@postgres LOG:  statement: ALTER DEFAULT PRIVILEGES FOR ROLE postgres IN SCHEMA public GRANT ALL ON SEQUENCES TO authenticated;
172.17.0.1 2026-10-03 20:47:41.964 UTC [96] supabase_admin@postgres LOG:  statement: ALTER DEFAULT PRIVILEGES FOR ROLE postgres IN SCHEMA public GRANT ALL ON SEQUENCES TO service_role;
172.17.0.1 2026-10-03 20:47:41.964 UTC [96] supabase_admin@postgres LOG:  statement: ALTER DEFAULT PRIVILEGES FOR ROLE supabase_admin IN SCHEMA public GRANT ALL ON SEQUENCES TO postgres;
172.17.0.1 2026-10-03 20:47:41.964 UTC [96] supabase_admin@postgres LOG:  statement: ALTER DEFAULT PRIVILEGES FOR ROLE supabase_admin IN SCHEMA public GRANT ALL ON SEQUENCES TO anon;
172.17.0.1 2026-10-03 20:47:41.964 UTC [96] supabase_admin@postgres LOG:  statement: ALTER DEFAULT PRIVILEGES FOR ROLE supabase_admin IN SCHEMA public GRANT ALL ON SEQUENCES TO authenticated;
172.17.0.1 2026-10-03 20:47:41.964 UTC [96] supabase_admin@postgres LOG:  statement: ALTER DEFAULT PRIVILEGES FOR ROLE supabase_admin IN SCHEMA public GRANT ALL ON SEQUENCES TO service_role;
172.17.0.1 2026-10-03 20:47:41.964 UTC [96] supabase_admin@postgres LOG:  statement: ALTER DEFAULT PRIVILEGES FOR ROLE postgres IN SCHEMA public GRANT ALL ON FUNCTIONS TO postgres;
172.17.0.1 2026-10-03 20:47:41.964 UTC [96] supabase_admin@postgres LOG:  statement: ALTER DEFAULT PRIVILEGES FOR ROLE postgres IN SCHEMA public GRANT ALL ON FUNCTIONS TO anon;
172.17.0.1 2026-10-03 20:47:41.965 UTC [96] supabase_admin@postgres LOG:  statement: ALTER DEFAULT PRIVILEGES FOR ROLE postgres IN SCHEMA public GRANT ALL ON FUNCTIONS TO authenticated;
172.17.0.1 2026-10-03 20:47:41.965 UTC [96] supabase_admin@postgres LOG:  statement: ALTER DEFAULT PRIVILEGES FOR ROLE postgres IN SCHEMA public GRANT ALL ON FUNCTIONS TO service_role;
172.17.0.1 2026-10-03 20:47:41.965 UTC [96] supabase_admin@postgres LOG:  statement: ALTER DEFAULT PRIVILEGES FOR ROLE supabase_admin IN SCHEMA public GRANT ALL ON FUNCTIONS TO postgres;
172.17.0.1 2026-10-03 20:47:41.965 UTC [96] supabase_admin@postgres LOG:  statement: ALTER DEFAULT PRIVILEGES FOR ROLE supabase_admin IN SCHEMA public GRANT ALL ON FUNCTIONS TO anon;
172.17.0.1 2026-10-03 20:47:41.965 UTC [96] supabase_admin@postgres LOG:  statement: ALTER DEFAULT PRIVILEGES FOR ROLE supabase_admin IN SCHEMA public GRANT ALL ON FUNCTIONS TO authenticated;
172.17.0.1 2026-10-03 20:47:41.965 UTC [96] supabase_admin@postgres LOG:  statement: ALTER DEFAULT PRIVILEGES FOR ROLE supabase_admin IN SCHEMA public GRANT ALL ON FUNCTIONS TO service_role;
172.17.0.1 2026-10-03 20:47:41.965 UTC [96] supabase_admin@postgres LOG:  statement: ALTER DEFAULT PRIVILEGES FOR ROLE postgres IN SCHEMA public GRANT ALL ON TABLES TO postgres;
172.17.0.1 2026-10-03 20:47:41.965 UTC [96] supabase_admin@postgres LOG:  statement: ALTER DEFAULT PRIVILEGES FOR ROLE postgres IN SCHEMA public GRANT ALL ON TABLES TO anon;
172.17.0.1 2026-10-03 20:47:41.966 UTC [96] supabase_admin@postgres LOG:  statement: ALTER DEFAULT PRIVILEGES FOR ROLE postgres IN SCHEMA public GRANT ALL ON TABLES TO authenticated;
172.17.0.1 2026-10-03 20:47:41.966 UTC [96] supabase_admin@postgres LOG:  statement: ALTER DEFAULT PRIVILEGES FOR ROLE postgres IN SCHEMA public GRANT ALL ON TABLES TO service_role;
172.17.0.1 2026-10-03 20:47:41.966 UTC [96] supabase_admin@postgres LOG:  statement: ALTER DEFAULT PRIVILEGES FOR ROLE supabase_admin IN SCHEMA public GRANT ALL ON TABLES TO postgres;
172.17.0.1 2026-10-03 20:47:41.966 UTC [96] supabase_admin@postgres LOG:  statement: ALTER DEFAULT PRIVILEGES FOR ROLE supabase_admin IN SCHEMA public GRANT ALL ON TABLES TO anon;
172.17.0.1 2026-10-03 20:47:41.966 UTC [96] supabase_admin@postgres LOG:  statement: ALTER DEFAULT PRIVILEGES FOR ROLE supabase_admin IN SCHEMA public GRANT ALL ON TABLES TO authenticated;
172.17.0.1 2026-10-03 20:47:41.966 UTC [96] supabase_admin@postgres LOG:  statement: ALTER DEFAULT PRIVILEGES FOR ROLE supabase_admin IN SCHEMA public GRANT ALL ON TABLES TO service_role;
172.17.0.1 2026-10-03 20:47:42.042 UTC [105] supabase_admin@postgres LOG:  statement: alter table public."agent_artifact_revisions" owner to postgres
172.17.0.1 2026-10-03 20:47:42.049 UTC [105] supabase_admin@postgres LOG:  statement: alter table public."agent_artifacts" owner to postgres
172.17.0.1 2026-10-03 20:47:42.053 UTC [105] supabase_admin@postgres LOG:  statement: alter table public."agent_built_skills" owner to postgres
172.17.0.1 2026-10-03 20:47:42.058 UTC [105] supabase_admin@postgres LOG:  statement: alter table public."agent_group_members" owner to postgres
172.17.0.1 2026-10-03 20:47:42.064 UTC [105] supabase_admin@postgres LOG:  statement: alter table public."agent_groups" owner to postgres
172.17.0.1 2026-10-03 20:47:42.069 UTC [105] supabase_admin@postgres LOG:  statement: alter table public."agent_memories" owner to postgres
172.17.0.1 2026-10-03 20:47:42.073 UTC [105] supabase_admin@postgres LOG:  statement: alter table public."ai_usage" owner to postgres
172.17.0.1 2026-10-03 20:47:42.079 UTC [105] supabase_admin@postgres LOG:  statement: alter table public."app_modules" owner to postgres
172.17.0.1 2026-10-03 20:47:42.083 UTC [105] supabase_admin@postgres LOG:  statement: alter table public."assignment_rules" owner to postgres
172.17.0.1 2026-10-03 20:47:42.087 UTC [105] supabase_admin@postgres LOG:  statement: alter table public."attachment_file_state" owner to postgres
172.17.0.1 2026-10-03 20:47:42.094 UTC [105] supabase_admin@postgres LOG:  statement: alter table public."attachment_links" owner to postgres
172.17.0.1 2026-10-03 20:47:42.099 UTC [105] supabase_admin@postgres LOG:  statement: alter table public."attachment_trash" owner to postgres
172.17.0.1 2026-10-03 20:47:42.103 UTC [105] supabase_admin@postgres LOG:  statement: alter table public."backup_configs" owner to postgres
172.17.0.1 2026-10-03 20:47:42.109 UTC [105] supabase_admin@postgres LOG:  statement: alter table public."bg_jobs" owner to postgres
172.17.0.1 2026-10-03 20:47:42.115 UTC [105] supabase_admin@postgres LOG:  statement: alter table public."brain_access" owner to postgres
172.17.0.1 2026-10-03 20:47:42.119 UTC [105] supabase_admin@postgres LOG:  statement: alter table public."brain_agent_templates" owner to postgres
172.17.0.1 2026-10-03 20:47:42.124 UTC [105] supabase_admin@postgres LOG:  statement: alter table public."brain_chunks" owner to postgres
172.17.0.1 2026-10-03 20:47:42.129 UTC [105] supabase_admin@postgres LOG:  statement: alter table public."brain_documents" owner to postgres
172.17.0.1 2026-10-03 20:47:42.133 UTC [105] supabase_admin@postgres LOG:  statement: alter table public."brain_enrichment_settings" owner to postgres
172.17.0.1 2026-10-03 20:47:42.137 UTC [105] supabase_admin@postgres LOG:  statement: alter table public."brain_sources" owner to postgres
172.17.0.1 2026-10-03 20:47:42.141 UTC [105] supabase_admin@postgres LOG:  statement: alter table public."brain_vector_generations" owner to postgres
172.17.0.1 2026-10-03 20:47:42.146 UTC [105] supabase_admin@postgres LOG:  statement: alter table public."brain_vector_outbox" owner to postgres
172.17.0.1 2026-10-03 20:47:42.151 UTC [105] supabase_admin@postgres LOG:  statement: alter table public."brain_vector_reconcile_state" owner to postgres
172.17.0.1 2026-10-03 20:47:42.155 UTC [105] supabase_admin@postgres LOG:  statement: alter table public."brains" owner to postgres
172.17.0.1 2026-10-03 20:47:42.160 UTC [105] supabase_admin@postgres LOG:  statement: alter table public."built_agent_skills" owner to postgres
172.17.0.1 2026-10-03 20:47:42.165 UTC [105] supabase_admin@postgres LOG:  statement: alter table public."built_agents" owner to postgres
172.17.0.1 2026-10-03 20:47:42.169 UTC [105] supabase_admin@postgres LOG:  statement: alter table public."built_chapter_edges" owner to postgres
172.17.0.1 2026-10-03 20:47:42.174 UTC [105] supabase_admin@postgres LOG:  statement: alter table public."built_chapter_tools" owner to postgres
172.17.0.1 2026-10-03 20:47:42.178 UTC [105] supabase_admin@postgres LOG:  statement: alter table public."built_chapters" owner to postgres
172.17.0.1 2026-10-03 20:47:42.182 UTC [105] supabase_admin@postgres LOG:  statement: alter table public."built_skill_tools" owner to postgres
172.17.0.1 2026-10-03 20:47:42.187 UTC [105] supabase_admin@postgres LOG:  statement: alter table public."built_skills" owner to postgres
172.17.0.1 2026-10-03 20:47:42.194 UTC [105] supabase_admin@postgres LOG:  statement: alter table public."built_tools" owner to postgres
172.17.0.1 2026-10-03 20:47:42.198 UTC [105] supabase_admin@postgres LOG:  statement: alter table public."channel_assignments" owner to postgres
172.17.0.1 2026-10-03 20:47:42.203 UTC [105] supabase_admin@postgres LOG:  statement: alter table public."channel_bindings" owner to postgres
172.17.0.1 2026-10-03 20:47:42.208 UTC [105] supabase_admin@postgres LOG:  statement: alter table public."channel_identities" owner to postgres
172.17.0.1 2026-10-03 20:47:42.213 UTC [105] supabase_admin@postgres LOG:  statement: alter table public."channel_pairing_requests" owner to postgres
172.17.0.1 2026-10-03 20:47:42.218 UTC [105] supabase_admin@postgres LOG:  statement: alter table public."channels" owner to postgres
172.17.0.1 2026-10-03 20:47:42.223 UTC [105] supabase_admin@postgres LOG:  statement: alter table public."chat_messages" owner to postgres
172.17.0.1 2026-10-03 20:47:42.228 UTC [105] supabase_admin@postgres LOG:  statement: alter table public."config_snapshots" owner to postgres
172.17.0.1 2026-10-03 20:47:42.233 UTC [105] supabase_admin@postgres LOG:  statement: alter table public."crm_activities" owner to postgres
172.17.0.1 2026-10-03 20:47:42.238 UTC [105] supabase_admin@postgres LOG:  statement: alter table public."crm_contact_activity_stats" owner to postgres
172.17.0.1 2026-10-03 20:47:42.243 UTC [105] supabase_admin@postgres LOG:  statement: alter table public."crm_contact_identities" owner to postgres
172.17.0.1 2026-10-03 20:47:42.247 UTC [105] supabase_admin@postgres LOG:  statement: alter table public."messages" owner to postgres
172.17.0.1 2026-10-03 20:47:42.253 UTC [105] supabase_admin@postgres LOG:  statement: alter view public."crm_contact_stats" owner to postgres
172.17.0.1 2026-10-03 20:47:42.258 UTC [105] supabase_admin@postgres LOG:  statement: alter table public."crm_contact_tags" owner to postgres
172.17.0.1 2026-10-03 20:47:42.264 UTC [105] supabase_admin@postgres LOG:  statement: alter view public."crm_contact_timeline" owner to postgres
172.17.0.1 2026-10-03 20:47:42.269 UTC [105] supabase_admin@postgres LOG:  statement: alter table public."crm_contacts" owner to postgres
172.17.0.1 2026-10-03 20:47:42.274 UTC [105] supabase_admin@postgres LOG:  statement: alter table public."crm_conversation_analysis" owner to postgres
172.17.0.1 2026-10-03 20:47:42.278 UTC [105] supabase_admin@postgres LOG:  statement: alter table public."crm_conversation_chunks" owner to postgres
172.17.0.1 2026-10-03 20:47:42.283 UTC [105] supabase_admin@postgres LOG:  statement: alter table public."crm_conversation_index" owner to postgres
172.17.0.1 2026-10-03 20:47:42.289 UTC [105] supabase_admin@postgres LOG:  statement: alter table public."crm_message_sentiment" owner to postgres
172.17.0.1 2026-10-03 20:47:42.295 UTC [105] supabase_admin@postgres LOG:  statement: alter table public."crm_sentiment_chat_daily" owner to postgres
172.17.0.1 2026-10-03 20:47:42.301 UTC [105] supabase_admin@postgres LOG:  statement: alter table public."app_table_config" owner to postgres
172.17.0.1 2026-10-03 20:47:42.305 UTC [105] supabase_admin@postgres LOG:  statement: alter table public."crm_settings" owner to postgres
172.17.0.1 2026-10-03 20:47:42.310 UTC [105] supabase_admin@postgres LOG:  statement: alter table public."crm_tags" owner to postgres
172.17.0.1 2026-10-03 20:47:42.339 UTC [105] supabase_admin@postgres LOG:  statement: alter table public."crm_win_embeddings" owner to postgres
172.17.0.1 2026-10-03 20:47:42.343 UTC [105] supabase_admin@postgres LOG:  statement: alter table public."crm_word_frequency_daily" owner to postgres
172.17.0.1 2026-10-03 20:47:42.347 UTC [105] supabase_admin@postgres LOG:  statement: alter table public."dashboard_layouts" owner to postgres
172.17.0.1 2026-10-03 20:47:42.351 UTC [105] supabase_admin@postgres LOG:  statement: alter table public."device_identities" owner to postgres
172.17.0.1 2026-10-03 20:47:42.356 UTC [105] supabase_admin@postgres LOG:  statement: alter table public."doc_audit_log" owner to postgres
172.17.0.1 2026-10-03 20:47:42.360 UTC [105] supabase_admin@postgres LOG:  statement: alter table public."doc_comments" owner to postgres
172.17.0.1 2026-10-03 20:47:42.365 UTC [105] supabase_admin@postgres LOG:  statement: alter table public."email_ledger" owner to postgres
172.17.0.1 2026-10-03 20:47:42.371 UTC [105] supabase_admin@postgres LOG:  statement: alter table public."email_ledger_settings" owner to postgres
172.17.0.1 2026-10-03 20:47:42.377 UTC [105] supabase_admin@postgres LOG:  statement: alter table public."email_opens" owner to postgres
172.17.0.1 2026-10-03 20:47:42.381 UTC [105] supabase_admin@postgres LOG:  statement: alter table public."files" owner to postgres
172.17.0.1 2026-10-03 20:47:42.386 UTC [105] supabase_admin@postgres LOG:  statement: alter table public."fin_clients" owner to postgres
172.17.0.1 2026-10-03 20:47:42.390 UTC [105] supabase_admin@postgres LOG:  statement: alter table public."fin_dni_placeholder_null_bak" owner to postgres
172.17.0.1 2026-10-03 20:47:42.395 UTC [105] supabase_admin@postgres LOG:  statement: alter table public."fin_dni_reassign_bak_cli" owner to postgres
172.17.0.1 2026-10-03 20:47:42.399 UTC [105] supabase_admin@postgres LOG:  statement: alter table public."fin_dni_reassign_bak_inv" owner to postgres
172.17.0.1 2026-10-03 20:47:42.403 UTC [105] supabase_admin@postgres LOG:  statement: alter table public."fin_invoice_items" owner to postgres
172.17.0.1 2026-10-03 20:47:42.408 UTC [105] supabase_admin@postgres LOG:  statement: alter table public."fin_invoices" owner to postgres
172.17.0.1 2026-10-03 20:47:42.415 UTC [105] supabase_admin@postgres LOG:  statement: alter table public."fin_payments" owner to postgres
172.17.0.1 2026-10-03 20:47:42.420 UTC [105] supabase_admin@postgres LOG:  statement: alter table public."fin_payments_method_bak_20260814" owner to postgres
172.17.0.1 2026-10-03 20:47:42.425 UTC [105] supabase_admin@postgres LOG:  statement: alter table public."fin_product_components" owner to postgres
172.17.0.1 2026-10-03 20:47:42.432 UTC [105] supabase_admin@postgres LOG:  statement: alter table public."fin_products" owner to postgres
172.17.0.1 2026-10-03 20:47:42.437 UTC [105] supabase_admin@postgres LOG:  statement: alter table public."fin_products_bak_insumos2608" owner to postgres
172.17.0.1 2026-10-03 20:47:42.442 UTC [105] supabase_admin@postgres LOG:  statement: alter table public."fin_purchase_periods" owner to postgres
172.17.0.1 2026-10-03 20:47:42.448 UTC [105] supabase_admin@postgres LOG:  statement: alter table public."fin_purchases" owner to postgres
172.17.0.1 2026-10-03 20:47:42.453 UTC [105] supabase_admin@postgres LOG:  statement: alter table public."fin_settings" owner to postgres
172.17.0.1 2026-10-03 20:47:42.459 UTC [105] supabase_admin@postgres LOG:  statement: alter table public."fin_sources" owner to postgres
172.17.0.1 2026-10-03 20:47:42.464 UTC [105] supabase_admin@postgres LOG:  statement: alter table public."fin_statement_imports" owner to postgres
172.17.0.1 2026-10-03 20:47:42.469 UTC [105] supabase_admin@postgres LOG:  statement: alter table public."fin_sync_jobs" owner to postgres
172.17.0.1 2026-10-03 20:47:42.475 UTC [105] supabase_admin@postgres LOG:  statement: alter table public."fin_transactions" owner to postgres
172.17.0.1 2026-10-03 20:47:42.480 UTC [105] supabase_admin@postgres LOG:  statement: alter table public."flow_groups" owner to postgres
172.17.0.1 2026-10-03 20:47:42.487 UTC [105] supabase_admin@postgres LOG:  statement: alter table public."flow_groups_backup_20260604" owner to postgres
172.17.0.1 2026-10-03 20:47:42.492 UTC [105] supabase_admin@postgres LOG:  statement: alter table public."flow_runs" owner to postgres
172.17.0.1 2026-10-03 20:47:42.498 UTC [105] supabase_admin@postgres LOG:  statement: alter table public."flow_var_exports" owner to postgres
172.17.0.1 2026-10-03 20:47:42.503 UTC [105] supabase_admin@postgres LOG:  statement: alter table public."flows" owner to postgres
172.17.0.1 2026-10-03 20:47:42.509 UTC [105] supabase_admin@postgres LOG:  statement: alter table public."flows_backup_20260604" owner to postgres
172.17.0.1 2026-10-03 20:47:42.514 UTC [105] supabase_admin@postgres LOG:  statement: alter table public."flows_backup_20260605_triage" owner to postgres
172.17.0.1 2026-10-03 20:47:42.520 UTC [105] supabase_admin@postgres LOG:  statement: alter table public."gateway" owner to postgres
172.17.0.1 2026-10-03 20:47:42.527 UTC [105] supabase_admin@postgres LOG:  statement: alter table public."gateway_lease" owner to postgres
172.17.0.1 2026-10-03 20:47:42.532 UTC [105] supabase_admin@postgres LOG:  statement: alter table public."gateway_signing_keys" owner to postgres
172.17.0.1 2026-10-03 20:47:42.536 UTC [105] supabase_admin@postgres LOG:  statement: alter table public."hr_employees" owner to postgres
172.17.0.1 2026-10-03 20:47:42.540 UTC [105] supabase_admin@postgres LOG:  statement: alter table public."hr_holidays" owner to postgres
172.17.0.1 2026-10-03 20:47:42.545 UTC [105] supabase_admin@postgres LOG:  statement: alter table public."hr_leave_allocations" owner to postgres
172.17.0.1 2026-10-03 20:47:42.549 UTC [105] supabase_admin@postgres LOG:  statement: alter table public."hr_leave_requests" owner to postgres
172.17.0.1 2026-10-03 20:47:42.554 UTC [105] supabase_admin@postgres LOG:  statement: alter table public."hr_leave_types" owner to postgres
172.17.0.1 2026-10-03 20:47:42.558 UTC [105] supabase_admin@postgres LOG:  statement: alter table public."hr_settings" owner to postgres
172.17.0.1 2026-10-03 20:47:42.565 UTC [105] supabase_admin@postgres LOG:  statement: alter table public."hub_migrations" owner to postgres
172.17.0.1 2026-10-03 20:47:42.571 UTC [105] supabase_admin@postgres LOG:  statement: alter table public."identity_subscriptions" owner to postgres
172.17.0.1 2026-10-03 20:47:42.575 UTC [105] supabase_admin@postgres LOG:  statement: alter table public."job_effect_batches" owner to postgres
172.17.0.1 2026-10-03 20:47:42.580 UTC [105] supabase_admin@postgres LOG:  statement: alter table public."job_effect_pages" owner to postgres
172.17.0.1 2026-10-03 20:47:42.584 UTC [105] supabase_admin@postgres LOG:  statement: alter table public."job_effect_units" owner to postgres
172.17.0.1 2026-10-03 20:47:42.590 UTC [105] supabase_admin@postgres LOG:  statement: alter table public."job_effects" owner to postgres
172.17.0.1 2026-10-03 20:47:42.596 UTC [105] supabase_admin@postgres LOG:  statement: alter table public."join_link" owner to postgres
172.17.0.1 2026-10-03 20:47:42.600 UTC [105] supabase_admin@postgres LOG:  statement: alter table public."join_request" owner to postgres
172.17.0.1 2026-10-03 20:47:42.606 UTC [105] supabase_admin@postgres LOG:  statement: alter table public."knowledge_chunks" owner to postgres
172.17.0.1 2026-10-03 20:47:42.613 UTC [105] supabase_admin@postgres LOG:  statement: alter table public."knowledge_documents" owner to postgres
172.17.0.1 2026-10-03 20:47:42.619 UTC [105] supabase_admin@postgres LOG:  statement: alter table public."knowledge_sources" owner to postgres
172.17.0.1 2026-10-03 20:47:42.624 UTC [105] supabase_admin@postgres LOG:  statement: alter table public."marketplace_agents" owner to postgres
172.17.0.1 2026-10-03 20:47:42.631 UTC [105] supabase_admin@postgres LOG:  statement: alter table public."marketplace_installs" owner to postgres
172.17.0.1 2026-10-03 20:47:42.635 UTC [105] supabase_admin@postgres LOG:  statement: alter table public."member_roles" owner to postgres
172.17.0.1 2026-10-03 20:47:42.640 UTC [105] supabase_admin@postgres LOG:  statement: alter table public."membership_cycles" owner to postgres
172.17.0.1 2026-10-03 20:47:42.644 UTC [105] supabase_admin@postgres LOG:  statement: alter table public."membership_plans" owner to postgres
172.17.0.1 2026-10-03 20:47:42.650 UTC [105] supabase_admin@postgres LOG:  statement: alter table public."memberships" owner to postgres
172.17.0.1 2026-10-03 20:47:42.655 UTC [105] supabase_admin@postgres LOG:  statement: alter table public."meta_ad_insights" owner to postgres
172.17.0.1 2026-10-03 20:47:42.661 UTC [105] supabase_admin@postgres LOG:  statement: alter table public."meta_ad_posts" owner to postgres
172.17.0.1 2026-10-03 20:47:42.667 UTC [105] supabase_admin@postgres LOG:  statement: alter table public."meta_assets" owner to postgres
172.17.0.1 2026-10-03 20:47:42.672 UTC [105] supabase_admin@postgres LOG:  statement: alter table public."meta_connections" owner to postgres
172.17.0.1 2026-10-03 20:47:42.677 UTC [105] supabase_admin@postgres LOG:  statement: alter table public."meta_lead_attribution" owner to postgres
172.17.0.1 2026-10-03 20:47:42.682 UTC [105] supabase_admin@postgres LOG:  statement: alter table public."meta_post_insights" owner to postgres
172.17.0.1 2026-10-03 20:47:42.687 UTC [105] supabase_admin@postgres LOG:  statement: alter table public."meta_post_media" owner to postgres
172.17.0.1 2026-10-03 20:47:42.691 UTC [105] supabase_admin@postgres LOG:  statement: alter table public."meta_sync_jobs" owner to postgres
172.17.0.1 2026-10-03 20:47:42.696 UTC [105] supabase_admin@postgres LOG:  statement: alter table public."missions" owner to postgres
172.17.0.1 2026-10-03 20:47:42.702 UTC [105] supabase_admin@postgres LOG:  statement: alter table public."naming_series_counters" owner to postgres
172.17.0.1 2026-10-03 20:47:42.708 UTC [105] supabase_admin@postgres LOG:  statement: alter table public."notes" owner to postgres
172.17.0.1 2026-10-03 20:47:42.715 UTC [105] supabase_admin@postgres LOG:  statement: alter table public."notif_log" owner to postgres
172.17.0.1 2026-10-03 20:47:42.723 UTC [105] supabase_admin@postgres LOG:  statement: alter table public."notif_rules" owner to postgres
172.17.0.1 2026-10-03 20:47:42.728 UTC [105] supabase_admin@postgres LOG:  statement: alter table public."org_areas" owner to postgres
172.17.0.1 2026-10-03 20:47:42.734 UTC [105] supabase_admin@postgres LOG:  statement: alter table public."org_provision_runs" owner to postgres
172.17.0.1 2026-10-03 20:47:42.741 UTC [105] supabase_admin@postgres LOG:  statement: alter table public."org_roles" owner to postgres
172.17.0.1 2026-10-03 20:47:42.747 UTC [105] supabase_admin@postgres LOG:  statement: alter table public."organization_members" owner to postgres
172.17.0.1 2026-10-03 20:47:42.753 UTC [105] supabase_admin@postgres LOG:  statement: alter table public."organizations" owner to postgres
172.17.0.1 2026-10-03 20:47:42.759 UTC [105] supabase_admin@postgres LOG:  statement: alter table public."parties" owner to postgres
172.17.0.1 2026-10-03 20:47:42.766 UTC [105] supabase_admin@postgres LOG:  statement: alter table public."pending_channel_claims" owner to postgres
172.17.0.1 2026-10-03 20:47:42.771 UTC [105] supabase_admin@postgres LOG:  statement: alter table public."permission_roles" owner to postgres
172.17.0.1 2026-10-03 20:47:42.777 UTC [105] supabase_admin@postgres LOG:  statement: alter table public."permission_rules" owner to postgres
172.17.0.1 2026-10-03 20:47:42.782 UTC [105] supabase_admin@postgres LOG:  statement: alter table public."personal_agents" owner to postgres
172.17.0.1 2026-10-03 20:47:42.788 UTC [105] supabase_admin@postgres LOG:  statement: alter table public."plugin_org_disabled" owner to postgres
172.17.0.1 2026-10-03 20:47:42.794 UTC [105] supabase_admin@postgres LOG:  statement: alter table public."pos_client_ledger" owner to postgres
172.17.0.1 2026-10-03 20:47:42.799 UTC [105] supabase_admin@postgres LOG:  statement: alter table public."pos_emissions" owner to postgres
172.17.0.1 2026-10-03 20:47:42.805 UTC [105] supabase_admin@postgres LOG:  statement: alter table public."pos_package_grants" owner to postgres
172.17.0.1 2026-10-03 20:47:42.810 UTC [105] supabase_admin@postgres LOG:  statement: alter table public."pos_package_redemptions" owner to postgres
172.17.0.1 2026-10-03 20:47:42.818 UTC [105] supabase_admin@postgres LOG:  statement: alter table public."pos_payment_plans" owner to postgres
172.17.0.1 2026-10-03 20:47:42.824 UTC [105] supabase_admin@postgres LOG:  statement: alter table public."pos_payments" owner to postgres
172.17.0.1 2026-10-03 20:47:42.831 UTC [105] supabase_admin@postgres LOG:  statement: alter table public."pos_series" owner to postgres
172.17.0.1 2026-10-03 20:47:42.836 UTC [105] supabase_admin@postgres LOG:  statement: alter table public."pos_settings" owner to postgres
172.17.0.1 2026-10-03 20:47:42.841 UTC [105] supabase_admin@postgres LOG:  statement: alter table public."pos_shifts" owner to postgres
172.17.0.1 2026-10-03 20:47:42.845 UTC [105] supabase_admin@postgres LOG:  statement: alter table public."pos_ticket_lines" owner to postgres
172.17.0.1 2026-10-03 20:47:42.852 UTC [105] supabase_admin@postgres LOG:  statement: alter table public."pos_tickets" owner to postgres
172.17.0.1 2026-10-03 20:47:42.857 UTC [105] supabase_admin@postgres LOG:  statement: alter table public."profiles" owner to postgres
172.17.0.1 2026-10-03 20:47:42.862 UTC [105] supabase_admin@postgres LOG:  statement: alter table public."profiles_legacy_user_id_backup_20260610" owner to postgres
172.17.0.1 2026-10-03 20:47:42.867 UTC [105] supabase_admin@postgres LOG:  statement: alter table public."proj_projects" owner to postgres
172.17.0.1 2026-10-03 20:47:42.873 UTC [105] supabase_admin@postgres LOG:  statement: alter table public."proj_tasks" owner to postgres
172.17.0.1 2026-10-03 20:47:42.878 UTC [105] supabase_admin@postgres LOG:  statement: alter table public."proj_templates" owner to postgres
172.17.0.1 2026-10-03 20:47:42.884 UTC [105] supabase_admin@postgres LOG:  statement: alter table public."proj_timesheets" owner to postgres
172.17.0.1 2026-10-03 20:47:42.890 UTC [105] supabase_admin@postgres LOG:  statement: alter table public."pulse_proposals" owner to postgres
172.17.0.1 2026-10-03 20:47:42.897 UTC [105] supabase_admin@postgres LOG:  statement: alter table public."pulse_settings" owner to postgres
172.17.0.1 2026-10-03 20:47:42.903 UTC [105] supabase_admin@postgres LOG:  statement: alter table public."sales_orders" owner to postgres
172.17.0.1 2026-10-03 20:47:42.910 UTC [105] supabase_admin@postgres LOG:  statement: alter table public."sched_availability" owner to postgres
172.17.0.1 2026-10-03 20:47:42.915 UTC [105] supabase_admin@postgres LOG:  statement: alter table public."sched_booking_status_log" owner to postgres
172.17.0.1 2026-10-03 20:47:42.920 UTC [105] supabase_admin@postgres LOG:  statement: alter table public."sched_bookings" owner to postgres
172.17.0.1 2026-10-03 20:47:42.928 UTC [105] supabase_admin@postgres LOG:  statement: alter table public."sched_event_kinds" owner to postgres
172.17.0.1 2026-10-03 20:47:42.932 UTC [105] supabase_admin@postgres LOG:  statement: alter table public."sched_event_type_resources" owner to postgres
172.17.0.1 2026-10-03 20:47:42.937 UTC [105] supabase_admin@postgres LOG:  statement: alter table public."sched_event_types" owner to postgres
172.17.0.1 2026-10-03 20:47:42.942 UTC [105] supabase_admin@postgres LOG:  statement: alter table public."sched_links" owner to postgres
172.17.0.1 2026-10-03 20:47:42.948 UTC [105] supabase_admin@postgres LOG:  statement: alter table public."sched_reminder_config" owner to postgres
172.17.0.1 2026-10-03 20:47:42.952 UTC [105] supabase_admin@postgres LOG:  statement: alter table public."sched_reminders" owner to postgres
172.17.0.1 2026-10-03 20:47:42.958 UTC [105] supabase_admin@postgres LOG:  statement: alter table public."sched_resources" owner to postgres
172.17.0.1 2026-10-03 20:47:42.963 UTC [105] supabase_admin@postgres LOG:  statement: alter table public."sched_schedules" owner to postgres
172.17.0.1 2026-10-03 20:47:42.967 UTC [105] supabase_admin@postgres LOG:  statement: alter table public."server_backups" owner to postgres
172.17.0.1 2026-10-03 20:47:42.973 UTC [105] supabase_admin@postgres LOG:  statement: alter table public."server_provision_configs" owner to postgres
172.17.0.1 2026-10-03 20:47:42.978 UTC [105] supabase_admin@postgres LOG:  statement: alter table public."session_tasks" owner to postgres
172.17.0.1 2026-10-03 20:47:42.985 UTC [105] supabase_admin@postgres LOG:  statement: alter table public."sessions" owner to postgres
172.17.0.1 2026-10-03 20:47:42.991 UTC [105] supabase_admin@postgres LOG:  statement: alter table public."settings" owner to postgres
172.17.0.1 2026-10-03 20:47:42.997 UTC [105] supabase_admin@postgres LOG:  statement: alter table public."skill_execution_stats" owner to postgres
172.17.0.1 2026-10-03 20:47:43.003 UTC [105] supabase_admin@postgres LOG:  statement: alter table public."skills" owner to postgres
172.17.0.1 2026-10-03 20:47:43.009 UTC [105] supabase_admin@postgres LOG:  statement: alter table public."stk_accruals" owner to postgres
172.17.0.1 2026-10-03 20:47:43.017 UTC [105] supabase_admin@postgres LOG:  statement: alter table public."stk_bins" owner to postgres
172.17.0.1 2026-10-03 20:47:43.025 UTC [105] supabase_admin@postgres LOG:  statement: alter table public."stk_bins_bak_insumos2608" owner to postgres
172.17.0.1 2026-10-03 20:47:43.030 UTC [105] supabase_admin@postgres LOG:  statement: alter table public."stk_consumption" owner to postgres
172.17.0.1 2026-10-03 20:47:43.035 UTC [105] supabase_admin@postgres LOG:  statement: alter table public."stk_consumption_bak_insumos2608" owner to postgres
172.17.0.1 2026-10-03 20:47:43.042 UTC [105] supabase_admin@postgres LOG:  statement: alter table public."stk_entries" owner to postgres
172.17.0.1 2026-10-03 20:47:43.048 UTC [105] supabase_admin@postgres LOG:  statement: alter table public."stk_entries_bak_repair" owner to postgres
172.17.0.1 2026-10-03 20:47:43.054 UTC [105] supabase_admin@postgres LOG:  statement: alter table public."stk_entries_reclass_bak" owner to postgres
172.17.0.1 2026-10-03 20:47:43.059 UTC [105] supabase_admin@postgres LOG:  statement: alter table public."stk_entry_lines" owner to postgres
172.17.0.1 2026-10-03 20:47:43.065 UTC [105] supabase_admin@postgres LOG:  statement: alter table public."stk_item_components" owner to postgres
172.17.0.1 2026-10-03 20:47:43.072 UTC [105] supabase_admin@postgres LOG:  statement: alter table public."stk_items" owner to postgres
172.17.0.1 2026-10-03 20:47:43.082 UTC [105] supabase_admin@postgres LOG:  statement: alter table public."stk_items_bak_insumos2608" owner to postgres
172.17.0.1 2026-10-03 20:47:43.091 UTC [105] supabase_admin@postgres LOG:  statement: alter table public."stk_ledger" owner to postgres
172.17.0.1 2026-10-03 20:47:43.101 UTC [105] supabase_admin@postgres LOG:  statement: alter table public."stk_ledger_bak_repair" owner to postgres
172.17.0.1 2026-10-03 20:47:43.106 UTC [105] supabase_admin@postgres LOG:  statement: alter table public."stk_warehouses" owner to postgres
172.17.0.1 2026-10-03 20:47:43.112 UTC [105] supabase_admin@postgres LOG:  statement: alter table public."support_issues" owner to postgres
172.17.0.1 2026-10-03 20:47:43.117 UTC [105] supabase_admin@postgres LOG:  statement: alter table public."support_settings" owner to postgres
172.17.0.1 2026-10-03 20:47:43.124 UTC [105] supabase_admin@postgres LOG:  statement: alter table public."tag_links" owner to postgres
172.17.0.1 2026-10-03 20:47:43.130 UTC [105] supabase_admin@postgres LOG:  statement: alter table public."tasks" owner to postgres
172.17.0.1 2026-10-03 20:47:43.135 UTC [105] supabase_admin@postgres LOG:  statement: alter table public."user_agents" owner to postgres
172.17.0.1 2026-10-03 20:47:43.142 UTC [105] supabase_admin@postgres LOG:  statement: alter table public."user_gateway" owner to postgres
172.17.0.1 2026-10-03 20:47:43.147 UTC [105] supabase_admin@postgres LOG:  statement: alter table public."user_identities" owner to postgres
172.17.0.1 2026-10-03 20:47:43.153 UTC [105] supabase_admin@postgres LOG:  statement: alter table public."user_preferences" owner to postgres
172.17.0.1 2026-10-03 20:47:43.159 UTC [105] supabase_admin@postgres LOG:  statement: alter table public."workflow_defs" owner to postgres
172.17.0.1 2026-10-03 20:47:43.165 UTC [105] supabase_admin@postgres LOG:  statement: alter table public."workshop_comparison_outputs" owner to postgres
172.17.0.1 2026-10-03 20:47:43.170 UTC [105] supabase_admin@postgres LOG:  statement: alter table public."workshop_comparison_runs" owner to postgres
172.17.0.1 2026-10-03 20:47:43.176 UTC [105] supabase_admin@postgres LOG:  statement: alter table public."workshop_groupchat_agents" owner to postgres
172.17.0.1 2026-10-03 20:47:43.182 UTC [105] supabase_admin@postgres LOG:  statement: alter table public."workshop_groupchat_messages" owner to postgres
172.17.0.1 2026-10-03 20:47:43.188 UTC [105] supabase_admin@postgres LOG:  statement: alter table public."workshop_groupchat_runs" owner to postgres
172.17.0.1 2026-10-03 20:47:43.193 UTC [105] supabase_admin@postgres LOG:  statement: alter table public."workshop_prompt_categories" owner to postgres
172.17.0.1 2026-10-03 20:47:43.198 UTC [105] supabase_admin@postgres LOG:  statement: alter table public."workshop_rankings" owner to postgres
172.17.0.1 2026-10-03 20:47:43.203 UTC [105] supabase_admin@postgres LOG:  statement: alter table public."workshop_saves" owner to postgres
172.17.0.1 2026-10-03 20:47:43.210 UTC [105] supabase_admin@postgres LOG:  statement: alter table public."workspace_membership" owner to postgres
172.17.0.1 2026-10-03 20:47:43.298 UTC [106] postgres@postgres LOG:  execute <unnamed>: create table if not exists public.hub_migrations (version text primary key, applied_at timestamptz not null default now())
172.17.0.1 2026-10-03 20:47:43.308 UTC [106] postgres@postgres LOG:  statement: -- Tag scopes (owner directive 2026-09-19): every category owns its own tags and
	-- they are never interchangeable — customer (crm) tags cannot be applied to
	-- stock items, products/services/recipes (catalog) or events, and so on.
	-- `crm_tags.scope` names the category; uniqueness becomes (org, scope, name)
	-- so "VIP" may exist once per category. Stock items join the polymorphic
	-- tag_links table (entity_kind='item') — recipes and products INHERIT those
	-- tags from their ingredients at read time, never by copying rows.
	--
	-- Backfill: every existing tag is a crm tag. Tags that were applied through
	-- tag_links (bookings → event scope; event types + products → catalog scope)
	-- move to that scope when nothing else uses them, and are CLONED into it when
	-- a contact also carries them (or they straddle both link scopes), with the
	-- links repointed. No application is lost.
	
	alter table public.crm_tags add column if not exists scope text not null default 'crm';
	alter table public.crm_tags drop constraint if exists crm_tags_scope_check;
	alter table public.crm_tags
	  add constraint crm_tags_scope_check check (scope in ('crm', 'stock', 'catalog', 'event'));
	
	-- (org, name) uniqueness would block the clones below — the scoped index
	-- replaces it at the end.
	drop index if exists public.crm_tags_org_name_uniq;
	
	-- 1) Linked, never on a contact, one link scope → move the tag as-is.
	with usage as (
	  select t.id,
	         bool_or(l.entity_kind = 'booking') as ev,
	         bool_or(l.entity_kind in ('event_type', 'product')) as cat
	    from public.crm_tags t
	    join public.tag_links l on l.tag_id = t.id
	   where t.scope = 'crm'
	     and t.kind = 'manual'
	     and not exists (select 1 from public.crm_contact_tags c where c.tag_id = t.id)
	   group by t.id
	)
	update public.crm_tags t
	   set scope = case when u.ev then 'event' else 'catalog' end
	  from usage u
	 where u.id = t.id
	   and u.ev <> u.cat;
	
	-- 2) Everything still crm-scoped that carries links: clone per link scope and
	--    repoint those links (the contact applications stay on the original).
	do $$
	declare
	  r record;
	  target_id uuid;
	  kinds text[];
	begin
	  for r in
	    select distinct t.id, t.org_id, t.name, t.color, t.position, t.created_by,
	           case when l.entity_kind = 'booking' then 'event' else 'catalog' end as target
	      from public.crm_tags t
	      join public.tag_links l on l.tag_id = t.id
	     where t.scope = 'crm'
	  loop
	    kinds := case when r.target = 'event' then array['booking'] else array['event_type', 'product'] end;
	    select id into target_id
	      from public.crm_tags
	     where org_id = r.org_id and scope = r.target and name = r.name;
	    if target_id is null then
	      insert into public.crm_tags (org_id, name, color, kind, rule, position, created_by, scope)
	      values (r.org_id, r.name, r.color, 'manual', null, r.position, r.created_by, r.target)
	      returning id into target_id;
	    end if;
	    update public.tag_links l
	       set tag_id = target_id
	     where l.tag_id = r.id
	       and l.entity_kind = any (kinds)
	       and not exists (
	         select 1 from public.tag_links x
	          where x.entity_kind = l.entity_kind and x.entity_id = l.entity_id and x.tag_id = target_id
	       );
	    -- Duplicates the guard above skipped (entity already had the clone).
	    delete from public.tag_links l where l.tag_id = r.id and l.entity_kind = any (kinds);
	  end loop;
	end $$;
	
	create unique index if not exists crm_tags_org_scope_name_uniq
	  on public.crm_tags (org_id, scope, name);
	create index if not exists crm_tags_org_scope_idx on public.crm_tags (org_id, scope);
	
	-- Stock items join the polymorphic link table.
	alter table public.tag_links drop constraint if exists tag_links_entity_kind_check;
	alter table public.tag_links
	  add constraint tag_links_entity_kind_check
	  check (entity_kind in ('booking', 'event_type', 'product', 'item'));
	
172.17.0.1 2026-10-03 20:47:43.329 UTC [106] postgres@postgres LOG:  statement: create table if not exists public.crm_contact_guardians (
	  org_id text not null,
	  ward_contact_id uuid not null references public.crm_contacts(id) on delete cascade,
	  guardian_contact_id uuid not null references public.crm_contacts(id) on delete cascade,
	  created_at timestamptz not null default now(),
	  primary key (org_id, ward_contact_id, guardian_contact_id),
	  constraint crm_contact_guardians_not_self check (ward_contact_id <> guardian_contact_id)
	);
	create index if not exists crm_contact_guardians_guardian_idx on public.crm_contact_guardians(org_id, guardian_contact_id);
	alter table public.crm_contact_guardians enable row level security;
	alter table public.crm_contact_guardians force row level security;
	drop policy if exists crm_contact_guardians_org_guc on public.crm_contact_guardians;
	create policy crm_contact_guardians_org_guc on public.crm_contact_guardians
	  using (org_id = current_setting('app.current_org_id', true))
	  with check (org_id = current_setting('app.current_org_id', true));
	grant select, insert, update, delete on public.crm_contact_guardians to app_ledger;
	
	create or replace function public.enforce_crm_guardian_eligibility()
	returns trigger language plpgsql as $$
	declare guardian_party uuid; ward_party uuid;
	begin
	  select c.party_id into guardian_party from public.crm_contacts c
	    join public.parties p on p.id = c.party_id and p.org_id = c.org_id
	    where c.id = new.guardian_contact_id and c.org_id = new.org_id and c.deleted_at is null
	      and p.type = 'person' and p.dob <= current_date - interval '18 years'
	    for update of p;
	  select c.party_id into ward_party from public.crm_contacts c
	    where c.id = new.ward_contact_id and c.org_id = new.org_id and c.deleted_at is null;
	  if guardian_party is null or ward_party is null or guardian_party = ward_party then
	    raise exception 'guardian must be a distinct adult person contact in the same organization';
	  end if;
	  return new;
	end $$;
	drop trigger if exists crm_guardian_eligibility on public.crm_contact_guardians;
	create trigger crm_guardian_eligibility before insert or update on public.crm_contact_guardians
	for each row execute function public.enforce_crm_guardian_eligibility();
	
	create or replace function public.preserve_crm_guardian_adulthood()
	returns trigger language plpgsql as $$
	begin
	  if (new.dob is null or new.dob > current_date - interval '18 years') and exists (
	    select 1 from public.crm_contacts c join public.crm_contact_guardians cg
	      on cg.org_id = c.org_id and cg.guardian_contact_id = c.id
	    where c.org_id = new.org_id and c.party_id = new.id
	  ) then
	    raise exception 'party is linked as a legal guardian and must remain an adult';
	  end if;
	  return new;
	end $$;
	drop trigger if exists parties_preserve_guardian_adulthood on public.parties;
	create trigger parties_preserve_guardian_adulthood before update of dob on public.parties
	for each row execute function public.preserve_crm_guardian_adulthood();
	
172.17.0.1 2026-10-03 20:47:43.348 UTC [106] postgres@postgres LOG:  statement: -- Per-organization table configuration (owner directive 2026-09-21): every
	-- user-facing table gets an ID column with a configurable prefix (display-only,
	-- laid over the entity's human code — never the UUID) and per-field overrides
	-- (label, default visibility, editing switched OFF). One jsonb document per
	-- org, keyed by table id (see src/lib/tables/registry.ts), mirrors crm_settings.
	--
	--   { "stock.items": { "idPrefix": "ITM-",
	--                      "fields": { "name": { "label": "Producto", "hidden": false, "editable": false } } } }
	
	create table if not exists public.app_table_config (
	  org_id text primary key,
	  value jsonb not null default '{}'::jsonb,
	  updated_at timestamptz not null default now()
	);
	--> statement-breakpoint
	
	-- ── RLS: org isolation via the app_ledger role + GUC (mirrors crm_settings) ──
	grant select, insert, update, delete on public.app_table_config to app_ledger;
	--> statement-breakpoint
	alter table public.app_table_config enable row level security;
	--> statement-breakpoint
	alter table public.app_table_config force row level security;
	--> statement-breakpoint
	drop policy if exists app_table_config_org_guc on public.app_table_config;
	--> statement-breakpoint
	create policy app_table_config_org_guc on public.app_table_config
	  for all using (org_id = current_setting('app.current_org_id', true))
	          with check (org_id = current_setting('app.current_org_id', true));
	
172.17.0.1 2026-10-03 20:47:43.359 UTC [106] postgres@postgres LOG:  statement: -- Managed, colored Select options for the POS catalog category column. Keep
	-- fin_products.category as the stored display value so existing APIs/imports
	-- remain compatible; the composite FK turns option rename/delete into atomic
	-- product updates and rejects stale values after deletion.
	
	create table public.fin_product_categories (
	  id uuid primary key default gen_random_uuid(),
	  org_id text not null,
	  name text not null,
	  color text not null check (color in (
	    '#3b82f6', '#10b981', '#f59e0b', '#ef4444', '#a855f7',
	    '#06b6d4', '#ec4899', '#f97316', '#6366f1', '#6b7280'
	  )),
	  created_at timestamptz not null default now(),
	  updated_at timestamptz not null default now(),
	  constraint fin_product_categories_org_name_uniq unique (org_id, name)
	);
	--> statement-breakpoint
	
	-- Preserve every exact legacy value, including case and whitespace variants.
	-- Color assignment is deterministic within each org and has no semantic effect.
	insert into public.fin_product_categories (org_id, name, color)
	select org_id, category,
	  (array['#3b82f6','#10b981','#f59e0b','#ef4444','#a855f7',
	         '#06b6d4','#ec4899','#f97316','#6366f1','#6b7280'])[
	    1 + ((row_number() over (partition by org_id order by category) - 1) % 10)::int
	  ]
	from (select distinct org_id, category from public.fin_products where category is not null) legacy;
	--> statement-breakpoint
	
	alter table public.fin_products
	  add constraint fin_products_category_fk
	  foreign key (org_id, category)
	  references public.fin_product_categories (org_id, name)
	  on update cascade
	  on delete set null (category);
	--> statement-breakpoint
	
	grant select, insert, update, delete on public.fin_product_categories to app_ledger;
	--> statement-breakpoint
	alter table public.fin_product_categories enable row level security;
	--> statement-breakpoint
	alter table public.fin_product_categories force row level security;
	--> statement-breakpoint
	create policy fin_product_categories_org_guc on public.fin_product_categories
	  for all using (org_id = current_setting('app.current_org_id', true))
	          with check (org_id = current_setting('app.current_org_id', true));
	
172.17.0.1 2026-10-03 20:47:43.374 UTC [106] postgres@postgres LOG:  statement: create table public.app_table_properties (
	  id uuid not null default gen_random_uuid(),
	  org_id text not null,
	  table_id text not null check (table_id in ('stock.items','stock.entries','pos.catalog','crm.customers','finances.invoices','finances.purchases','socials.campaigns','team.people')),
	  label text not null check (length(btrim(label)) between 1 and 80 and label = btrim(label)),
	  description text check (description is null or length(description) <= 500),
	  rules jsonb not null check (octet_length(rules::text) <= 65536),
	  has_default integer not null default 0 check (has_default in (0,1)),
	  default_value jsonb,
	  version integer not null default 1 check (version > 0),
	  archived_at timestamptz,
	  created_by text not null check (created_by <> ''),
	  updated_by text not null check (updated_by <> ''),
	  created_at timestamptz not null default now(),
	  updated_at timestamptz not null default now(),
	  primary key (org_id, id),
	  check (has_default = 1 or default_value is null)
	);
	--> statement-breakpoint
	create index app_table_properties_org_table_idx on public.app_table_properties(org_id, table_id, archived_at);
	--> statement-breakpoint
	create unique index app_table_properties_active_label_uniq
	  on public.app_table_properties(org_id, table_id, lower(label)) where archived_at is null;
	--> statement-breakpoint
	create table public.app_table_property_values (
	  org_id text not null,
	  property_id uuid not null,
	  record_id text not null check (length(record_id) between 1 and 500),
	  value jsonb not null,
	  version integer not null default 1 check (version > 0),
	  created_by text not null check (created_by <> ''),
	  updated_by text not null check (updated_by <> ''),
	  created_at timestamptz not null default now(),
	  updated_at timestamptz not null default now(),
	  primary key (org_id, property_id, record_id),
	  constraint app_table_property_values_property_fk foreign key (org_id, property_id) references public.app_table_properties(org_id, id),
	  check (octet_length(value::text) <= 65536)
	);
	--> statement-breakpoint
	create index app_table_property_values_record_idx on public.app_table_property_values(org_id, record_id);
	--> statement-breakpoint
	grant select, insert, update, delete on public.app_table_properties, public.app_table_property_values to app_ledger;
	--> statement-breakpoint
	alter table public.app_table_properties enable row level security;
	--> statement-breakpoint
	alter table public.app_table_properties force row level security;
	--> statement-breakpoint
	create policy app_table_properties_org_guc on public.app_table_properties for all
	  using (org_id = current_setting('app.current_org_id', true))
	  with check (org_id = current_setting('app.current_org_id', true));
	--> statement-breakpoint
	alter table public.app_table_property_values enable row level security;
	--> statement-breakpoint
	alter table public.app_table_property_values force row level security;
	--> statement-breakpoint
	create policy app_table_property_values_org_guc on public.app_table_property_values for all
	  using (org_id = current_setting('app.current_org_id', true))
	  with check (org_id = current_setting('app.current_org_id', true));
	
172.17.0.1 2026-10-03 20:47:43.393 UTC [106] postgres@postgres LOG:  statement: alter table public.app_table_properties
	  add column template_key text;
	--> statement-breakpoint
	alter table public.app_table_properties
	  add constraint app_table_properties_template_key_nonempty
	  check (template_key is null or length(btrim(template_key)) between 1 and 120);
	--> statement-breakpoint
	create unique index app_table_properties_template_key_uniq
	  on public.app_table_properties(org_id, table_id, template_key)
	  where template_key is not null;
	
	-- Formula definitions remain organization-owned rows in app_table_properties.
	-- This migration intentionally installs no template for any organization;
	-- the guarded opt-in installer performs the separately authorized write.
	
172.17.0.1 2026-10-03 20:47:43.403 UTC [106] postgres@postgres LOG:  statement: alter table public.app_table_properties
	  add column if not exists presentation jsonb;
	
172.17.0.1 2026-10-03 20:47:43.413 UTC [106] postgres@postgres LOG:  statement: -- Item archive (spec 2026-09-28-hub-table-open-modes-bulk-bar-stock-detail,
	-- Bundle C #5). Soft-delete for stk_items, same convention as
	-- 20260823120000_stk_warehouses_archived.sql: NULL = active, set = archived.
	-- Guarded in stock.service.ts's archiveItems (no DB-level constraint needed —
	-- an archived item may still carry stock; it stays visible in ledgers).
	alter table public.stk_items add column if not exists archived_at timestamptz;
	--> statement-breakpoint
	create index if not exists idx_stk_items_org_active on public.stk_items (org_id) where archived_at is null;
	
172.17.0.1 2026-10-03 20:47:43.426 UTC [106] postgres@postgres LOG:  statement: -- Custom columns on appointments (owner ask 2026-10-02): `scheduling.bookings`
	-- joined the custom-property table registry in app code (hub #428), but the
	-- DB-level allow-list on app_table_properties.table_id (inline CHECK from
	-- 20260926180000_custom_table_properties.sql) still rejected it — every
	-- "Manage custom columns" save from the calendar failed with a 500.
	-- Same list as `CUSTOM_PROPERTY_TABLE_IDS` in src/lib/tables/custom-properties.ts.
	alter table app_table_properties
	  drop constraint if exists app_table_properties_table_id_check;
	alter table app_table_properties
	  add constraint app_table_properties_table_id_check
	  check (table_id in (
	    'stock.items',
	    'stock.entries',
	    'pos.catalog',
	    'crm.customers',
	    'finances.invoices',
	    'finances.purchases',
	    'socials.campaigns',
	    'team.people',
	    'scheduling.bookings'
	  ));
	
172.17.0.1 2026-10-03 20:47:43.436 UTC [106] postgres@postgres LOG:  statement: -- HS-005: generation-owned Meta sync leases and durable media mirror effects.
	-- Drain old Meta executors before applying: old binaries do not honor these fences.
	
	ALTER TABLE public.meta_sync_jobs
	  ADD COLUMN lease_owner uuid,
	  ADD COLUMN lease_generation integer NOT NULL DEFAULT 0,
	  ADD COLUMN lease_expires_at timestamptz;
	--> statement-breakpoint
	
	-- Invalidate every pre-migration runner. The new runner's next claim advances again.
	UPDATE public.meta_sync_jobs
	SET status = 'queued',
	    lease_generation = lease_generation + 1,
	    error = NULL
	WHERE status = 'running';
	--> statement-breakpoint
	
	ALTER TABLE public.meta_sync_jobs
	  ADD CONSTRAINT meta_sync_jobs_lease_generation_nonnegative
	    CHECK (lease_generation >= 0),
	  ADD CONSTRAINT meta_sync_jobs_lease_state_check
	    CHECK (
	      (status = 'running' AND lease_owner IS NOT NULL AND lease_expires_at IS NOT NULL)
	      OR
	      (status <> 'running' AND lease_owner IS NULL AND lease_expires_at IS NULL)
	    );
	--> statement-breakpoint
	
	CREATE INDEX meta_sync_jobs_due_idx
	  ON public.meta_sync_jobs (status, lease_expires_at, created_at);
	--> statement-breakpoint
	
	-- A narrow renewal primitive gives the heartbeat server-side lock/statement bounds.
	-- The application also cancels this one query while queued or connecting.
	CREATE FUNCTION public.meta_sync_renew_lease(
	  p_job_id uuid,
	  p_org_id text,
	  p_owner uuid,
	  p_generation integer,
	  p_lease_seconds integer
	) RETURNS boolean
	LANGUAGE plpgsql
	SET lock_timeout = '4s'
	SET statement_timeout = '5s'
	AS $$
	DECLARE
	  changed integer;
	BEGIN
	  IF p_lease_seconds < 1 OR p_lease_seconds > 300 THEN
	    RAISE EXCEPTION 'invalid Meta sync lease duration' USING ERRCODE = '22023';
	  END IF;
	
	  UPDATE public.meta_sync_jobs
	  SET lease_expires_at = clock_timestamp() + make_interval(secs => p_lease_seconds)
	  WHERE id = p_job_id
	    AND org_id = p_org_id
	    AND status = 'running'
	    AND lease_owner = p_owner
	    AND lease_generation = p_generation
	    AND lease_expires_at > clock_timestamp();
	  GET DIAGNOSTICS changed = ROW_COUNT;
	  RETURN changed = 1;
	END;
	$$;
	--> statement-breakpoint
	
	REVOKE ALL ON FUNCTION public.meta_sync_renew_lease(uuid, text, uuid, integer, integer) FROM PUBLIC;
	--> statement-breakpoint
	GRANT EXECUTE ON FUNCTION public.meta_sync_renew_lease(uuid, text, uuid, integer, integer) TO app_ledger;
	--> statement-breakpoint
	
	CREATE TABLE public.meta_media_mirror_effects (
	  id uuid PRIMARY KEY DEFAULT gen_random_uuid(),
	  org_id text NOT NULL,
	  platform text NOT NULL,
	  post_id text NOT NULL,
	  digest text NOT NULL CONSTRAINT meta_media_mirror_effects_digest_check
	    CHECK (digest ~ '^[a-f0-9]{64}$'),
	  source_url text NOT NULL,
	  object_key text NOT NULL,
	  file_id text,
	  size_bytes integer NOT NULL CHECK (size_bytes >= 0),
	  content_type text NOT NULL,
	  state text NOT NULL DEFAULT 'active' CONSTRAINT meta_media_mirror_effects_state_check
	    CHECK (state IN ('active', 'published', 'cleanup_pending')),
	  error text,
	  attempts integer NOT NULL DEFAULT 0 CHECK (attempts >= 0),
	  cleanup_attempts integer NOT NULL DEFAULT 0 CHECK (cleanup_attempts >= 0),
	  writer_deadline_at timestamptz NOT NULL,
	  next_cleanup_at timestamptz,
	  object_absent_at timestamptz,
	  created_at timestamptz NOT NULL DEFAULT clock_timestamp(),
	  updated_at timestamptz NOT NULL DEFAULT clock_timestamp(),
	  CONSTRAINT meta_media_mirror_effects_media_identity_uq
	    UNIQUE (org_id, platform, post_id, id)
	);
	--> statement-breakpoint
	
	CREATE UNIQUE INDEX meta_media_mirror_effects_object_key_uq
	  ON public.meta_media_mirror_effects (object_key);
	--> statement-breakpoint
	CREATE UNIQUE INDEX meta_media_mirror_effects_active_uq
	  ON public.meta_media_mirror_effects (org_id, platform, post_id)
	  WHERE state = 'active';
	--> statement-breakpoint
	CREATE INDEX meta_media_mirror_effects_cleanup_idx
	  ON public.meta_media_mirror_effects (state, next_cleanup_at, id);
	--> statement-breakpoint
	
	ALTER TABLE public.meta_post_media
	  ADD COLUMN active_effect_id uuid,
	  ADD CONSTRAINT meta_post_media_active_effect_fk
	    FOREIGN KEY (org_id, platform, post_id, active_effect_id)
	    REFERENCES public.meta_media_mirror_effects (org_id, platform, post_id, id);
	--> statement-breakpoint
	
	GRANT SELECT, INSERT, UPDATE, DELETE ON public.meta_media_mirror_effects TO app_ledger;
	--> statement-breakpoint
	ALTER TABLE public.meta_media_mirror_effects ENABLE ROW LEVEL SECURITY;
	--> statement-breakpoint
	ALTER TABLE public.meta_media_mirror_effects FORCE ROW LEVEL SECURITY;
	--> statement-breakpoint
	CREATE POLICY meta_media_mirror_effects_org_guc ON public.meta_media_mirror_effects
	  FOR ALL
	  USING (org_id = current_setting('app.current_org_id', true))
	  WITH CHECK (org_id = current_setting('app.current_org_id', true));
	
172.17.0.1 2026-10-03 20:47:43.458 UTC [106] postgres@postgres LOG:  statement: -- Global catalog administration and public read-through document cache ownership.
	-- No tenant/browser role can claim, clear, or forge a worker lease.
	BEGIN;
	CREATE TABLE public.marketplace_sync_state (
	  id text PRIMARY KEY DEFAULT 'catalog',
	  lease_token uuid,
	  last_published_token uuid,
	  lease_until timestamptz,
	  directories jsonb NOT NULL DEFAULT '[]',
	  next_index integer NOT NULL DEFAULT 0,
	  synced integer NOT NULL DEFAULT 0,
	  failed integer NOT NULL DEFAULT 0,
	  errors jsonb NOT NULL DEFAULT '[]',
	  status text NOT NULL DEFAULT 'idle',
	  cycle_started_at timestamptz,
	  completed_at timestamptz,
	  last_synced integer NOT NULL DEFAULT 0,
	  last_failed integer NOT NULL DEFAULT 0,
	  next_eligible_at timestamptz NOT NULL DEFAULT clock_timestamp(),
	  manual_eligible_at timestamptz NOT NULL DEFAULT clock_timestamp(),
	  CONSTRAINT marketplace_sync_singleton CHECK (id = 'catalog'),
	  CONSTRAINT marketplace_sync_lease_pair CHECK ((lease_token IS NULL) = (lease_until IS NULL)),
	  CONSTRAINT marketplace_sync_cursor CHECK (jsonb_typeof(directories) = 'array' AND next_index >= 0 AND next_index <= jsonb_array_length(directories) AND jsonb_array_length(directories) < 1000),
	  CONSTRAINT marketplace_sync_counts CHECK (synced >= 0 AND failed >= 0 AND last_synced >= 0 AND last_failed >= 0),
	  CONSTRAINT marketplace_sync_errors CHECK (jsonb_typeof(errors) = 'array' AND jsonb_array_length(errors) <= 20 AND octet_length(errors::text) <= 5000),
	  CONSTRAINT marketplace_sync_status CHECK (status IN ('idle','running','complete','partial','failed'))
	);
	CREATE TABLE public.marketplace_file_load_state (
	  agent_id text PRIMARY KEY REFERENCES public.marketplace_agents(id) ON DELETE CASCADE,
	  lease_token uuid,
	  lease_until timestamptz,
	  next_eligible_at timestamptz NOT NULL DEFAULT clock_timestamp(),
	  error_code text,
	  verified_at timestamptz,
	  verified_digest text,
	  CONSTRAINT marketplace_file_verification CHECK ((verified_at IS NULL AND verified_digest IS NULL) OR (verified_at IS NOT NULL AND verified_digest IS NOT NULL AND verified_digest ~ '^[a-f0-9]{64}$')),
	  CONSTRAINT marketplace_file_lease_pair CHECK ((lease_token IS NULL) = (lease_until IS NULL)),
	  CONSTRAINT marketplace_file_error_bound CHECK (error_code IS NULL OR length(error_code) <= 64)
	);
	ALTER TABLE public.marketplace_sync_state ENABLE ROW LEVEL SECURITY;
	ALTER TABLE public.marketplace_file_load_state ENABLE ROW LEVEL SECURITY;
	REVOKE ALL ON public.marketplace_sync_state, public.marketplace_file_load_state FROM PUBLIC, anon, authenticated, app_ledger;
	GRANT ALL ON public.marketplace_sync_state, public.marketplace_file_load_state TO service_role;
	-- Old hydration treated transient errors as absent and still marked the bundle loaded.
	-- Preserve its contents as stale, but revalidate every legacy marker before install.
	UPDATE public.marketplace_agents SET files_loaded_at = NULL WHERE files_loaded_at IS NOT NULL;
	INSERT INTO public.marketplace_sync_state (id) VALUES ('catalog');
	COMMIT;
	
172.17.0.1 2026-10-03 20:47:43.458 UTC [106] postgres@postgres WARNING:  there is already a transaction in progress
172.17.0.1 2026-10-03 20:47:43.479 UTC [106] postgres@postgres WARNING:  there is no transaction in progress
172.17.0.1 2026-10-03 20:47:43.484 UTC [106] postgres@postgres LOG:  statement: -- HC-035: migrate before serving operation-aware plan creation.
	-- Existing agreements retain null operation identity; never backfill guessed identity.
	ALTER TABLE public.pos_payment_plans
	  ADD COLUMN operation_id uuid,
	  ADD COLUMN operation_hash text,
	  ADD CONSTRAINT pos_payment_plans_operation_check CHECK (
	    (operation_id IS NULL AND operation_hash IS NULL) OR
	    (operation_id IS NOT NULL AND operation_hash IS NOT NULL
	      AND operation_hash ~ '^[0-9a-f]{64}$' AND created_by IS NOT NULL)
	  );
	CREATE UNIQUE INDEX pos_payment_plans_operation_uniq
	  ON public.pos_payment_plans (org_id, operation_id) WHERE operation_id IS NOT NULL;
	
	-- No expiry: a delayed original request must remain fenced after cancellation.
	CREATE TABLE public.pos_plan_operation_cancellations (
	  org_id text NOT NULL,
	  operation_id uuid NOT NULL,
	  created_by uuid NOT NULL,
	  created_at timestamptz NOT NULL DEFAULT now(),
	  PRIMARY KEY (org_id, operation_id)
	);
	ALTER TABLE public.pos_plan_operation_cancellations ENABLE ROW LEVEL SECURITY;
	ALTER TABLE public.pos_plan_operation_cancellations FORCE ROW LEVEL SECURITY;
	CREATE POLICY org_fence ON public.pos_plan_operation_cancellations TO app_ledger
	  USING (org_id = current_setting('app.current_org_id', true))
	  WITH CHECK (org_id = current_setting('app.current_org_id', true));
	REVOKE ALL ON public.pos_plan_operation_cancellations FROM PUBLIC, anon, authenticated, app_ledger;
	GRANT SELECT, INSERT ON public.pos_plan_operation_cancellations TO app_ledger;
	
172.17.0.1 2026-10-03 20:47:43.500 UTC [106] postgres@postgres LOG:  statement: -- HS-009 / HS-012 / HS-029: currency-isolated wallets, identity/settings
	-- serialization, immutable grant denomination and append-only ledger grants.
	
	CREATE OR REPLACE FUNCTION public.pos_advisory_key_v1(
	  lock_kind text,
	  organization_id text,
	  subject text DEFAULT '',
	  currency text DEFAULT ''
	) RETURNS bigint
	LANGUAGE plpgsql
	IMMUTABLE PARALLEL SAFE
	SET search_path = pg_catalog
	AS $$
	BEGIN
	  IF lock_kind IS NULL OR lock_kind NOT IN ('settings', 'identity', 'wallet', 'grant-source') THEN
	    RAISE EXCEPTION 'invalid POS advisory lock kind' USING ERRCODE = '22023';
	  END IF;
	  IF organization_id IS NULL OR organization_id = '' THEN
	    RAISE EXCEPTION 'organization id is required' USING ERRCODE = '22023';
	  END IF;
	  IF lock_kind = 'grant-source' AND (subject IS NULL OR subject = '') THEN
	    RAISE EXCEPTION 'grant source subject is required' USING ERRCODE = '22023';
	  END IF;
	  RETURN pg_catalog.hashtextextended(
	    pg_catalog.jsonb_build_array(
	      'minion.pos.lock', 1, lock_kind, organization_id,
	      COALESCE(subject, ''), COALESCE(currency, '')
	    )::text,
	    0
	  );
	END;
	$$;
	
	REVOKE ALL ON FUNCTION public.pos_advisory_key_v1(text,text,text,text) FROM PUBLIC;
	GRANT EXECUTE ON FUNCTION public.pos_advisory_key_v1(text,text,text,text) TO app_ledger;
	
	CREATE OR REPLACE FUNCTION public.pos_lock_identity_orgs_v1(org_ids text[])
	RETURNS void
	LANGUAGE plpgsql
	SET search_path = pg_catalog
	AS $$
	DECLARE organization_id text;
	BEGIN
	  FOR organization_id IN
	    SELECT value
	    FROM (
	      SELECT DISTINCT value
	      FROM pg_catalog.unnest(org_ids) value
	      WHERE value IS NOT NULL AND value <> ''
	    ) distinct_orgs
	    ORDER BY value COLLATE "C"
	  LOOP
	    PERFORM pg_catalog.pg_advisory_xact_lock(
	      public.pos_advisory_key_v1('identity', organization_id, '', '')
	    );
	  END LOOP;
	END;
	$$;
	REVOKE ALL ON FUNCTION public.pos_lock_identity_orgs_v1(text[]) FROM PUBLIC;
	GRANT EXECUTE ON FUNCTION public.pos_lock_identity_orgs_v1(text[]) TO app_ledger;
	
	CREATE OR REPLACE FUNCTION public.pos_contact_identity_insert_v1()
	RETURNS trigger LANGUAGE plpgsql SET search_path = pg_catalog AS $$
	DECLARE orgs text[];
	BEGIN
	  SELECT pg_catalog.array_agg(n.org_id) INTO orgs FROM new_rows n;
	  PERFORM public.pos_lock_identity_orgs_v1(COALESCE(orgs, ARRAY[]::text[]));
	  RETURN NULL;
	END;
	$$;
	CREATE OR REPLACE FUNCTION public.pos_contact_identity_delete_v1()
	RETURNS trigger LANGUAGE plpgsql SET search_path = pg_catalog AS $$
	DECLARE orgs text[];
	BEGIN
	  SELECT pg_catalog.array_agg(o.org_id) INTO orgs FROM old_rows o;
	  PERFORM public.pos_lock_identity_orgs_v1(COALESCE(orgs, ARRAY[]::text[]));
	  RETURN NULL;
	END;
	$$;
	CREATE OR REPLACE FUNCTION public.pos_contact_identity_update_v1()
	RETURNS trigger LANGUAGE plpgsql SET search_path = pg_catalog AS $$
	DECLARE orgs text[];
	BEGIN
	  IF EXISTS (
	    SELECT 1 FROM (
	      (SELECT id, org_id, party_id, deleted_at FROM old_rows
	       EXCEPT ALL
	       SELECT id, org_id, party_id, deleted_at FROM new_rows)
	      UNION ALL
	      (SELECT id, org_id, party_id, deleted_at FROM new_rows
	       EXCEPT ALL
	       SELECT id, org_id, party_id, deleted_at FROM old_rows)
	    ) changed
	  ) THEN
	    SELECT pg_catalog.array_agg(x.org_id) INTO orgs
	    FROM (
	      SELECT org_id FROM old_rows
	      UNION
	      SELECT org_id FROM new_rows
	    ) x;
	    PERFORM public.pos_lock_identity_orgs_v1(COALESCE(orgs, ARRAY[]::text[]));
	  END IF;
	  RETURN NULL;
	END;
	$$;
	
	DROP TRIGGER IF EXISTS pos_contact_identity_insert_v1 ON public.crm_contacts;
	CREATE TRIGGER pos_contact_identity_insert_v1 AFTER INSERT ON public.crm_contacts
	REFERENCING NEW TABLE AS new_rows FOR EACH STATEMENT EXECUTE FUNCTION public.pos_contact_identity_insert_v1();
	DROP TRIGGER IF EXISTS pos_contact_identity_delete_v1 ON public.crm_contacts;
	CREATE TRIGGER pos_contact_identity_delete_v1 AFTER DELETE ON public.crm_contacts
	REFERENCING OLD TABLE AS old_rows FOR EACH STATEMENT EXECUTE FUNCTION public.pos_contact_identity_delete_v1();
	DROP TRIGGER IF EXISTS pos_contact_identity_update_v1 ON public.crm_contacts;
	CREATE TRIGGER pos_contact_identity_update_v1 AFTER UPDATE ON public.crm_contacts
	REFERENCING OLD TABLE AS old_rows NEW TABLE AS new_rows FOR EACH STATEMENT EXECUTE FUNCTION public.pos_contact_identity_update_v1();
	
	CREATE OR REPLACE FUNCTION public.pos_party_identity_insert_v1()
	RETURNS trigger LANGUAGE plpgsql SET search_path = pg_catalog AS $$
	DECLARE orgs text[];
	BEGIN
	  SELECT pg_catalog.array_agg(n.org_id) INTO orgs FROM new_rows n;
	  PERFORM public.pos_lock_identity_orgs_v1(COALESCE(orgs, ARRAY[]::text[]));
	  RETURN NULL;
	END;
	$$;
	CREATE OR REPLACE FUNCTION public.pos_party_identity_delete_v1()
	RETURNS trigger LANGUAGE plpgsql SET search_path = pg_catalog AS $$
	DECLARE orgs text[];
	BEGIN
	  SELECT pg_catalog.array_agg(o.org_id) INTO orgs FROM old_rows o;
	  PERFORM public.pos_lock_identity_orgs_v1(COALESCE(orgs, ARRAY[]::text[]));
	  RETURN NULL;
	END;
	$$;
	CREATE OR REPLACE FUNCTION public.pos_party_identity_update_v1()
	RETURNS trigger LANGUAGE plpgsql SET search_path = pg_catalog AS $$
	DECLARE orgs text[];
	BEGIN
	  IF EXISTS (
	    SELECT 1 FROM (
	      (SELECT id, org_id FROM old_rows
	       EXCEPT ALL
	       SELECT id, org_id FROM new_rows)
	      UNION ALL
	      (SELECT id, org_id FROM new_rows
	       EXCEPT ALL
	       SELECT id, org_id FROM old_rows)
	    ) changed
	  ) THEN
	    SELECT pg_catalog.array_agg(x.org_id) INTO orgs
	    FROM (
	      SELECT org_id FROM old_rows
	      UNION
	      SELECT org_id FROM new_rows
	    ) x;
	    PERFORM public.pos_lock_identity_orgs_v1(COALESCE(orgs, ARRAY[]::text[]));
	  END IF;
	  RETURN NULL;
	END;
	$$;
	
	DROP TRIGGER IF EXISTS pos_party_identity_insert_v1 ON public.parties;
	CREATE TRIGGER pos_party_identity_insert_v1 AFTER INSERT ON public.parties
	REFERENCING NEW TABLE AS new_rows FOR EACH STATEMENT EXECUTE FUNCTION public.pos_party_identity_insert_v1();
	DROP TRIGGER IF EXISTS pos_party_identity_delete_v1 ON public.parties;
	CREATE TRIGGER pos_party_identity_delete_v1 AFTER DELETE ON public.parties
	REFERENCING OLD TABLE AS old_rows FOR EACH STATEMENT EXECUTE FUNCTION public.pos_party_identity_delete_v1();
	DROP TRIGGER IF EXISTS pos_party_identity_update_v1 ON public.parties;
	CREATE TRIGGER pos_party_identity_update_v1 AFTER UPDATE ON public.parties
	REFERENCING OLD TABLE AS old_rows NEW TABLE AS new_rows FOR EACH STATEMENT EXECUTE FUNCTION public.pos_party_identity_update_v1();
	
	CREATE OR REPLACE FUNCTION public.pos_settings_lock_rows_v1()
	RETURNS trigger LANGUAGE plpgsql SET search_path = pg_catalog AS $$
	DECLARE organization_id text;
	BEGIN
	  FOR organization_id IN
	    SELECT org_id FROM (
	      SELECT DISTINCT x.org_id FROM (
	        SELECT org_id FROM old_rows
	        UNION SELECT org_id FROM new_rows
	      ) x WHERE x.org_id IS NOT NULL
	    ) distinct_orgs
	    ORDER BY org_id COLLATE "C"
	  LOOP
	    PERFORM pg_catalog.pg_advisory_xact_lock(
	      public.pos_advisory_key_v1('settings', organization_id, '', '')
	    );
	  END LOOP;
	  RETURN NULL;
	END;
	$$;
	CREATE OR REPLACE FUNCTION public.pos_settings_lock_insert_v1()
	RETURNS trigger LANGUAGE plpgsql SET search_path = pg_catalog AS $$
	DECLARE organization_id text;
	BEGIN
	  FOR organization_id IN
	    SELECT org_id FROM (SELECT DISTINCT org_id FROM new_rows) distinct_orgs
	    ORDER BY org_id COLLATE "C"
	  LOOP
	    PERFORM pg_catalog.pg_advisory_xact_lock(public.pos_advisory_key_v1('settings', organization_id, '', ''));
	  END LOOP;
	  RETURN NULL;
	END;
	$$;
	CREATE OR REPLACE FUNCTION public.pos_settings_lock_delete_v1()
	RETURNS trigger LANGUAGE plpgsql SET search_path = pg_catalog AS $$
	DECLARE organization_id text;
	BEGIN
	  FOR organization_id IN
	    SELECT org_id FROM (SELECT DISTINCT org_id FROM old_rows) distinct_orgs
	    ORDER BY org_id COLLATE "C"
	  LOOP
	    PERFORM pg_catalog.pg_advisory_xact_lock(public.pos_advisory_key_v1('settings', organization_id, '', ''));
	  END LOOP;
	  RETURN NULL;
	END;
	$$;
	DROP TRIGGER IF EXISTS pos_settings_lock_insert_v1 ON public.pos_settings;
	CREATE TRIGGER pos_settings_lock_insert_v1 AFTER INSERT ON public.pos_settings
	REFERENCING NEW TABLE AS new_rows FOR EACH STATEMENT EXECUTE FUNCTION public.pos_settings_lock_insert_v1();
	DROP TRIGGER IF EXISTS pos_settings_lock_update_v1 ON public.pos_settings;
	CREATE TRIGGER pos_settings_lock_update_v1 AFTER UPDATE ON public.pos_settings
	REFERENCING OLD TABLE AS old_rows NEW TABLE AS new_rows FOR EACH STATEMENT EXECUTE FUNCTION public.pos_settings_lock_rows_v1();
	DROP TRIGGER IF EXISTS pos_settings_lock_delete_v1 ON public.pos_settings;
	CREATE TRIGGER pos_settings_lock_delete_v1 AFTER DELETE ON public.pos_settings
	REFERENCING OLD TABLE AS old_rows FOR EACH STATEMENT EXECUTE FUNCTION public.pos_settings_lock_delete_v1();
	
	CREATE OR REPLACE FUNCTION public.pos_try_lock_grant_sources_v1(source_keys jsonb)
	RETURNS void LANGUAGE plpgsql SET search_path = pg_catalog AS $$
	DECLARE source record;
	BEGIN
	  FOR source IN
	    SELECT org_id, ticket_id
	    FROM (
	      SELECT DISTINCT value->>'orgId' AS org_id, value->>'ticketId' AS ticket_id
	      FROM pg_catalog.jsonb_array_elements(source_keys)
	      WHERE value->>'orgId' IS NOT NULL AND value->>'orgId' <> ''
	        AND value->>'ticketId' IS NOT NULL AND value->>'ticketId' <> ''
	    ) distinct_sources
	    ORDER BY org_id COLLATE "C", ticket_id COLLATE "C"
	  LOOP
	    IF NOT pg_catalog.pg_try_advisory_xact_lock(
	      public.pos_advisory_key_v1('grant-source', source.org_id, source.ticket_id, '')
	    ) THEN
	      RAISE EXCEPTION 'grant source authority changed concurrently' USING ERRCODE = '40001';
	    END IF;
	  END LOOP;
	END;
	$$;
	REVOKE ALL ON FUNCTION public.pos_try_lock_grant_sources_v1(jsonb) FROM PUBLIC;
	GRANT EXECUTE ON FUNCTION public.pos_try_lock_grant_sources_v1(jsonb) TO app_ledger;
	
	CREATE OR REPLACE FUNCTION public.pos_validate_grant_sources_v1(source_rows jsonb)
	RETURNS void LANGUAGE plpgsql SET search_path = pg_catalog AS $$
	BEGIN
	  IF EXISTS (
	    SELECT 1
	    FROM pg_catalog.jsonb_array_elements(source_rows) value
	    LEFT JOIN public.pos_tickets t
	      ON t.org_id = value->>'orgId'
	     AND t.id = (value->>'ticketId')::uuid
	    WHERE t.id IS NULL
	  ) THEN
	    RAISE EXCEPTION 'grant source must be a same-organization ticket' USING ERRCODE = '23514';
	  END IF;
	END;
	$$;
	REVOKE ALL ON FUNCTION public.pos_validate_grant_sources_v1(jsonb) FROM PUBLIC;
	GRANT EXECUTE ON FUNCTION public.pos_validate_grant_sources_v1(jsonb) TO app_ledger;
	
	CREATE OR REPLACE FUNCTION public.pos_grant_source_insert_guard_v1()
	RETURNS trigger LANGUAGE plpgsql SET search_path = pg_catalog AS $$
	DECLARE sources jsonb;
	BEGIN
	  SELECT COALESCE(
	    pg_catalog.jsonb_agg(pg_catalog.jsonb_build_object(
	      'orgId', n.org_id, 'ticketId', n.source_ticket_id::text
	    )), '[]'::jsonb
	  ) INTO sources FROM new_rows n;
	  PERFORM public.pos_try_lock_grant_sources_v1(sources);
	  PERFORM public.pos_validate_grant_sources_v1(sources);
	  RETURN NULL;
	END;
	$$;
	
	CREATE OR REPLACE FUNCTION public.pos_grant_source_update_guard_v1()
	RETURNS trigger LANGUAGE plpgsql SET search_path = pg_catalog AS $$
	DECLARE sources jsonb;
	BEGIN
	  IF NOT EXISTS (
	    SELECT 1 FROM (
	      (SELECT org_id, source_ticket_id FROM old_rows
	       EXCEPT ALL
	       SELECT org_id, source_ticket_id FROM new_rows)
	      UNION ALL
	      (SELECT org_id, source_ticket_id FROM new_rows
	       EXCEPT ALL
	       SELECT org_id, source_ticket_id FROM old_rows)
	    ) changed
	  ) THEN
	    RETURN NULL;
	  END IF;
	  SELECT COALESCE(
	    pg_catalog.jsonb_agg(pg_catalog.jsonb_build_object(
	      'orgId', x.org_id, 'ticketId', x.source_ticket_id::text
	    )), '[]'::jsonb
	  ) INTO sources FROM (
	    SELECT org_id, source_ticket_id FROM old_rows
	    UNION
	    SELECT org_id, source_ticket_id FROM new_rows
	  ) x;
	  PERFORM public.pos_try_lock_grant_sources_v1(sources);
	  SELECT COALESCE(
	    pg_catalog.jsonb_agg(pg_catalog.jsonb_build_object(
	      'orgId', n.org_id, 'ticketId', n.source_ticket_id::text
	    )), '[]'::jsonb
	  ) INTO sources FROM new_rows n;
	  PERFORM public.pos_validate_grant_sources_v1(sources);
	  RETURN NULL;
	END;
	$$;
	
	DROP TRIGGER IF EXISTS pos_grant_source_guard_v1 ON public.pos_package_grants;
	DROP TRIGGER IF EXISTS pos_grant_source_insert_guard_v1 ON public.pos_package_grants;
	CREATE TRIGGER pos_grant_source_insert_guard_v1 AFTER INSERT ON public.pos_package_grants
	REFERENCING NEW TABLE AS new_rows FOR EACH STATEMENT
	EXECUTE FUNCTION public.pos_grant_source_insert_guard_v1();
	DROP TRIGGER IF EXISTS pos_grant_source_update_guard_v1 ON public.pos_package_grants;
	CREATE TRIGGER pos_grant_source_update_guard_v1 AFTER UPDATE ON public.pos_package_grants
	REFERENCING OLD TABLE AS old_rows NEW TABLE AS new_rows FOR EACH STATEMENT
	EXECUTE FUNCTION public.pos_grant_source_update_guard_v1();
	
	CREATE OR REPLACE FUNCTION public.pos_ticket_grant_update_guard_v1()
	RETURNS trigger LANGUAGE plpgsql SET search_path = pg_catalog AS $$
	DECLARE sources jsonb;
	BEGIN
	  IF NOT EXISTS (
	    SELECT 1 FROM (
	      (SELECT id, org_id, currency FROM old_rows
	       EXCEPT ALL
	       SELECT id, org_id, currency FROM new_rows)
	      UNION ALL
	      (SELECT id, org_id, currency FROM new_rows
	       EXCEPT ALL
	       SELECT id, org_id, currency FROM old_rows)
	    ) changed
	  ) THEN
	    RETURN NULL;
	  END IF;
	  SELECT COALESCE(
	    pg_catalog.jsonb_agg(pg_catalog.jsonb_build_object(
	      'orgId', x.org_id, 'ticketId', x.id::text
	    )), '[]'::jsonb
	  ) INTO sources FROM (
	    SELECT id, org_id FROM old_rows
	    UNION
	    SELECT id, org_id FROM new_rows
	  ) x;
	  PERFORM public.pos_try_lock_grant_sources_v1(sources);
	  IF EXISTS (
	    SELECT 1 FROM old_rows o
	    JOIN public.pos_package_grants g
	      ON g.org_id = o.org_id AND g.source_ticket_id = o.id
	    WHERE NOT EXISTS (
	      SELECT 1 FROM new_rows n
	      WHERE n.id = o.id AND n.org_id = o.org_id AND n.currency = o.currency
	    )
	  ) THEN
	    RAISE EXCEPTION 'referenced grant source identity and currency are immutable'
	      USING ERRCODE = '23503';
	  END IF;
	  RETURN NULL;
	END;
	$$;
	
	CREATE OR REPLACE FUNCTION public.pos_ticket_grant_delete_guard_v1()
	RETURNS trigger LANGUAGE plpgsql SET search_path = pg_catalog AS $$
	DECLARE sources jsonb;
	BEGIN
	  SELECT COALESCE(
	    pg_catalog.jsonb_agg(pg_catalog.jsonb_build_object(
	      'orgId', o.org_id, 'ticketId', o.id::text
	    )), '[]'::jsonb
	  ) INTO sources FROM old_rows o;
	  PERFORM public.pos_try_lock_grant_sources_v1(sources);
	  IF EXISTS (
	    SELECT 1 FROM old_rows o
	    JOIN public.pos_package_grants g
	      ON g.org_id = o.org_id AND g.source_ticket_id = o.id
	  ) THEN
	    RAISE EXCEPTION 'referenced grant source identity and currency are immutable'
	      USING ERRCODE = '23503';
	  END IF;
	  RETURN NULL;
	END;
	$$;
	
	DROP TRIGGER IF EXISTS pos_ticket_grant_authority_update_v1 ON public.pos_tickets;
	DROP TRIGGER IF EXISTS pos_ticket_grant_authority_delete_v1 ON public.pos_tickets;
	DROP TRIGGER IF EXISTS pos_ticket_grant_update_guard_v1 ON public.pos_tickets;
	CREATE TRIGGER pos_ticket_grant_update_guard_v1 AFTER UPDATE ON public.pos_tickets
	REFERENCING OLD TABLE AS old_rows NEW TABLE AS new_rows FOR EACH STATEMENT
	EXECUTE FUNCTION public.pos_ticket_grant_update_guard_v1();
	DROP TRIGGER IF EXISTS pos_ticket_grant_delete_guard_v1 ON public.pos_tickets;
	CREATE TRIGGER pos_ticket_grant_delete_guard_v1 AFTER DELETE ON public.pos_tickets
	REFERENCING OLD TABLE AS old_rows FOR EACH STATEMENT
	EXECUTE FUNCTION public.pos_ticket_grant_delete_guard_v1();
	
	ALTER TABLE public.pos_payment_plans
	  ADD COLUMN operation_version smallint NOT NULL DEFAULT 1,
	  ADD COLUMN operation_client_key text;
	ALTER TABLE public.pos_payment_plans DROP CONSTRAINT pos_payment_plans_operation_check;
	ALTER TABLE public.pos_payment_plans ADD CONSTRAINT pos_payment_plans_operation_check CHECK (
	  (operation_id IS NULL AND operation_hash IS NULL AND operation_client_key IS NULL) OR
	  (operation_id IS NOT NULL AND operation_hash IS NOT NULL
	    AND operation_hash ~ '^[0-9a-f]{64}$' AND created_by IS NOT NULL
	    AND ((operation_version = 1 AND operation_client_key IS NULL)
	      OR (operation_version = 2 AND operation_client_key ~
	        '^(party|contact):[0-9a-f]{8}-[0-9a-f]{4}-[1-5][0-9a-f]{3}-[89ab][0-9a-f]{3}-[0-9a-f]{12}$')))
	);
	
	REVOKE UPDATE, DELETE ON TABLE public.pos_client_ledger
	  FROM PUBLIC, anon, authenticated, app_ledger;
	
172.17.0.1 2026-10-03 20:47:43.521 UTC [106] postgres@postgres LOG:  statement: -- Reconcile the four historical notification/reminder tables into Hub's owned
	-- migration ledger without pretending the four meta-repo migrations ran here.
	--
	-- Frozen historical sources (minion-meta path @ source commit, SHA-256):
	-- 20260618120000_scheduling_reminders.sql @ 5c9aca53bbb70ea851e16d9201c6220f457585c1
	--   322507dae7c53e2b20a18380942f92bd26cdc4577a4e6b8449362a29431dadd1
	-- 20260621200000_sched_reminders_multichannel.sql @ 104476e3593a01dc457df47335736a3c0ff51d10
	--   9e88e5b2a17aefef527d4b7ff990ef731db373f5d75707886fe7e5a72620b7dd
	-- 20260621220000_sched_reminder_infer_confirmation.sql @ e4de92efafe52e826cb26449e4784c5a254ba9ca
	--   7e329877bc7b7a71d7c416e233fc1d0f7f99bb66ae0cd8d7df1ee8f009ea1848
	-- 20260622230000_notifications.sql @ 2b0a88b6dc297d32072e40339aece2086a2070bc
	--   823e656662d5e3bc69888dbad39b5f752f6b107bb7dc0ccccb40376d5baed172
	
	-- Helper objects are connection-local and disappear at transaction commit.
	-- They let both classifier and final assertion compare complete catalog
	-- projections instead of relying on CREATE IF NOT EXISTS.
	create temporary table notification_reconciliation_scope (
	  state text not null,
	  owner_name text not null
	) on commit drop;
	
	create function pg_temp.notification_columns(target regclass)
	returns text[]
	language sql
	stable
	set search_path = pg_catalog
	as $$
	  select coalesce(
	    array_agg(
	      format(
	        '%s|%s|%s|%s|%s|%s',
	        a.attname,
	        format_type(a.atttypid, a.atttypmod),
	        case when a.attnotnull then 'notnull' else 'nullable' end,
	        a.attidentity,
	        a.attgenerated,
	        coalesce(pg_get_expr(d.adbin, d.adrelid, true), '<NULL>')
	      ) order by a.attnum
	    ),
	    array[]::text[]
	  )
	  from pg_attribute a
	  left join pg_attrdef d on d.adrelid = a.attrelid and d.adnum = a.attnum
	  where a.attrelid = target and a.attnum > 0 and not a.attisdropped
	$$;
	
	create function pg_temp.notification_constraints(target regclass)
	returns text[]
	language sql
	stable
	set search_path = pg_catalog
	as $$
	  select coalesce(
	    array_agg(
	      format(
	        '%s|%s|%s|%s|%s|%s',
	        c.conname,
	        c.contype,
	        pg_get_constraintdef(c.oid, true),
	        c.convalidated,
	        c.condeferrable,
	        c.condeferred
	      ) order by c.conname
	    ),
	    array[]::text[]
	  )
	  from pg_constraint c
	  where c.conrelid = target
	$$;
	
	-- PostgreSQL 18 promotes NOT NULL attributes into pg_constraint (contype=n);
	-- older supported servers do not. The column manifest above fixes the exact
	-- attributes, while this projection fixes the corresponding PG18 constraint
	-- names and definitions without making the migration server-version-specific.
	create function pg_temp.notification_expected_not_null_constraints(target regclass)
	returns text[]
	language sql
	stable
	set search_path = pg_catalog
	as $$
	  select case when current_setting('server_version_num')::integer < 180000
	    then array[]::text[]
	    else coalesce(
	      array_agg(
	        format(
	          '%s_%s_not_null|n|NOT NULL %I|t|f|f',
	          c.relname,
	          a.attname,
	          a.attname
	        ) order by format('%s_%s_not_null', c.relname, a.attname)
	      ),
	      array[]::text[]
	    )
	  end
	  from pg_class c
	  join pg_attribute a on a.attrelid = c.oid
	  where c.oid = target and a.attnum > 0 and not a.attisdropped and a.attnotnull
	$$;
	
	create function pg_temp.notification_sorted(items text[])
	returns text[]
	language sql
	immutable
	set search_path = pg_catalog
	as $$
	  select coalesce(array_agg(item order by item), array[]::text[])
	  from unnest(items) item
	$$;
	
	create function pg_temp.notification_expected_owner_privileges(owner_name text)
	returns text[]
	language sql
	stable
	set search_path = pg_catalog
	as $$
	  select pg_temp.notification_sorted(
	    array[
	      format('DELETE|%s|f', owner_name),
	      format('INSERT|%s|f', owner_name),
	      format('REFERENCES|%s|f', owner_name),
	      format('SELECT|%s|f', owner_name),
	      format('TRIGGER|%s|f', owner_name),
	      format('TRUNCATE|%s|f', owner_name),
	      format('UPDATE|%s|f', owner_name)
	    ]::text[]
	    -- MAINTAIN is a PostgreSQL 17+ table privilege. It is independent from the
	    -- PostgreSQL 18 pg_constraint representation of NOT NULL above.
	    || case when current_setting('server_version_num')::integer >= 170000
	      then array[format('MAINTAIN|%s|f', owner_name)]
	      else array[]::text[]
	    end
	  )
	$$;
	
	create function pg_temp.notification_final_columns(target_name text)
	returns text[]
	language sql
	immutable
	set search_path = pg_catalog
	as $$
	  select case target_name
	    when 'sched_reminder_config' then array[
	      $e$org_id|text|notnull|||<NULL>$e$,
	      $e$enabled|boolean|notnull|||false$e$,
	      $e$stages|jsonb|notnull|||'[{"key": "confirmation"}, {"key": "24h", "minutesBefore": 1440}, {"key": "2h", "minutesBefore": 120}]'::jsonb$e$,
	      $e$channel|text|notnull|||'whatsapp'::text$e$,
	      $e$account_id|text|nullable|||<NULL>$e$,
	      $e$personalize|boolean|notnull|||true$e$,
	      $e$locale|text|notnull|||'es'::text$e$,
	      $e$from_name|text|nullable|||<NULL>$e$,
	      $e$updated_at|timestamp with time zone|notnull|||now()$e$,
	      $e$channels|jsonb|notnull|||'[]'::jsonb$e$,
	      $e$infer_confirmation|boolean|notnull|||false$e$
	    ]::text[]
	    when 'sched_reminders' then array[
	      $e$id|uuid|notnull|||gen_random_uuid()$e$,
	      $e$org_id|text|notnull|||<NULL>$e$,
	      $e$booking_id|uuid|notnull|||<NULL>$e$,
	      $e$stage|text|notnull|||<NULL>$e$,
	      $e$channel|text|notnull|||<NULL>$e$,
	      $e$recipient|text|nullable|||<NULL>$e$,
	      $e$content|text|nullable|||<NULL>$e$,
	      $e$status|text|notnull|||<NULL>$e$,
	      $e$message_id|text|nullable|||<NULL>$e$,
	      $e$error|text|nullable|||<NULL>$e$,
	      $e$sent_at|timestamp with time zone|nullable|||<NULL>$e$,
	      $e$created_at|timestamp with time zone|notnull|||now()$e$,
	      $e$recipient_role|text|notnull|||'client'::text$e$
	    ]::text[]
	    when 'notif_rules' then array[
	      $e$id|uuid|notnull|||gen_random_uuid()$e$,
	      $e$org_id|text|notnull|||<NULL>$e$,
	      $e$name|text|notnull|||<NULL>$e$,
	      $e$enabled|boolean|notnull|||true$e$,
	      $e$trigger_table|text|notnull|||<NULL>$e$,
	      $e$trigger_event|text|notnull|||<NULL>$e$,
	      $e$date_field|text|nullable|||<NULL>$e$,
	      $e$date_offset_mins|integer|nullable|||<NULL>$e$,
	      $e$condition|jsonb|notnull|||'[]'::jsonb$e$,
	      $e$recipients|jsonb|notnull|||'[]'::jsonb$e$,
	      $e$channel|text|notnull|||<NULL>$e$,
	      $e$account_id|text|nullable|||<NULL>$e$,
	      $e$template|text|notnull|||<NULL>$e$,
	      $e$last_run_at|timestamp with time zone|nullable|||<NULL>$e$,
	      $e$created_at|timestamp with time zone|notnull|||now()$e$,
	      $e$updated_at|timestamp with time zone|notnull|||now()$e$
	    ]::text[]
	    when 'notif_log' then array[
	      $e$id|uuid|notnull|||gen_random_uuid()$e$,
	      $e$org_id|text|notnull|||<NULL>$e$,
	      $e$rule_id|uuid|notnull|||<NULL>$e$,
	      $e$entity_id|text|notnull|||<NULL>$e$,
	      $e$trigger_key|text|notnull|||<NULL>$e$,
	      $e$channel|text|notnull|||<NULL>$e$,
	      $e$recipient|text|nullable|||<NULL>$e$,
	      $e$content|text|nullable|||<NULL>$e$,
	      $e$status|text|notnull|||<NULL>$e$,
	      $e$error|text|nullable|||<NULL>$e$,
	      $e$message_id|text|nullable|||<NULL>$e$,
	      $e$created_at|timestamp with time zone|notnull|||now()$e$
	    ]::text[]
	    else null::text[]
	  end
	$$;
	
	create function pg_temp.notification_final_indexes(target_name text)
	returns text[]
	language sql
	immutable
	set search_path = pg_catalog
	as $$
	  select case target_name
	    when 'sched_reminder_config' then array[
	      'sched_reminder_config_pkey|CREATE UNIQUE INDEX sched_reminder_config_pkey ON public.sched_reminder_config USING btree (org_id)'
	    ]::text[]
	    when 'sched_reminders' then array[
	      'sched_reminders_booking_idx|CREATE INDEX sched_reminders_booking_idx ON public.sched_reminders USING btree (booking_id)',
	      'sched_reminders_booking_stage_chan_uniq|CREATE UNIQUE INDEX sched_reminders_booking_stage_chan_uniq ON public.sched_reminders USING btree (org_id, booking_id, stage, channel, recipient_role)',
	      'sched_reminders_org_created_idx|CREATE INDEX sched_reminders_org_created_idx ON public.sched_reminders USING btree (org_id, created_at)',
	      'sched_reminders_pkey|CREATE UNIQUE INDEX sched_reminders_pkey ON public.sched_reminders USING btree (id)'
	    ]::text[]
	    when 'notif_rules' then array[
	      'notif_rules_org_idx|CREATE INDEX notif_rules_org_idx ON public.notif_rules USING btree (org_id)',
	      'notif_rules_pkey|CREATE UNIQUE INDEX notif_rules_pkey ON public.notif_rules USING btree (id)'
	    ]::text[]
	    when 'notif_log' then array[
	      'notif_log_org_idx|CREATE INDEX notif_log_org_idx ON public.notif_log USING btree (org_id, created_at)',
	      'notif_log_pkey|CREATE UNIQUE INDEX notif_log_pkey ON public.notif_log USING btree (id)',
	      'notif_log_rule_entity_key_uniq|CREATE UNIQUE INDEX notif_log_rule_entity_key_uniq ON public.notif_log USING btree (rule_id, entity_id, trigger_key)'
	    ]::text[]
	    else null::text[]
	  end
	$$;
	
	create function pg_temp.notification_indexes(target regclass)
	returns text[]
	language sql
	stable
	set search_path = pg_catalog
	as $$
	  select coalesce(
	    array_agg(format('%s|%s', ci.relname, pg_get_indexdef(i.indexrelid, 0, true)) order by ci.relname),
	    array[]::text[]
	  )
	  from pg_index i
	  join pg_class ci on ci.oid = i.indexrelid
	  where i.indrelid = target
	$$;
	
	create function pg_temp.notification_policies(target regclass)
	returns text[]
	language sql
	stable
	set search_path = pg_catalog
	as $$
	  select coalesce(
	    array_agg(
	      format(
	        '%s|%s|%s|%s|%s|%s',
	        p.polname,
	        p.polcmd,
	        p.polpermissive,
	        (
	          select string_agg(case when role_oid = 0 then 'PUBLIC' else pg_get_userbyid(role_oid) end, ',' order by case when role_oid = 0 then 'PUBLIC' else pg_get_userbyid(role_oid) end)
	          from unnest(p.polroles) role_oid
	        ),
	        coalesce(pg_get_expr(p.polqual, p.polrelid, true), '<NULL>'),
	        coalesce(pg_get_expr(p.polwithcheck, p.polrelid, true), '<NULL>')
	      ) order by p.polname
	    ),
	    array[]::text[]
	  )
	  from pg_policy p
	  where p.polrelid = target
	$$;
	
	create function pg_temp.notification_user_triggers(target regclass)
	returns text[]
	language sql
	stable
	set search_path = pg_catalog
	as $$
	  select coalesce(
	    array_agg(format('%s|%s|%s', t.tgname, t.tgenabled, pg_get_triggerdef(t.oid, true)) order by t.tgname),
	    array[]::text[]
	  )
	  from pg_trigger t
	  where t.tgrelid = target and not t.tgisinternal
	$$;
	
	create function pg_temp.notification_rewrite_rules(target regclass)
	returns text[]
	language sql
	stable
	set search_path = pg_catalog
	as $$
	  select coalesce(
	    array_agg(format('%s|%s|%s|%s', r.rulename, r.ev_enabled, r.is_instead, pg_get_ruledef(r.oid, true)) order by r.rulename),
	    array[]::text[]
	  )
	  from pg_rewrite r
	  where r.ev_class = target and r.rulename <> '_RETURN'
	$$;
	
	create function pg_temp.notification_table_privileges(target regclass, target_role oid)
	returns text[]
	language sql
	stable
	set search_path = pg_catalog
	as $$
	  select coalesce(
	    array_agg(format('%s|%s|%s', x.privilege_type, pg_get_userbyid(x.grantor), x.is_grantable) order by x.privilege_type, x.grantor),
	    array[]::text[]
	  )
	  from pg_class c,
	       lateral aclexplode(coalesce(c.relacl, acldefault('r', c.relowner))) x
	  where c.oid = target and x.grantee = target_role
	$$;
	
	create function pg_temp.notification_column_privileges(target regclass)
	returns text[]
	language sql
	stable
	set search_path = pg_catalog
	as $$
	  select coalesce(
	    array_agg(
	      format(
	        '%s|%s|%s|%s|%s',
	        a.attname,
	        case when x.grantee = 0 then 'PUBLIC' else pg_get_userbyid(x.grantee) end,
	        x.privilege_type,
	        pg_get_userbyid(x.grantor),
	        x.is_grantable
	      ) order by a.attnum, x.grantee, x.privilege_type
	    ),
	    array[]::text[]
	  )
	  from pg_attribute a
	  cross join lateral aclexplode(a.attacl) x
	  where a.attrelid = target and a.attnum > 0 and not a.attisdropped and a.attacl is not null
	$$;
	
	create function pg_temp.notification_unknown_table_grantees(target regclass, target_owner oid)
	returns text[]
	language sql
	stable
	set search_path = pg_catalog
	as $$
	  select coalesce(
	    array_agg(distinct case when x.grantee = 0 then 'PUBLIC' else pg_get_userbyid(x.grantee) end order by case when x.grantee = 0 then 'PUBLIC' else pg_get_userbyid(x.grantee) end),
	    array[]::text[]
	  )
	  from pg_class c,
	       lateral aclexplode(coalesce(c.relacl, acldefault('r', c.relowner))) x
	  where c.oid = target
	    and x.grantee <> target_owner
	    and (x.grantee = 0 or pg_get_userbyid(x.grantee) not in ('app_ledger', 'anon', 'authenticated', 'service_role', 'app_assistant_ro'))
	$$;
	
	create function pg_temp.notification_fail(reason text)
	returns void
	language plpgsql
	set search_path = pg_catalog
	as $$
	begin
	  raise exception 'notification_schema_conflict:%', reason using errcode = 'P0001';
	end
	$$;
	
	create function pg_temp.notification_fail_count(reason text, conflicting_rows bigint)
	returns void
	language plpgsql
	set search_path = pg_catalog
	as $$
	begin
	  raise exception 'notification_schema_conflict:%:count=%',
	    reason,
	    least(conflicting_rows, 1001)
	    using errcode = 'P0001';
	end
	$$;
	
	do $classifier$
	declare
	  state_name text;
	  owner_oid oid;
	  owner_name text;
	  relation_name text;
	  relation_oid regclass;
	  role_name text;
	  role_oid oid;
	  actual text[];
	  expected text[];
	  expected_full text[];
	  expected_ledger text[];
	  expected_assistant text[];
	  config_columns text[];
	  reminder_columns text[];
	  rule_columns text[];
	  log_columns text[];
	  mismatch_count bigint;
	  is_super boolean;
	begin
	  if to_regrole('app_ledger') is null then
	    perform pg_temp.notification_fail('role_missing');
	  end if;
	
	  select oid into role_oid from pg_roles where rolname = 'app_ledger';
	  if exists (
	    select 1 from pg_roles
	    where rolname = 'app_ledger' and (rolcanlogin or rolsuper or rolbypassrls)
	  ) then
	    perform pg_temp.notification_fail('role_attributes');
	  end if;
	
	  foreach role_name in array array['anon', 'authenticated', 'service_role', 'app_assistant_ro'] loop
	    select oid into role_oid from pg_roles where rolname = role_name;
	    if role_oid is null then
	      continue;
	    end if;
	    if pg_has_role(role_oid, to_regrole('app_ledger'), 'MEMBER')
	       or pg_has_role(role_oid, to_regrole('app_ledger'), 'USAGE')
	       or exists (
	         with recursive reach(roleid) as (
	           select m.roleid from pg_auth_members m where m.member = role_oid
	           union
	           select m.roleid from pg_auth_members m join reach r on m.member = r.roleid
	         )
	         select 1 from reach where roleid = to_regrole('app_ledger')
	       ) then
	      perform pg_temp.notification_fail('role_membership');
	    end if;
	  end loop;
	
	  if to_regclass('public.sched_bookings') is null
	     or to_regprocedure('gen_random_uuid()') is null then
	    perform pg_temp.notification_fail('prerequisite_missing');
	  end if;
	  if not exists (
	    select 1
	    from pg_attribute a
	    where a.attrelid = 'public.sched_bookings'::regclass
	      and a.attname = 'id'
	      and not a.attisdropped
	      and format_type(a.atttypid, a.atttypmod) = 'uuid'
	      and a.attnotnull
	  ) or not exists (
	    select 1
	    from pg_index i
	    join unnest(i.indkey) with ordinality k(attnum, ord) on k.ord = 1
	    join pg_attribute a on a.attrelid = i.indrelid and a.attnum = k.attnum
	    where i.indrelid = 'public.sched_bookings'::regclass
	      and i.indisunique and i.indisvalid and i.indnkeyatts = 1 and a.attname = 'id'
	  ) then
	    perform pg_temp.notification_fail('booking_identity');
	  end if;
	
	  if to_regclass('public.sched_reminder_config') is null
	     and to_regclass('public.sched_reminders') is null
	     and to_regclass('public.notif_rules') is null
	     and to_regclass('public.notif_log') is null then
	    state_name := 'fresh';
	    owner_oid := (select relowner from pg_class where oid = 'public.sched_bookings'::regclass);
	    owner_name := current_user;
	  elsif to_regclass('public.sched_reminder_config') is not null
	        and to_regclass('public.sched_reminders') is not null
	        and to_regclass('public.notif_rules') is null
	        and to_regclass('public.notif_log') is null then
	    config_columns := pg_temp.notification_columns('public.sched_reminder_config'::regclass);
	    reminder_columns := pg_temp.notification_columns('public.sched_reminders'::regclass);
	    if config_columns = array[
	         $e$org_id|text|notnull|||<NULL>$e$,
	         $e$enabled|boolean|notnull|||false$e$,
	         $e$stages|jsonb|notnull|||'[{"key": "confirmation"}, {"key": "24h", "minutesBefore": 1440}, {"key": "2h", "minutesBefore": 120}]'::jsonb$e$,
	         $e$channel|text|notnull|||'whatsapp'::text$e$,
	         $e$account_id|text|nullable|||<NULL>$e$,
	         $e$personalize|boolean|notnull|||true$e$,
	         $e$locale|text|notnull|||'es'::text$e$,
	         $e$from_name|text|nullable|||<NULL>$e$,
	         $e$updated_at|timestamp with time zone|notnull|||now()$e$
	       ]::text[]
	       and reminder_columns = array[
	         $e$id|uuid|notnull|||gen_random_uuid()$e$,
	         $e$org_id|text|notnull|||<NULL>$e$,
	         $e$booking_id|uuid|notnull|||<NULL>$e$,
	         $e$stage|text|notnull|||<NULL>$e$,
	         $e$channel|text|notnull|||<NULL>$e$,
	         $e$recipient|text|nullable|||<NULL>$e$,
	         $e$content|text|nullable|||<NULL>$e$,
	         $e$status|text|notnull|||<NULL>$e$,
	         $e$message_id|text|nullable|||<NULL>$e$,
	         $e$error|text|nullable|||<NULL>$e$,
	         $e$sent_at|timestamp with time zone|nullable|||<NULL>$e$,
	         $e$created_at|timestamp with time zone|notnull|||now()$e$
	       ]::text[] then
	      state_name := 'reminder_base';
	    elsif config_columns = array[
	         $e$org_id|text|notnull|||<NULL>$e$,
	         $e$enabled|boolean|notnull|||false$e$,
	         $e$stages|jsonb|notnull|||'[{"key": "confirmation"}, {"key": "24h", "minutesBefore": 1440}, {"key": "2h", "minutesBefore": 120}]'::jsonb$e$,
	         $e$channel|text|notnull|||'whatsapp'::text$e$,
	         $e$account_id|text|nullable|||<NULL>$e$,
	         $e$personalize|boolean|notnull|||true$e$,
	         $e$locale|text|notnull|||'es'::text$e$,
	         $e$from_name|text|nullable|||<NULL>$e$,
	         $e$updated_at|timestamp with time zone|notnull|||now()$e$,
	         $e$channels|jsonb|notnull|||'[]'::jsonb$e$
	       ]::text[]
	       and reminder_columns = array[
	         $e$id|uuid|notnull|||gen_random_uuid()$e$,
	         $e$org_id|text|notnull|||<NULL>$e$,
	         $e$booking_id|uuid|notnull|||<NULL>$e$,
	         $e$stage|text|notnull|||<NULL>$e$,
	         $e$channel|text|notnull|||<NULL>$e$,
	         $e$recipient|text|nullable|||<NULL>$e$,
	         $e$content|text|nullable|||<NULL>$e$,
	         $e$status|text|notnull|||<NULL>$e$,
	         $e$message_id|text|nullable|||<NULL>$e$,
	         $e$error|text|nullable|||<NULL>$e$,
	         $e$sent_at|timestamp with time zone|nullable|||<NULL>$e$,
	         $e$created_at|timestamp with time zone|notnull|||now()$e$,
	         $e$recipient_role|text|notnull|||'client'::text$e$
	       ]::text[] then
	      state_name := 'reminder_multichannel';
	    elsif config_columns = array[
	         $e$org_id|text|notnull|||<NULL>$e$,
	         $e$enabled|boolean|notnull|||false$e$,
	         $e$stages|jsonb|notnull|||'[{"key": "confirmation"}, {"key": "24h", "minutesBefore": 1440}, {"key": "2h", "minutesBefore": 120}]'::jsonb$e$,
	         $e$channel|text|notnull|||'whatsapp'::text$e$,
	         $e$account_id|text|nullable|||<NULL>$e$,
	         $e$personalize|boolean|notnull|||true$e$,
	         $e$locale|text|notnull|||'es'::text$e$,
	         $e$from_name|text|nullable|||<NULL>$e$,
	         $e$updated_at|timestamp with time zone|notnull|||now()$e$,
	         $e$channels|jsonb|notnull|||'[]'::jsonb$e$,
	         $e$infer_confirmation|boolean|notnull|||false$e$
	       ]::text[]
	       and reminder_columns = array[
	         $e$id|uuid|notnull|||gen_random_uuid()$e$,
	         $e$org_id|text|notnull|||<NULL>$e$,
	         $e$booking_id|uuid|notnull|||<NULL>$e$,
	         $e$stage|text|notnull|||<NULL>$e$,
	         $e$channel|text|notnull|||<NULL>$e$,
	         $e$recipient|text|nullable|||<NULL>$e$,
	         $e$content|text|nullable|||<NULL>$e$,
	         $e$status|text|notnull|||<NULL>$e$,
	         $e$message_id|text|nullable|||<NULL>$e$,
	         $e$error|text|nullable|||<NULL>$e$,
	         $e$sent_at|timestamp with time zone|nullable|||<NULL>$e$,
	         $e$created_at|timestamp with time zone|notnull|||now()$e$,
	         $e$recipient_role|text|notnull|||'client'::text$e$
	       ]::text[] then
	      state_name := 'reminder_inference';
	    else
	      perform pg_temp.notification_fail('column_manifest');
	    end if;
	  elsif to_regclass('public.sched_reminder_config') is not null
	        and to_regclass('public.sched_reminders') is not null
	        and to_regclass('public.notif_rules') is not null
	        and to_regclass('public.notif_log') is not null then
	    state_name := 'legacy_complete';
	  else
	    perform pg_temp.notification_fail('target_presence');
	  end if;
	
	  if state_name <> 'fresh' then
	    select min(c.relowner), min(pg_get_userbyid(c.relowner)), count(distinct c.relowner)
	      into owner_oid, owner_name, mismatch_count
	      from pg_class c
	      join pg_namespace n on n.oid = c.relnamespace
	      where n.nspname = 'public'
	        and (
	          c.relname in ('sched_reminder_config', 'sched_reminders')
	          or (
	            state_name = 'legacy_complete'
	            and c.relname in ('notif_rules', 'notif_log')
	          )
	        );
	    if mismatch_count <> 1 or owner_name in ('app_ledger', 'app_assistant_ro', 'anon', 'authenticated', 'service_role') then
	      perform pg_temp.notification_fail('table_owner');
	    end if;
	    select rolsuper into is_super from pg_roles where rolname = current_user;
	    if current_user <> owner_name and not coalesce(is_super, false)
	       and not pg_has_role(current_user, owner_oid, 'MEMBER') then
	      perform pg_temp.notification_fail('owner_authority');
	    end if;
	  end if;
	
	  if state_name = 'legacy_complete' then
	    config_columns := pg_temp.notification_columns('public.sched_reminder_config'::regclass);
	    reminder_columns := pg_temp.notification_columns('public.sched_reminders'::regclass);
	    rule_columns := pg_temp.notification_columns('public.notif_rules'::regclass);
	    log_columns := pg_temp.notification_columns('public.notif_log'::regclass);
	    if config_columns <> array[
	         $e$org_id|text|notnull|||<NULL>$e$,
	         $e$enabled|boolean|notnull|||false$e$,
	         $e$stages|jsonb|notnull|||'[{"key": "confirmation"}, {"key": "24h", "minutesBefore": 1440}, {"key": "2h", "minutesBefore": 120}]'::jsonb$e$,
	         $e$channel|text|notnull|||'whatsapp'::text$e$,
	         $e$account_id|text|nullable|||<NULL>$e$,
	         $e$personalize|boolean|notnull|||true$e$,
	         $e$locale|text|notnull|||'es'::text$e$,
	         $e$from_name|text|nullable|||<NULL>$e$,
	         $e$updated_at|timestamp with time zone|notnull|||now()$e$,
	         $e$channels|jsonb|notnull|||'[]'::jsonb$e$,
	         $e$infer_confirmation|boolean|notnull|||false$e$
	       ]::text[]
	       or reminder_columns <> array[
	         $e$id|uuid|notnull|||gen_random_uuid()$e$,
	         $e$org_id|text|notnull|||<NULL>$e$,
	         $e$booking_id|uuid|notnull|||<NULL>$e$,
	         $e$stage|text|notnull|||<NULL>$e$,
	         $e$channel|text|notnull|||<NULL>$e$,
	         $e$recipient|text|nullable|||<NULL>$e$,
	         $e$content|text|nullable|||<NULL>$e$,
	         $e$status|text|notnull|||<NULL>$e$,
	         $e$message_id|text|nullable|||<NULL>$e$,
	         $e$error|text|nullable|||<NULL>$e$,
	         $e$sent_at|timestamp with time zone|nullable|||<NULL>$e$,
	         $e$created_at|timestamp with time zone|notnull|||now()$e$,
	         $e$recipient_role|text|notnull|||'client'::text$e$
	       ]::text[]
	       or rule_columns <> array[
	         $e$id|uuid|notnull|||gen_random_uuid()$e$,
	         $e$org_id|text|notnull|||<NULL>$e$,
	         $e$name|text|notnull|||<NULL>$e$,
	         $e$enabled|boolean|notnull|||true$e$,
	         $e$trigger_table|text|notnull|||<NULL>$e$,
	         $e$trigger_event|text|notnull|||<NULL>$e$,
	         $e$date_field|text|nullable|||<NULL>$e$,
	         $e$date_offset_mins|integer|nullable|||<NULL>$e$,
	         $e$condition|jsonb|notnull|||'[]'::jsonb$e$,
	         $e$recipients|jsonb|notnull|||'[]'::jsonb$e$,
	         $e$channel|text|notnull|||<NULL>$e$,
	         $e$account_id|text|nullable|||<NULL>$e$,
	         $e$template|text|notnull|||<NULL>$e$,
	         $e$last_run_at|timestamp with time zone|nullable|||<NULL>$e$,
	         $e$created_at|timestamp with time zone|notnull|||now()$e$,
	         $e$updated_at|timestamp with time zone|notnull|||now()$e$
	       ]::text[]
	       or log_columns <> array[
	         $e$id|uuid|notnull|||gen_random_uuid()$e$,
	         $e$org_id|text|notnull|||<NULL>$e$,
	         $e$rule_id|uuid|notnull|||<NULL>$e$,
	         $e$entity_id|text|notnull|||<NULL>$e$,
	         $e$trigger_key|text|notnull|||<NULL>$e$,
	         $e$channel|text|notnull|||<NULL>$e$,
	         $e$recipient|text|nullable|||<NULL>$e$,
	         $e$content|text|nullable|||<NULL>$e$,
	         $e$status|text|notnull|||<NULL>$e$,
	         $e$error|text|nullable|||<NULL>$e$,
	         $e$message_id|text|nullable|||<NULL>$e$,
	         $e$created_at|timestamp with time zone|notnull|||now()$e$
	       ]::text[] then
	      perform pg_temp.notification_fail('column_manifest');
	    end if;
	  end if;
	
	  if state_name <> 'fresh' then
	    foreach relation_name in array (
	      case when state_name = 'legacy_complete'
	        then array['sched_reminder_config', 'sched_reminders', 'notif_rules', 'notif_log']
	        else array['sched_reminder_config', 'sched_reminders']
	      end
	    ) loop
	      relation_oid := to_regclass(format('public.%I', relation_name));
	      if not exists (
	        select 1 from pg_class c
	        where c.oid = relation_oid and c.relkind = 'r' and c.relpersistence = 'p'
	          and not c.relispartition and c.relrowsecurity and c.relforcerowsecurity
	      ) or exists (
	        select 1 from pg_inherits where inhrelid = relation_oid or inhparent = relation_oid
	      ) then
	        perform pg_temp.notification_fail('relation_shape');
	      end if;
	
	      if relation_name = 'sched_reminder_config' then
	        expected := array[
	          'sched_reminder_config_pkey|p|PRIMARY KEY (org_id)|t|f|f'
	        ];
	      elsif relation_name = 'sched_reminders' then
	        expected := array[
	          'sched_reminders_booking_id_fkey|f|FOREIGN KEY (booking_id) REFERENCES public.sched_bookings(id) ON DELETE CASCADE|t|f|f',
	          'sched_reminders_pkey|p|PRIMARY KEY (id)|t|f|f'
	        ];
	      elsif relation_name = 'notif_rules' then
	        expected := array['notif_rules_pkey|p|PRIMARY KEY (id)|t|f|f'];
	      else
	        expected := array['notif_log_pkey|p|PRIMARY KEY (id)|t|f|f'];
	      end if;
	      expected := pg_temp.notification_sorted(
	        expected || pg_temp.notification_expected_not_null_constraints(relation_oid)
	      );
	      if pg_temp.notification_constraints(relation_oid) is distinct from expected then
	        perform pg_temp.notification_fail('constraint_manifest');
	      end if;
	
	      if relation_name = 'sched_reminder_config' then
	        expected := array[
	          'sched_reminder_config_pkey|CREATE UNIQUE INDEX sched_reminder_config_pkey ON public.sched_reminder_config USING btree (org_id)'
	        ];
	      elsif relation_name = 'sched_reminders' and state_name = 'reminder_base' then
	        expected := array[
	          'sched_reminders_booking_idx|CREATE INDEX sched_reminders_booking_idx ON public.sched_reminders USING btree (booking_id)',
	          'sched_reminders_booking_stage_uniq|CREATE UNIQUE INDEX sched_reminders_booking_stage_uniq ON public.sched_reminders USING btree (org_id, booking_id, stage)',
	          'sched_reminders_org_created_idx|CREATE INDEX sched_reminders_org_created_idx ON public.sched_reminders USING btree (org_id, created_at)',
	          'sched_reminders_pkey|CREATE UNIQUE INDEX sched_reminders_pkey ON public.sched_reminders USING btree (id)'
	        ];
	      elsif relation_name = 'sched_reminders' then
	        expected := array[
	          'sched_reminders_booking_idx|CREATE INDEX sched_reminders_booking_idx ON public.sched_reminders USING btree (booking_id)',
	          'sched_reminders_booking_stage_chan_uniq|CREATE UNIQUE INDEX sched_reminders_booking_stage_chan_uniq ON public.sched_reminders USING btree (org_id, booking_id, stage, channel, recipient_role)',
	          'sched_reminders_org_created_idx|CREATE INDEX sched_reminders_org_created_idx ON public.sched_reminders USING btree (org_id, created_at)',
	          'sched_reminders_pkey|CREATE UNIQUE INDEX sched_reminders_pkey ON public.sched_reminders USING btree (id)'
	        ];
	      elsif relation_name = 'notif_rules' then
	        expected := array[
	          'notif_rules_org_idx|CREATE INDEX notif_rules_org_idx ON public.notif_rules USING btree (org_id)',
	          'notif_rules_pkey|CREATE UNIQUE INDEX notif_rules_pkey ON public.notif_rules USING btree (id)'
	        ];
	      else
	        expected := array[
	          'notif_log_org_idx|CREATE INDEX notif_log_org_idx ON public.notif_log USING btree (org_id, created_at)',
	          'notif_log_pkey|CREATE UNIQUE INDEX notif_log_pkey ON public.notif_log USING btree (id)',
	          'notif_log_rule_entity_key_uniq|CREATE UNIQUE INDEX notif_log_rule_entity_key_uniq ON public.notif_log USING btree (rule_id, entity_id, trigger_key)'
	        ];
	      end if;
	      if pg_temp.notification_indexes(relation_oid) is distinct from expected then
	        perform pg_temp.notification_fail('index_manifest');
	      end if;
	
	      expected := array[
	        format(
	          '%s_org_guc|*|t|PUBLIC|org_id = current_setting(''app.current_org_id''::text, true)|org_id = current_setting(''app.current_org_id''::text, true)',
	          relation_name
	        )
	      ];
	      if pg_temp.notification_policies(relation_oid) is distinct from expected then
	        perform pg_temp.notification_fail('policy_manifest');
	      end if;
	      if pg_temp.notification_user_triggers(relation_oid) <> array[]::text[] then
	        perform pg_temp.notification_fail('trigger_manifest');
	      end if;
	      if pg_temp.notification_rewrite_rules(relation_oid) <> array[]::text[] then
	        perform pg_temp.notification_fail('rewrite_manifest');
	      end if;
	      if pg_temp.notification_column_privileges(relation_oid) <> array[]::text[] then
	        perform pg_temp.notification_fail('column_acl');
	      end if;
	      if pg_temp.notification_unknown_table_grantees(relation_oid, owner_oid) <> array[]::text[] then
	        perform pg_temp.notification_fail('table_acl_grantee');
	      end if;
	
	      expected_full := pg_temp.notification_expected_owner_privileges(owner_name);
	      if pg_temp.notification_table_privileges(relation_oid, owner_oid) is distinct from expected_full
	         or pg_temp.notification_table_privileges(relation_oid, 0) <> array[]::text[] then
	        perform pg_temp.notification_fail('table_acl_owner');
	      end if;
	
	      expected_ledger := case when relation_name = 'notif_log'
	        then array[format('INSERT|%s|f', owner_name), format('SELECT|%s|f', owner_name)]
	        else array[
	          format('DELETE|%s|f', owner_name),
	          format('INSERT|%s|f', owner_name),
	          format('SELECT|%s|f', owner_name),
	          format('UPDATE|%s|f', owner_name)
	        ] end;
	      if pg_temp.notification_table_privileges(relation_oid, to_regrole('app_ledger')) is distinct from expected_ledger then
	        perform pg_temp.notification_fail('table_acl_ledger');
	      end if;
	
	      foreach role_name in array array['anon', 'authenticated', 'service_role'] loop
	        role_oid := to_regrole(role_name);
	        if role_oid is not null and pg_temp.notification_table_privileges(relation_oid, role_oid) is distinct from expected_full then
	          perform pg_temp.notification_fail('table_acl_browser');
	        end if;
	      end loop;
	      role_oid := to_regrole('app_assistant_ro');
	      if role_oid is not null then
	        expected_assistant := case when state_name = 'legacy_complete' and relation_name in ('sched_reminders', 'notif_log')
	          then array[format('SELECT|%s|f', owner_name)] else array[]::text[] end;
	        if pg_temp.notification_table_privileges(relation_oid, role_oid) is distinct from expected_assistant then
	          perform pg_temp.notification_fail('table_acl_assistant');
	        end if;
	      end if;
	    end loop;
	
	    select count(*) into mismatch_count
	    from public.sched_reminders r
	    left join public.sched_bookings b on b.id = r.booking_id
	    where b.id is null;
	    if mismatch_count > 0 then
	      perform pg_temp.notification_fail_count('orphan_booking', mismatch_count);
	    end if;
	
	    select count(*) into mismatch_count
	    from public.sched_reminders
	    where status not in ('sending', 'sent', 'failed', 'skipped')
	       or (status = 'sent' and sent_at is null)
	       or (status <> 'sent' and sent_at is not null);
	    if mismatch_count > 0 then
	      perform pg_temp.notification_fail_count('reminder_state', mismatch_count);
	    end if;
	
	    if state_name = 'legacy_complete' then
	      select count(*) into mismatch_count from public.notif_log where status not in ('sent', 'failed');
	      if mismatch_count > 0 then
	        perform pg_temp.notification_fail_count('notification_state', mismatch_count);
	      end if;
	    end if;
	  end if;
	
	  if to_regprocedure('public.enforce_sched_reminder_transition()') is not null then
	    perform pg_temp.notification_fail('function_collision');
	  end if;
	  insert into pg_temp.notification_reconciliation_scope(state, owner_name)
	  values (state_name, owner_name);
	end
	$classifier$;
	
	do $converge$
	declare
	  state_name text;
	  owner_name text;
	begin
	  select state, notification_reconciliation_scope.owner_name
	    into state_name, owner_name
	    from pg_temp.notification_reconciliation_scope;
	
	  if state_name = 'fresh' then
	    create table public.sched_reminder_config (
	      org_id text primary key,
	      enabled boolean not null default false,
	      stages jsonb not null default '[{"key":"confirmation"},{"key":"24h","minutesBefore":1440},{"key":"2h","minutesBefore":120}]'::jsonb,
	      channel text not null default 'whatsapp',
	      account_id text,
	      personalize boolean not null default true,
	      locale text not null default 'es',
	      from_name text,
	      updated_at timestamptz not null default now(),
	      channels jsonb not null default '[]'::jsonb,
	      infer_confirmation boolean not null default false
	    );
	    create table public.sched_reminders (
	      id uuid primary key default gen_random_uuid(),
	      org_id text not null,
	      booking_id uuid not null references public.sched_bookings(id) on delete cascade,
	      stage text not null,
	      channel text not null,
	      recipient text,
	      content text,
	      status text not null,
	      message_id text,
	      error text,
	      sent_at timestamptz,
	      created_at timestamptz not null default now(),
	      recipient_role text not null default 'client'
	    );
	    create unique index sched_reminders_booking_stage_chan_uniq
	      on public.sched_reminders (org_id, booking_id, stage, channel, recipient_role);
	    create index sched_reminders_org_created_idx on public.sched_reminders (org_id, created_at);
	    create index sched_reminders_booking_idx on public.sched_reminders (booking_id);
	  elsif state_name = 'reminder_base' then
	    alter table public.sched_reminder_config
	      add column channels jsonb not null default '[]'::jsonb;
	    alter table public.sched_reminders
	      add column recipient_role text not null default 'client';
	    drop index public.sched_reminders_booking_stage_uniq;
	    create unique index sched_reminders_booking_stage_chan_uniq
	      on public.sched_reminders (org_id, booking_id, stage, channel, recipient_role);
	    alter table public.sched_reminder_config
	      add column infer_confirmation boolean not null default false;
	  elsif state_name = 'reminder_multichannel' then
	    alter table public.sched_reminder_config
	      add column infer_confirmation boolean not null default false;
	  end if;
	
	  if state_name <> 'legacy_complete' then
	    create table public.notif_rules (
	      id uuid primary key default gen_random_uuid(),
	      org_id text not null,
	      name text not null,
	      enabled boolean not null default true,
	      trigger_table text not null,
	      trigger_event text not null,
	      date_field text,
	      date_offset_mins integer,
	      condition jsonb not null default '[]'::jsonb,
	      recipients jsonb not null default '[]'::jsonb,
	      channel text not null,
	      account_id text,
	      template text not null,
	      last_run_at timestamptz,
	      created_at timestamptz not null default now(),
	      updated_at timestamptz not null default now()
	    );
	    create index notif_rules_org_idx on public.notif_rules (org_id);
	    create table public.notif_log (
	      id uuid primary key default gen_random_uuid(),
	      org_id text not null,
	      rule_id uuid not null,
	      entity_id text not null,
	      trigger_key text not null,
	      channel text not null,
	      recipient text,
	      content text,
	      status text not null,
	      error text,
	      message_id text,
	      created_at timestamptz not null default now()
	    );
	    create unique index notif_log_rule_entity_key_uniq
	      on public.notif_log (rule_id, entity_id, trigger_key);
	    create index notif_log_org_idx on public.notif_log (org_id, created_at);
	    if owner_name <> current_user then
	      execute format('alter table public.notif_rules owner to %I', owner_name);
	      execute format('alter table public.notif_log owner to %I', owner_name);
	    end if;
	  end if;
	end
	$converge$;
	
	alter table public.sched_reminders
	  add constraint sched_reminders_status_check
	  check (status in ('sending', 'sent', 'failed', 'skipped'));
	alter table public.sched_reminders
	  add constraint sched_reminders_status_sent_at_check
	  check (
	    (status = 'sent' and sent_at is not null)
	    or (status in ('sending', 'failed', 'skipped') and sent_at is null)
	  );
	alter table public.notif_log
	  add constraint notif_log_status_check
	  check (status in ('sent', 'failed'));
	
	comment on table public.notif_log is
	  'Legacy notification claims. Rows are not provider delivery receipts.';
	comment on column public.notif_log.status is
	  'Untrusted legacy claim status; not provider acceptance, delivery, or human receipt.';
	
	create function public.enforce_sched_reminder_transition()
	returns trigger
	language plpgsql
	set search_path = pg_catalog, public
	as $$
	begin
	  if tg_op = 'INSERT' then
	    if new.status <> 'sending' then
	      raise exception 'sched_reminder_transition_rejected' using errcode = '23514';
	    end if;
	    return new;
	  end if;
	
	  if old.status <> 'sending'
	     or new.status not in ('sent', 'failed', 'skipped')
	     or new.id is distinct from old.id
	     or new.org_id is distinct from old.org_id
	     or new.booking_id is distinct from old.booking_id
	     or new.stage is distinct from old.stage
	     or new.channel is distinct from old.channel
	     or new.recipient_role is distinct from old.recipient_role
	     or new.recipient is distinct from old.recipient
	     or new.created_at is distinct from old.created_at then
	    raise exception 'sched_reminder_transition_rejected' using errcode = '23514';
	  end if;
	  return new;
	end
	$$;
	
	create trigger sched_reminders_legal_transition
	before insert or update on public.sched_reminders
	for each row execute function public.enforce_sched_reminder_transition();
	
	alter table public.sched_reminder_config enable row level security;
	alter table public.sched_reminder_config force row level security;
	alter table public.sched_reminders enable row level security;
	alter table public.sched_reminders force row level security;
	alter table public.notif_rules enable row level security;
	alter table public.notif_rules force row level security;
	alter table public.notif_log enable row level security;
	alter table public.notif_log force row level security;
	
	drop policy if exists sched_reminder_config_org_guc on public.sched_reminder_config;
	drop policy if exists sched_reminders_org_guc on public.sched_reminders;
	drop policy if exists notif_rules_org_guc on public.notif_rules;
	drop policy if exists notif_log_org_guc on public.notif_log;
	create policy sched_reminder_config_org_guc on public.sched_reminder_config
	  as permissive for all to app_ledger
	  using (org_id = current_setting('app.current_org_id', true))
	  with check (org_id = current_setting('app.current_org_id', true));
	create policy sched_reminders_org_guc on public.sched_reminders
	  as permissive for all to app_ledger
	  using (org_id = current_setting('app.current_org_id', true))
	  with check (org_id = current_setting('app.current_org_id', true));
	create policy notif_rules_org_guc on public.notif_rules
	  as permissive for all to app_ledger
	  using (org_id = current_setting('app.current_org_id', true))
	  with check (org_id = current_setting('app.current_org_id', true));
	create policy notif_log_org_guc on public.notif_log
	  as permissive for all to app_ledger
	  using (org_id = current_setting('app.current_org_id', true))
	  with check (org_id = current_setting('app.current_org_id', true));
	
	do $privileges$
	declare
	  relation_name text;
	  column_name text;
	  role_name text;
	begin
	  foreach relation_name in array array['sched_reminder_config', 'sched_reminders', 'notif_rules', 'notif_log'] loop
	    execute format('revoke all privileges on table public.%I from public', relation_name);
	    execute format('revoke all privileges on table public.%I from app_ledger', relation_name);
	    for column_name in
	      select a.attname from pg_attribute a
	      where a.attrelid = to_regclass(format('public.%I', relation_name))
	        and a.attnum > 0 and not a.attisdropped
	    loop
	      execute format('revoke all privileges (%I) on table public.%I from public', column_name, relation_name);
	      execute format('revoke all privileges (%I) on table public.%I from app_ledger', column_name, relation_name);
	    end loop;
	    foreach role_name in array array['anon', 'authenticated', 'service_role', 'app_assistant_ro'] loop
	      if to_regrole(role_name) is null then continue; end if;
	      execute format('revoke all privileges on table public.%I from %I', relation_name, role_name);
	      for column_name in
	        select a.attname from pg_attribute a
	        where a.attrelid = to_regclass(format('public.%I', relation_name))
	          and a.attnum > 0 and not a.attisdropped
	      loop
	        execute format('revoke all privileges (%I) on table public.%I from %I', column_name, relation_name, role_name);
	      end loop;
	    end loop;
	  end loop;
	end
	$privileges$;
	
	grant select, insert, update, delete on public.sched_reminder_config to app_ledger;
	grant select, insert, update, delete on public.sched_reminders to app_ledger;
	grant select, insert, update, delete on public.notif_rules to app_ledger;
	grant select, insert on public.notif_log to app_ledger;
	
	revoke all privileges on function public.enforce_sched_reminder_transition() from public;
	revoke all privileges on function public.enforce_sched_reminder_transition() from app_ledger;
	do $function_privileges$
	declare
	  role_name text;
	begin
	  foreach role_name in array array['anon', 'authenticated', 'service_role', 'app_assistant_ro'] loop
	    if to_regrole(role_name) is not null then
	      execute format(
	        'revoke all privileges on function public.enforce_sched_reminder_transition() from %I',
	        role_name
	      );
	    end if;
	  end loop;
	end
	$function_privileges$;
	
	do $final_assertion$
	declare
	  relation_name text;
	  relation_oid regclass;
	  owner_oid oid;
	  owner_name text;
	  role_name text;
	  role_oid oid;
	  privilege_name text;
	  column_name text;
	  expected text[];
	  expected_full text[];
	  expected_ledger text[];
	  should_have boolean;
	begin
	  select c.relowner, pg_get_userbyid(c.relowner)
	    into owner_oid, owner_name
	    from pg_class c where c.oid = 'public.sched_reminder_config'::regclass;
	  foreach relation_name in array array['sched_reminder_config', 'sched_reminders', 'notif_rules', 'notif_log'] loop
	    relation_oid := to_regclass(format('public.%I', relation_name));
	    if not exists (
	      select 1 from pg_class c
	      where c.oid = relation_oid and c.relowner = owner_oid and c.relkind = 'r'
	        and c.relpersistence = 'p' and not c.relispartition
	        and c.relrowsecurity and c.relforcerowsecurity
	    ) or pg_temp.notification_rewrite_rules(relation_oid) <> array[]::text[]
	       or pg_temp.notification_column_privileges(relation_oid) <> array[]::text[]
	       or pg_temp.notification_unknown_table_grantees(relation_oid, owner_oid) <> array[]::text[] then
	      perform pg_temp.notification_fail('final_relation');
	    end if;
	
	    if pg_temp.notification_columns(relation_oid) is distinct from
	         pg_temp.notification_final_columns(relation_name) then
	      perform pg_temp.notification_fail('final_column_manifest');
	    end if;
	    if pg_temp.notification_indexes(relation_oid) is distinct from
	         pg_temp.notification_final_indexes(relation_name) then
	      perform pg_temp.notification_fail('final_index_manifest');
	    end if;
	
	    expected := array[
	      format(
	        '%s_org_guc|*|t|app_ledger|org_id = current_setting(''app.current_org_id''::text, true)|org_id = current_setting(''app.current_org_id''::text, true)',
	        relation_name
	      )
	    ];
	    if pg_temp.notification_policies(relation_oid) is distinct from expected then
	      perform pg_temp.notification_fail('final_policy');
	    end if;
	
	    expected_full := pg_temp.notification_expected_owner_privileges(owner_name);
	    expected_ledger := case when relation_name = 'notif_log'
	      then array[format('INSERT|%s|f', owner_name), format('SELECT|%s|f', owner_name)]
	      else array[
	        format('DELETE|%s|f', owner_name),
	        format('INSERT|%s|f', owner_name),
	        format('SELECT|%s|f', owner_name),
	        format('UPDATE|%s|f', owner_name)
	      ] end;
	    if pg_temp.notification_table_privileges(relation_oid, owner_oid) is distinct from expected_full
	       or pg_temp.notification_table_privileges(relation_oid, to_regrole('app_ledger')) is distinct from expected_ledger
	       or pg_temp.notification_table_privileges(relation_oid, 0) <> array[]::text[] then
	      perform pg_temp.notification_fail('final_acl');
	    end if;
	    foreach role_name in array array['anon', 'authenticated', 'service_role', 'app_assistant_ro'] loop
	      role_oid := to_regrole(role_name);
	      if role_oid is null then continue; end if;
	      if pg_temp.notification_table_privileges(relation_oid, role_oid) <> array[]::text[] then
	        perform pg_temp.notification_fail('final_acl');
	      end if;
	      foreach privilege_name in array array['SELECT', 'INSERT', 'UPDATE', 'DELETE', 'TRUNCATE', 'REFERENCES', 'TRIGGER'] loop
	        if has_table_privilege(role_oid, relation_oid, privilege_name) then
	          perform pg_temp.notification_fail('final_effective_acl');
	        end if;
	      end loop;
	      if current_setting('server_version_num')::integer >= 170000
	         and has_table_privilege(role_oid, relation_oid, 'MAINTAIN') then
	        perform pg_temp.notification_fail('final_effective_acl');
	      end if;
	      for column_name in
	        select a.attname from pg_attribute a
	        where a.attrelid = relation_oid and a.attnum > 0 and not a.attisdropped
	      loop
	        foreach privilege_name in array array['SELECT', 'INSERT', 'UPDATE', 'REFERENCES'] loop
	          if has_column_privilege(role_oid, relation_oid, column_name, privilege_name) then
	            perform pg_temp.notification_fail('final_effective_column_acl');
	          end if;
	        end loop;
	      end loop;
	    end loop;
	
	    foreach privilege_name in array array['SELECT', 'INSERT', 'UPDATE', 'DELETE'] loop
	      should_have := relation_name <> 'notif_log' or privilege_name in ('SELECT', 'INSERT');
	      if has_table_privilege(to_regrole('app_ledger'), relation_oid, privilege_name) <> should_have then
	        perform pg_temp.notification_fail('final_ledger_acl');
	      end if;
	    end loop;
	  end loop;
	
	  if pg_temp.notification_user_triggers('public.sched_reminder_config'::regclass) <> array[]::text[]
	     or pg_temp.notification_user_triggers('public.notif_rules'::regclass) <> array[]::text[]
	     or pg_temp.notification_user_triggers('public.notif_log'::regclass) <> array[]::text[]
	     or cardinality(pg_temp.notification_user_triggers('public.sched_reminders'::regclass)) <> 1
	     or not exists (
	       select 1
	       from pg_trigger t
	       join pg_proc p on p.oid = t.tgfoid
	       join pg_namespace n on n.oid = p.pronamespace
	       where t.tgrelid = 'public.sched_reminders'::regclass
	         and not t.tgisinternal
	         and t.tgname = 'sched_reminders_legal_transition'
	         and t.tgenabled = 'O'
	         and n.nspname = 'public'
	         and p.proname = 'enforce_sched_reminder_transition'
	         and not p.prosecdef
	         and p.proconfig @> array['search_path=pg_catalog, public']
	     ) then
	    perform pg_temp.notification_fail('final_trigger');
	  end if;
	
	  foreach role_name in array array[
	    'app_ledger', 'anon', 'authenticated', 'service_role', 'app_assistant_ro'
	  ] loop
	    role_oid := to_regrole(role_name);
	    if role_oid is not null
	       and has_function_privilege(
	         role_oid,
	         'public.enforce_sched_reminder_transition()'::regprocedure,
	         'EXECUTE'
	       ) then
	      perform pg_temp.notification_fail('final_trigger_acl');
	    end if;
	  end loop;
	
	  if obj_description('public.notif_log'::regclass, 'pg_class') is distinct from
	       'Legacy notification claims. Rows are not provider delivery receipts.'
	     or col_description(
	       'public.notif_log'::regclass,
	       (select attnum from pg_attribute
	        where attrelid='public.notif_log'::regclass and attname='status')
	     ) is distinct from
	       'Untrusted legacy claim status; not provider acceptance, delivery, or human receipt.' then
	    perform pg_temp.notification_fail('final_comment');
	  end if;
	
	  relation_oid := 'public.sched_reminder_config'::regclass;
	  expected := pg_temp.notification_sorted(
	    array['sched_reminder_config_pkey|p|PRIMARY KEY (org_id)|t|f|f']::text[]
	    || pg_temp.notification_expected_not_null_constraints(relation_oid)
	  );
	  if pg_temp.notification_constraints(relation_oid) is distinct from expected then
	    perform pg_temp.notification_fail('final_constraint_config');
	  end if;
	
	  relation_oid := 'public.sched_reminders'::regclass;
	  expected := pg_temp.notification_sorted(
	    array[
	      'sched_reminders_booking_id_fkey|f|FOREIGN KEY (booking_id) REFERENCES public.sched_bookings(id) ON DELETE CASCADE|t|f|f',
	      $e$sched_reminders_status_check|c|CHECK (status = ANY (ARRAY['sending'::text, 'sent'::text, 'failed'::text, 'skipped'::text]))|t|f|f$e$,
	      $e$sched_reminders_status_sent_at_check|c|CHECK (status = 'sent'::text AND sent_at IS NOT NULL OR (status = ANY (ARRAY['sending'::text, 'failed'::text, 'skipped'::text])) AND sent_at IS NULL)|t|f|f$e$,
	      'sched_reminders_pkey|p|PRIMARY KEY (id)|t|f|f'
	    ]::text[] || pg_temp.notification_expected_not_null_constraints(relation_oid)
	  );
	  if pg_temp.notification_constraints(relation_oid) is distinct from expected then
	    perform pg_temp.notification_fail('final_constraint_reminders');
	  end if;
	
	  relation_oid := 'public.notif_rules'::regclass;
	  expected := pg_temp.notification_sorted(
	    array['notif_rules_pkey|p|PRIMARY KEY (id)|t|f|f']::text[]
	    || pg_temp.notification_expected_not_null_constraints(relation_oid)
	  );
	  if pg_temp.notification_constraints(relation_oid) is distinct from expected then
	    perform pg_temp.notification_fail('final_constraint_rules');
	  end if;
	
	  relation_oid := 'public.notif_log'::regclass;
	  expected := pg_temp.notification_sorted(
	    array[
	      $e$notif_log_status_check|c|CHECK (status = ANY (ARRAY['sent'::text, 'failed'::text]))|t|f|f$e$,
	      'notif_log_pkey|p|PRIMARY KEY (id)|t|f|f'
	    ]::text[] || pg_temp.notification_expected_not_null_constraints(relation_oid)
	  );
	  if pg_temp.notification_constraints(relation_oid) is distinct from expected then
	    perform pg_temp.notification_fail('final_constraint_log');
	  end if;
	end
	$final_assertion$;
	
172.17.0.1 2026-10-03 20:47:43.600 UTC [106] postgres@postgres LOG:  statement: -- Notification Slice3: immutable event evidence and tenant-scoped projection claims.
	-- No delivery worker, HTTP request, provider effect or legacy-table rewrite occurs here.
	-- Application roles are cluster objects; reject a pre-existing ambiguous role rather than
	-- inheriting its privileges. The ordinary migration runner owns this entire transaction.
	do $$
	declare role_name text;
	begin
	  foreach role_name in array array['notification_event_trigger','notification_worker'] loop
	    if exists (select 1 from pg_roles where rolname=role_name) then
	      raise exception 'Notification role already exists; reviewed role reconciliation required';
	    end if;
	    execute format('create role %I nologin nosuperuser nobypassrls noinherit nocreatedb nocreaterole noreplication',role_name);
	  end loop;
	  if not exists (select 1 from pg_roles where rolname='app_ledger' and not rolsuper and not rolbypassrls) then
	    raise exception 'Notification producer role is unavailable or bypasses RLS';
	  end if;
	  if current_user in ('app_ledger','anon','authenticated','service_role','app_assistant_ro') then
	    raise exception 'Notification migration requires the trusted backend owner';
	  end if;
	  -- A browser/service role must never be able to assume the backend login, even indirectly.
	  if exists (select 1 from pg_roles r where r.rolname in
	    ('app_ledger','anon','authenticated','service_role','app_assistant_ro')
	    and pg_has_role(r.oid,current_user,'MEMBER')) then
	    raise exception 'Notification backend owner is reachable from an application role';
	  end if;
	  -- A NOSUPERUSER migration owner must be able to transfer only the trigger
	  -- function while installing it. The membership is revoked immediately after
	  -- the ownership change; it is never retained as runtime authority.
	  execute format('grant notification_event_trigger to %I',current_user);
	  execute format('grant notification_worker to %I',current_user);
	end $$;
	
	grant usage on schema public to notification_event_trigger, notification_worker;
	
	create table public.notification_events (
	  id uuid primary key default gen_random_uuid(),
	  organization_id uuid not null references public.organizations(id) on delete restrict,
	  kind text not null check (octet_length(kind) between 1 and 96 and kind ~ '^[a-z][a-z0-9_.]*$'),
	  schema_version integer not null check (schema_version between 1 and 65535),
	  catalog_revision text collate "C" not null check (octet_length(catalog_revision) between 1 and 64 and catalog_revision ~ '^[A-Za-z0-9][A-Za-z0-9._:+-]*$'),
	  producer_id text not null check (octet_length(producer_id) between 1 and 96 and producer_id ~ '^[a-z][a-z0-9_.]*$'),
	  subject_type text not null check (octet_length(subject_type) between 1 and 48 and subject_type ~ '^[a-z][a-z0-9_]*$'),
	  subject_id uuid not null,
	  subject_revision text not null check (octet_length(subject_revision) between 1 and 128 and subject_revision ~ '^[A-Za-z0-9][A-Za-z0-9._:+-]*$'),
	  source_identity text not null check (octet_length(source_identity) between 1 and 128 and source_identity ~ '^[A-Za-z0-9][A-Za-z0-9._:+-]*$'),
	  occurred_at timestamptz not null check (isfinite(occurred_at) and occurred_at >= '0001-01-01T00:00:00Z' and occurred_at < '10000-01-01T00:00:00Z'),
	  dedupe_key text not null check (octet_length(dedupe_key) between 1 and 256 and dedupe_key ~ '^[A-Za-z0-9][A-Za-z0-9._:+-]*$'),
	  payload_canonical text not null check (octet_length(payload_canonical) <= 32768 and jsonb_typeof(payload_canonical::jsonb)='object'),
	  payload_sha256 text not null check (payload_sha256 ~ '^[a-f0-9]{64}$' and payload_sha256=encode(sha256(convert_to(payload_canonical,'UTF8')),'hex')),
	  semantic_sha256 text not null check (semantic_sha256 ~ '^[a-f0-9]{64}$'),
	  created_at timestamptz not null default clock_timestamp(),
	  source_transaction_id text not null default pg_current_xact_id()::text check (source_transaction_id ~ '^[0-9]{1,20}$'),
	  check ((kind,producer_id,subject_type) in (
	    ('agent.report.ready','agent.report','report_snapshot'),
	    ('agent.user_notice','agent.notice','notice_snapshot'),
	    ('automation.effects.committed','automation.effects','automation_run'),
	    ('automation.run.failed','automation.run','automation_run'),
	    ('automation.schedule.committed','automation.schedule','automation_schedule'),
	    ('domain.status.changed','scheduling.status','booking'),
	    ('finance.daily_summary.ready','finance.daily_summary','finance_snapshot'),
	    ('join.approved','membership.join','join_request'),
	    ('join.denied','membership.join','join_request'),
	    ('join.requested','membership.join','join_request'),
	    ('membership.activated','membership.activation','member'),
	    ('release.gateway.available','release.gateway','gateway_release'),
	    ('release.product.published','release.product','product_release'),
	    ('scheduling.booking.upcoming','scheduling.reminder','booking'),
	    ('stock.daily_summary.ready','stock.daily_summary','stock_snapshot'),
	    ('stock.low.crossed','stock.threshold','stock_item')
	  )),
	  unique (organization_id,producer_id,dedupe_key),
	  unique (organization_id,id,catalog_revision)
	);
	
	create table public.notification_outbox (
	  event_id uuid primary key,
	  organization_id uuid not null,
	  catalog_revision text collate "C" not null,
	  state text not null default 'pending' check (state in ('pending','processing','projected','quarantined')),
	  lease_owner uuid,
	  generation bigint not null default 0 check (generation >= 0),
	  claimed_at timestamptz,
	  hard_deadline timestamptz,
	  lease_expires_at timestamptz,
	  renewal_count integer,
	  claim_count bigint not null default 0 check (claim_count >= 0),
	  completed_at timestamptz,
	  quarantine_reason text check (quarantine_reason in ('payload_invalid','digest_mismatch','envelope_invalid') and octet_length(quarantine_reason)<=32),
	  foreign key (organization_id,event_id,catalog_revision) references public.notification_events(organization_id,id,catalog_revision) on delete restrict,
	  check ((state='processing' and lease_owner is not null and claimed_at is not null and hard_deadline is not null and renewal_count is not null and hard_deadline=claimed_at+interval '60 seconds' and lease_expires_at is not null and lease_expires_at>claimed_at and lease_expires_at<=hard_deadline and renewal_count in (0,1)) or
	    (state<>'processing' and lease_owner is null and claimed_at is null and hard_deadline is null and lease_expires_at is null and renewal_count is null)),
	  check ((state in ('projected','quarantined'))=(completed_at is not null)),
	  check ((state='quarantined')=(quarantine_reason is not null)),
	  check (state<>'pending' or (generation=0 and claim_count=0)),
	  check (state='pending' or (generation>0 and claim_count=generation))
	);
	
	create index notification_pending_claim_idx on public.notification_outbox(organization_id,catalog_revision collate "C",event_id) where state='pending';
	create index notification_expired_claim_idx on public.notification_outbox(organization_id,catalog_revision collate "C",lease_expires_at,event_id) where state='processing';
	
	alter table public.notification_events enable row level security;
	alter table public.notification_events force row level security;
	alter table public.notification_outbox enable row level security;
	alter table public.notification_outbox force row level security;
	-- Keep tenant scope as UUID equality so the leading partial-index key remains usable. Missing or
	-- malformed transaction context resolves to NULL and denies access without a cast exception.
	create policy notification_event_producer on public.notification_events for all to app_ledger
	  using (organization_id=(case when current_setting('app.current_org_id',true)
	    ~* '^[0-9a-f]{8}-[0-9a-f]{4}-[0-9a-f]{4}-[0-9a-f]{4}-[0-9a-f]{12}$'
	    then current_setting('app.current_org_id',true)::uuid else null::uuid end))
	  with check (organization_id=(case when current_setting('app.current_org_id',true)
	    ~* '^[0-9a-f]{8}-[0-9a-f]{4}-[0-9a-f]{4}-[0-9a-f]{4}-[0-9a-f]{12}$'
	    then current_setting('app.current_org_id',true)::uuid else null::uuid end));
	create policy notification_event_worker on public.notification_events for select to notification_worker
	  using (organization_id=(case when current_setting('app.current_org_id',true)
	    ~* '^[0-9a-f]{8}-[0-9a-f]{4}-[0-9a-f]{4}-[0-9a-f]{4}-[0-9a-f]{12}$'
	    then current_setting('app.current_org_id',true)::uuid else null::uuid end));
	create policy notification_outbox_trigger on public.notification_outbox for insert to notification_event_trigger
	  with check (organization_id=(case when current_setting('app.current_org_id',true)
	    ~* '^[0-9a-f]{8}-[0-9a-f]{4}-[0-9a-f]{4}-[0-9a-f]{4}-[0-9a-f]{12}$'
	    then current_setting('app.current_org_id',true)::uuid else null::uuid end)
	    and state='pending' and generation=0 and claim_count=0);
	create policy notification_outbox_worker on public.notification_outbox for all to notification_worker
	  using (organization_id=(case when current_setting('app.current_org_id',true)
	    ~* '^[0-9a-f]{8}-[0-9a-f]{4}-[0-9a-f]{4}-[0-9a-f]{4}-[0-9a-f]{12}$'
	    then current_setting('app.current_org_id',true)::uuid else null::uuid end))
	  with check (organization_id=(case when current_setting('app.current_org_id',true)
	    ~* '^[0-9a-f]{8}-[0-9a-f]{4}-[0-9a-f]{4}-[0-9a-f]{4}-[0-9a-f]{12}$'
	    then current_setting('app.current_org_id',true)::uuid else null::uuid end));
	
	-- Strip default ACLs (including unexpected per-role defaults) from these NEW owned objects.
	do $$
	declare role_row record; relation_name text;
	begin
	  foreach relation_name in array array['notification_events','notification_outbox'] loop
	    execute format('revoke all on table public.%I from public',relation_name);
	    for role_row in select rolname from pg_roles where rolname<>current_user loop
	      execute format('revoke all on table public.%I from %I',relation_name,role_row.rolname);
	    end loop;
	  end loop;
	end $$;
	grant select,insert on public.notification_events to app_ledger;
	grant select on public.notification_events,public.notification_outbox to notification_worker;
	grant update (state,lease_owner,generation,claimed_at,hard_deadline,lease_expires_at,renewal_count,claim_count,completed_at,quarantine_reason) on public.notification_outbox to notification_worker;
	grant insert on public.notification_outbox to notification_event_trigger;
	
	create function public.notification_event_evidence_guard() returns trigger
	language plpgsql set search_path='' as $$
	begin
	  if tg_op<>'INSERT' then raise exception 'Notification evidence is immutable'; end if;
	  new.created_at:=clock_timestamp();
	  new.source_transaction_id:=pg_current_xact_id()::text;
	  return new;
	end $$;
	revoke all on function public.notification_event_evidence_guard() from public;
	create trigger notification_event_evidence before insert or update or delete on public.notification_events
	  for each row execute function public.notification_event_evidence_guard();
	
	create function public.notification_event_enqueue() returns trigger
	language plpgsql security definer set search_path='' as $$
	begin
	  if tg_relid<>'public.notification_events'::regclass or tg_table_schema<>'public'
	    or tg_table_name<>'notification_events' or tg_op<>'INSERT' or tg_when<>'AFTER' then
	    raise exception 'Notification enqueue trigger source is invalid';
	  end if;
	  insert into public.notification_outbox(event_id,organization_id,catalog_revision)
	    values(new.id,new.organization_id,new.catalog_revision);
	  return new;
	end $$;
	-- Transfer only function ownership. The narrowly privileged role never owns either relation.
	grant create on schema public to notification_event_trigger;
	alter function public.notification_event_enqueue() owner to notification_event_trigger;
	revoke create on schema public from notification_event_trigger;
	do $$ begin execute format('revoke notification_event_trigger from %I',current_user); end $$;
	revoke all on function public.notification_event_enqueue() from public;
	create trigger notification_event_outbox after insert on public.notification_events
	  for each row execute function public.notification_event_enqueue();
	
	create function public.notification_outbox_transition_guard() returns trigger
	language plpgsql set search_path='' as $$
	declare now_at timestamptz:=clock_timestamp(); expected_owner text:=current_setting('app.notification_owner',true);
	begin
	  if tg_op='DELETE' then raise exception 'Notification outbox retention is unavailable'; end if;
	  if tg_op='INSERT' then
	    if current_user<>'notification_event_trigger' or new.state<>'pending' or new.generation<>0 or new.claim_count<>0 then
	      raise exception 'Notification initial claim state is invalid';
	    end if;
	    return new;
	  end if;
	  if current_user<>'notification_worker' or new.event_id is distinct from old.event_id
	    or new.organization_id is distinct from old.organization_id or new.catalog_revision is distinct from old.catalog_revision
	    or old.state in ('projected','quarantined') then raise exception 'Notification claim transition is forbidden'; end if;
	  if old.state='pending' or (old.state='processing' and old.lease_expires_at<=now_at) then
	    if new.state<>'processing' or new.lease_owner::text is distinct from expected_owner
	      or new.generation<>old.generation+1 or new.claim_count<>old.claim_count+1
	      or new.renewal_count<>0 or new.claimed_at is null or new.claimed_at>now_at
	      or new.claimed_at<statement_timestamp() or new.lease_expires_at<>new.claimed_at+interval '30 seconds'
	      or new.hard_deadline<>new.claimed_at+interval '60 seconds' then
	      raise exception 'Notification claim admission is invalid';
	    end if;
	  else
	    if old.lease_owner::text is distinct from expected_owner
	      or old.generation::text is distinct from current_setting('app.notification_generation',true)
	      or old.lease_expires_at<=now_at or new.generation<>old.generation or new.claim_count<>old.claim_count then
	      raise exception 'Notification lease is stale';
	    end if;
	    if new.state='processing' then
	      if new.lease_owner<>old.lease_owner or new.claimed_at<>old.claimed_at or new.hard_deadline<>old.hard_deadline
	        or old.renewal_count<>0 or new.renewal_count<>1 or new.lease_expires_at<>old.hard_deadline then
	        raise exception 'Notification renewal is invalid';
	      end if;
	    elsif new.state not in ('projected','quarantined') or new.completed_at is null
	      or new.completed_at<statement_timestamp() or new.completed_at>now_at then
	      raise exception 'Notification settlement is invalid';
	    end if;
	  end if;
	  return new;
	end $$;
	revoke all on function public.notification_outbox_transition_guard() from public;
	create trigger notification_outbox_transition before insert or update or delete on public.notification_outbox
	  for each row execute function public.notification_outbox_transition_guard();
	
	-- EXECUTE grants can also arise from database default privileges; no public/application
	-- principal needs to call or attach these trigger-only functions.
	do $$
	declare role_row record; function_name text;
	begin
	  foreach function_name in array array['notification_event_evidence_guard','notification_event_enqueue','notification_outbox_transition_guard'] loop
	    for role_row in select rolname from pg_roles where rolname<>current_user and rolname<>'notification_event_trigger' loop
	      execute format('revoke all on function public.%I() from %I',function_name,role_row.rolname);
	    end loop;
	  end loop;
	end $$;
	-- TODO(handoff): Wire qualified producers, projection, retention and tenant-deletion reconciliation
	-- before this platform receives live events. See meta proposals/2026-10-03-notification-recon.md.
	
	-- Fixed no-data failure. An application caller cannot catch an append conflict/validation
	-- exception and still commit its source mutation without the required event evidence.
	create function public.notification_event_abort_source_transaction() returns void
	language plpgsql set search_path='' as $$
	begin
	  raise exception using errcode='P0001',message='Notification source transaction must roll back';
	end $$;
	revoke all on function public.notification_event_abort_source_transaction() from public;
	do $$
	declare role_row record;
	begin
	  for role_row in select rolname from pg_roles where rolname<>current_user loop
	    execute format('revoke all on function public.notification_event_abort_source_transaction() from %I',role_row.rolname);
	  end loop;
	end $$;
	grant execute on function public.notification_event_abort_source_transaction() to app_ledger;
	
	-- One bounded database call prevents a malformed page from spending hundreds of network
	-- round trips and repeatedly rolling back its quarantine at the worker deadline.
	-- Invoker authority is exactly the worker's existing constrained transition authority.
	create function public.notification_quarantine_claims(claims jsonb) returns integer
	language plpgsql set search_path='' as $$
	declare claim jsonb; event_ids uuid[]:=array[]::uuid[]; changed integer; total integer:=0;
	begin
	  if current_user<>'notification_worker' or jsonb_typeof(claims) is distinct from 'array' then
	    raise exception 'Notification quarantine batch is invalid';
	  end if;
	  if jsonb_array_length(claims)<1 or jsonb_array_length(claims)>250
	    or octet_length(claims::text)>65536 then
	    raise exception 'Notification quarantine batch is invalid';
	  end if;
	  -- Validate the complete bounded batch before the first transition.
	  for claim in select value from jsonb_array_elements(claims) loop
	    if jsonb_typeof(claim) is distinct from 'object' then
	      raise exception 'Notification quarantine batch is invalid';
	    end if;
	    if (select array_agg(key order by key) from jsonb_object_keys(claim) key)
	      is distinct from array['eventId','generation','reason']
	      or jsonb_typeof(claim->'eventId') is distinct from 'string'
	      or jsonb_typeof(claim->'generation') is distinct from 'string'
	      or jsonb_typeof(claim->'reason') is distinct from 'string'
	      or (claim->>'eventId') !~ '^[0-9a-f]{8}-[0-9a-f]{4}-[0-9a-f]{4}-[0-9a-f]{4}-[0-9a-f]{12}$'
	      or (claim->>'generation') !~ '^[1-9][0-9]{0,18}$'
	      or (claim->>'reason') not in ('payload_invalid','digest_mismatch','envelope_invalid') then
	      raise exception 'Notification quarantine batch is invalid';
	    end if;
	    if (claim->>'generation')::numeric>9223372036854775807
	      or (claim->>'eventId')::uuid=any(event_ids) then
	      raise exception 'Notification quarantine batch is invalid';
	    end if;
	    event_ids:=array_append(event_ids,(claim->>'eventId')::uuid);
	  end loop;
	  for claim in select value from jsonb_array_elements(claims) order by value->>'eventId' collate "C" loop
	    perform set_config('app.notification_generation',claim->>'generation',true);
	    update public.notification_outbox set state='quarantined',completed_at=clock_timestamp(),
	      quarantine_reason=claim->>'reason',lease_owner=null,claimed_at=null,hard_deadline=null,
	      lease_expires_at=null,renewal_count=null
	      where organization_id=(case when current_setting('app.current_org_id',true)
	        ~* '^[0-9a-f]{8}-[0-9a-f]{4}-[0-9a-f]{4}-[0-9a-f]{4}-[0-9a-f]{12}$'
	        then current_setting('app.current_org_id',true)::uuid else null::uuid end)
	        and event_id=(claim->>'eventId')::uuid and state='processing'
	        and lease_owner::text=current_setting('app.notification_owner',true)
	        and generation=(claim->>'generation')::bigint and lease_expires_at>clock_timestamp();
	    get diagnostics changed=row_count;
	    total:=total+changed;
	  end loop;
	  return total;
	end $$;
	revoke all on function public.notification_quarantine_claims(jsonb) from public;
	do $$
	declare role_row record;
	begin
	  for role_row in select rolname from pg_roles where rolname<>current_user loop
	    execute format('revoke all on function public.notification_quarantine_claims(jsonb) from %I',role_row.rolname);
	  end loop;
	end $$;
	grant execute on function public.notification_quarantine_claims(jsonb) to notification_worker;
	
172.17.0.1 2026-10-03 20:47:43.625 UTC [106] postgres@postgres WARNING:  no privileges could be revoked for "notification_event_enqueue"
172.17.0.1 2026-10-03 20:47:43.627 UTC [106] postgres@postgres WARNING:  no privileges could be revoked for "notification_event_enqueue"
172.17.0.1 2026-10-03 20:47:43.627 UTC [106] postgres@postgres CONTEXT:  SQL statement "revoke all on function public.notification_event_enqueue() from pg_database_owner"
	PL/pgSQL function inline_code_block line 6 at EXECUTE
172.17.0.1 2026-10-03 20:47:43.627 UTC [106] postgres@postgres WARNING:  no privileges could be revoked for "notification_event_enqueue"
172.17.0.1 2026-10-03 20:47:43.627 UTC [106] postgres@postgres CONTEXT:  SQL statement "revoke all on function public.notification_event_enqueue() from pg_read_all_data"
	PL/pgSQL function inline_code_block line 6 at EXECUTE
172.17.0.1 2026-10-03 20:47:43.627 UTC [106] postgres@postgres WARNING:  no privileges could be revoked for "notification_event_enqueue"
172.17.0.1 2026-10-03 20:47:43.627 UTC [106] postgres@postgres CONTEXT:  SQL statement "revoke all on function public.notification_event_enqueue() from pg_write_all_data"
	PL/pgSQL function inline_code_block line 6 at EXECUTE
172.17.0.1 2026-10-03 20:47:43.627 UTC [106] postgres@postgres WARNING:  no privileges could be revoked for "notification_event_enqueue"
172.17.0.1 2026-10-03 20:47:43.627 UTC [106] postgres@postgres CONTEXT:  SQL statement "revoke all on function public.notification_event_enqueue() from pg_monitor"
	PL/pgSQL function inline_code_block line 6 at EXECUTE
172.17.0.1 2026-10-03 20:47:43.627 UTC [106] postgres@postgres WARNING:  no privileges could be revoked for "notification_event_enqueue"
172.17.0.1 2026-10-03 20:47:43.627 UTC [106] postgres@postgres CONTEXT:  SQL statement "revoke all on function public.notification_event_enqueue() from pg_read_all_settings"
	PL/pgSQL function inline_code_block line 6 at EXECUTE
172.17.0.1 2026-10-03 20:47:43.627 UTC [106] postgres@postgres WARNING:  no privileges could be revoked for "notification_event_enqueue"
172.17.0.1 2026-10-03 20:47:43.627 UTC [106] postgres@postgres CONTEXT:  SQL statement "revoke all on function public.notification_event_enqueue() from pg_read_all_stats"
	PL/pgSQL function inline_code_block line 6 at EXECUTE
172.17.0.1 2026-10-03 20:47:43.627 UTC [106] postgres@postgres WARNING:  no privileges could be revoked for "notification_event_enqueue"
172.17.0.1 2026-10-03 20:47:43.627 UTC [106] postgres@postgres CONTEXT:  SQL statement "revoke all on function public.notification_event_enqueue() from pg_stat_scan_tables"
	PL/pgSQL function inline_code_block line 6 at EXECUTE
172.17.0.1 2026-10-03 20:47:43.628 UTC [106] postgres@postgres WARNING:  no privileges could be revoked for "notification_event_enqueue"
172.17.0.1 2026-10-03 20:47:43.628 UTC [106] postgres@postgres CONTEXT:  SQL statement "revoke all on function public.notification_event_enqueue() from pg_read_server_files"
	PL/pgSQL function inline_code_block line 6 at EXECUTE
172.17.0.1 2026-10-03 20:47:43.628 UTC [106] postgres@postgres WARNING:  no privileges could be revoked for "notification_event_enqueue"
172.17.0.1 2026-10-03 20:47:43.628 UTC [106] postgres@postgres CONTEXT:  SQL statement "revoke all on function public.notification_event_enqueue() from pg_write_server_files"
	PL/pgSQL function inline_code_block line 6 at EXECUTE
172.17.0.1 2026-10-03 20:47:43.628 UTC [106] postgres@postgres WARNING:  no privileges could be revoked for "notification_event_enqueue"
172.17.0.1 2026-10-03 20:47:43.628 UTC [106] postgres@postgres CONTEXT:  SQL statement "revoke all on function public.notification_event_enqueue() from pg_execute_server_program"
	PL/pgSQL function inline_code_block line 6 at EXECUTE
172.17.0.1 2026-10-03 20:47:43.628 UTC [106] postgres@postgres WARNING:  no privileges could be revoked for "notification_event_enqueue"
172.17.0.1 2026-10-03 20:47:43.628 UTC [106] postgres@postgres CONTEXT:  SQL statement "revoke all on function public.notification_event_enqueue() from pg_signal_backend"
	PL/pgSQL function inline_code_block line 6 at EXECUTE
172.17.0.1 2026-10-03 20:47:43.628 UTC [106] postgres@postgres WARNING:  no privileges could be revoked for "notification_event_enqueue"
172.17.0.1 2026-10-03 20:47:43.628 UTC [106] postgres@postgres CONTEXT:  SQL statement "revoke all on function public.notification_event_enqueue() from pg_checkpoint"
	PL/pgSQL function inline_code_block line 6 at EXECUTE
172.17.0.1 2026-10-03 20:47:43.628 UTC [106] postgres@postgres WARNING:  no privileges could be revoked for "notification_event_enqueue"
172.17.0.1 2026-10-03 20:47:43.628 UTC [106] postgres@postgres CONTEXT:  SQL statement "revoke all on function public.notification_event_enqueue() from pg_maintain"
	PL/pgSQL function inline_code_block line 6 at EXECUTE
172.17.0.1 2026-10-03 20:47:43.628 UTC [106] postgres@postgres WARNING:  no privileges could be revoked for "notification_event_enqueue"
172.17.0.1 2026-10-03 20:47:43.628 UTC [106] postgres@postgres CONTEXT:  SQL statement "revoke all on function public.notification_event_enqueue() from pg_use_reserved_connections"
	PL/pgSQL function inline_code_block line 6 at EXECUTE
172.17.0.1 2026-10-03 20:47:43.628 UTC [106] postgres@postgres WARNING:  no privileges could be revoked for "notification_event_enqueue"
172.17.0.1 2026-10-03 20:47:43.628 UTC [106] postgres@postgres CONTEXT:  SQL statement "revoke all on function public.notification_event_enqueue() from pg_create_subscription"
	PL/pgSQL function inline_code_block line 6 at EXECUTE
172.17.0.1 2026-10-03 20:47:43.628 UTC [106] postgres@postgres WARNING:  no privileges could be revoked for "notification_event_enqueue"
172.17.0.1 2026-10-03 20:47:43.628 UTC [106] postgres@postgres CONTEXT:  SQL statement "revoke all on function public.notification_event_enqueue() from supabase_admin"
	PL/pgSQL function inline_code_block line 6 at EXECUTE
172.17.0.1 2026-10-03 20:47:43.628 UTC [106] postgres@postgres WARNING:  no privileges could be revoked for "notification_event_enqueue"
172.17.0.1 2026-10-03 20:47:43.628 UTC [106] postgres@postgres CONTEXT:  SQL statement "revoke all on function public.notification_event_enqueue() from anon"
	PL/pgSQL function inline_code_block line 6 at EXECUTE
172.17.0.1 2026-10-03 20:47:43.628 UTC [106] postgres@postgres WARNING:  no privileges could be revoked for "notification_event_enqueue"
172.17.0.1 2026-10-03 20:47:43.628 UTC [106] postgres@postgres CONTEXT:  SQL statement "revoke all on function public.notification_event_enqueue() from authenticated"
	PL/pgSQL function inline_code_block line 6 at EXECUTE
172.17.0.1 2026-10-03 20:47:43.628 UTC [106] postgres@postgres WARNING:  no privileges could be revoked for "notification_event_enqueue"
172.17.0.1 2026-10-03 20:47:43.628 UTC [106] postgres@postgres CONTEXT:  SQL statement "revoke all on function public.notification_event_enqueue() from service_role"
	PL/pgSQL function inline_code_block line 6 at EXECUTE
172.17.0.1 2026-10-03 20:47:43.628 UTC [106] postgres@postgres WARNING:  no privileges could be revoked for "notification_event_enqueue"
172.17.0.1 2026-10-03 20:47:43.628 UTC [106] postgres@postgres CONTEXT:  SQL statement "revoke all on function public.notification_event_enqueue() from authenticator"
	PL/pgSQL function inline_code_block line 6 at EXECUTE
172.17.0.1 2026-10-03 20:47:43.628 UTC [106] postgres@postgres WARNING:  no privileges could be revoked for "notification_event_enqueue"
172.17.0.1 2026-10-03 20:47:43.628 UTC [106] postgres@postgres CONTEXT:  SQL statement "revoke all on function public.notification_event_enqueue() from supabase_auth_admin"
	PL/pgSQL function inline_code_block line 6 at EXECUTE
172.17.0.1 2026-10-03 20:47:43.628 UTC [106] postgres@postgres WARNING:  no privileges could be revoked for "notification_event_enqueue"
172.17.0.1 2026-10-03 20:47:43.628 UTC [106] postgres@postgres CONTEXT:  SQL statement "revoke all on function public.notification_event_enqueue() from app_ledger"
	PL/pgSQL function inline_code_block line 6 at EXECUTE
172.17.0.1 2026-10-03 20:47:43.628 UTC [106] postgres@postgres WARNING:  no privileges could be revoked for "notification_event_enqueue"
172.17.0.1 2026-10-03 20:47:43.628 UTC [106] postgres@postgres CONTEXT:  SQL statement "revoke all on function public.notification_event_enqueue() from app_assistant_ro"
	PL/pgSQL function inline_code_block line 6 at EXECUTE
172.17.0.1 2026-10-03 20:47:43.628 UTC [106] postgres@postgres WARNING:  no privileges could be revoked for "notification_event_enqueue"
172.17.0.1 2026-10-03 20:47:43.628 UTC [106] postgres@postgres CONTEXT:  SQL statement "revoke all on function public.notification_event_enqueue() from brain_vector_worker"
	PL/pgSQL function inline_code_block line 6 at EXECUTE
172.17.0.1 2026-10-03 20:47:43.628 UTC [106] postgres@postgres WARNING:  no privileges could be revoked for "notification_event_enqueue"
172.17.0.1 2026-10-03 20:47:43.628 UTC [106] postgres@postgres CONTEXT:  SQL statement "revoke all on function public.notification_event_enqueue() from notification_worker"
	PL/pgSQL function inline_code_block line 6 at EXECUTE
172.17.0.1 2026-10-03 20:47:43.648 UTC [106] postgres@postgres LOG:  statement: -- Slice4 operational authority. Source writes remain event/outbox-local.
	-- See meta specs/2026-10-03-notification-slice4-worker-health-spec.md.
	do $$
	declare role_name text;
	begin
	  if current_user in ('app_ledger','anon','authenticated','service_role','app_assistant_ro',
	    'notification_worker','notification_event_trigger') or exists (
	      select 1 from pg_roles where rolname in ('app_ledger','anon','authenticated',
	        'service_role','app_assistant_ro','notification_worker','notification_event_trigger')
	        and pg_has_role(oid,current_user,'MEMBER')
	    ) then raise exception 'Notification scheduler requires the trusted backend owner'; end if;
	  foreach role_name in array array['notification_coordinator','notification_health_reader'] loop
	    if exists(select 1 from pg_roles where rolname=role_name) then
	      raise exception 'Notification scheduler role reconciliation required';
	    end if;
	    execute format('create role %I nologin nosuperuser nobypassrls noinherit nocreatedb nocreaterole noreplication',role_name);
	    execute format('grant %I to %I',role_name,current_user);
	  end loop;
	end $$;
	grant usage on schema public to notification_coordinator,notification_health_reader;
	
	-- Adopt existing immutable source provenance once in the migration transaction.
	-- Disable only the transition trigger that deliberately prohibits ordinary backfills.
	alter table public.notification_outbox add column enqueued_at timestamptz;
	alter table public.notification_outbox disable trigger notification_outbox_transition;
	update public.notification_outbox o set enqueued_at=e.created_at
	  from public.notification_events e where e.id=o.event_id and e.organization_id=o.organization_id;
	alter table public.notification_outbox enable trigger notification_outbox_transition;
	alter table public.notification_outbox alter column enqueued_at set not null;
	alter table public.notification_outbox alter column enqueued_at set default clock_timestamp();
	alter table public.notification_outbox add constraint notification_outbox_enqueued_finite check(isfinite(enqueued_at));
	create index notification_pending_health_idx on public.notification_outbox(organization_id,enqueued_at,event_id) where state='pending';
	create index notification_processing_health_idx on public.notification_outbox(organization_id,enqueued_at,event_id) where state='processing';
	
	create function public.notification_outbox_provenance_guard() returns trigger
	language plpgsql set search_path='' as $$
	begin
	  if tg_op='INSERT' then new.enqueued_at:=clock_timestamp();
	  elsif new.enqueued_at is distinct from old.enqueued_at then
	    raise exception 'Notification queue provenance is immutable';
	  end if;
	  return new;
	end $$;
	create trigger notification_outbox_provenance before insert or update on public.notification_outbox
	  for each row execute function public.notification_outbox_provenance_guard();
	
	create table public.notification_org_control (
	  organization_id uuid primary key references public.organizations(id) on delete restrict,
	  state text not null default 'idle' check(state in ('idle','running')),
	  generation bigint not null default 0 check(generation>=0),
	  owner_id uuid,
	  claimed_at timestamptz,
	  lease_expires_at timestamptz,
	  hard_deadline timestamptz,
	  renewal_count integer,
	  next_due_at timestamptz not null default clock_timestamp() check(isfinite(next_due_at)),
	  failure_streak integer not null default 0 check(failure_streak between 0 and 4),
	  last_failure_code text check(last_failure_code in ('deadline','statement_timeout','lock_timeout','database_unavailable','projection_failed')),
	  last_result text check(last_result in ('completed','failed','unsupported','empty')),
	  last_completed_at timestamptz check(isfinite(last_completed_at)),
	  last_success_at timestamptz check(isfinite(last_success_at)),
	  check((state='running' and owner_id is not null and claimed_at is not null and isfinite(claimed_at)
	    and hard_deadline=claimed_at+interval '60 seconds' and hard_deadline is not null
	    and lease_expires_at is not null and lease_expires_at>claimed_at and lease_expires_at<=hard_deadline
	    and renewal_count in (0,1) and renewal_count is not null)
	    or (state='idle' and owner_id is null and claimed_at is null and lease_expires_at is null
	      and hard_deadline is null and renewal_count is null)),
	  check((failure_streak=0)=(last_failure_code is null))
	);
	
	create table public.notification_scheduler_cursor (
	  singleton boolean primary key default true check(singleton),
	  schema_version integer not null default 1 check(schema_version=1),
	  pending_after_org uuid,
	  processing_after_org uuid,
	  next_state text not null default 'pending' check(next_state in ('pending','processing')),
	  tick_generation bigint not null default 0 check(tick_generation>=0)
	);
	insert into public.notification_scheduler_cursor(singleton) values(true);
	
	create table public.notification_worker_runtime (
	  singleton boolean primary key default true check(singleton),
	  schema_version integer not null default 1 check(schema_version=1),
	  generation bigint not null default 0 check(generation>=0),
	  owner_id uuid,
	  lease_expires_at timestamptz,
	  last_heartbeat_at timestamptz check(isfinite(last_heartbeat_at)),
	  started_at timestamptz check(isfinite(started_at)),
	  stopped_at timestamptz check(isfinite(stopped_at)),
	  build_sha text check(build_sha ~ '^[a-f0-9]{40}$'),
	  catalog_revision text collate "C" check(catalog_revision ~ '^[A-Za-z0-9][A-Za-z0-9._:+-]{0,63}$'),
	  catalog_sha256 text check(catalog_sha256 ~ '^[a-f0-9]{64}$'),
	  projector_revision text check(projector_revision ~ '^[A-Za-z0-9][A-Za-z0-9._:+-]{0,63}$'),
	  projector_sha256 text check(projector_sha256 ~ '^[a-f0-9]{64}$'),
	  admission_generation bigint not null default 0 check(admission_generation>=0),
	  admission_owner_id uuid,
	  admission_checked_at timestamptz check(isfinite(admission_checked_at)),
	  admission_code text check(admission_code in ('catalog_invalid','catalog_mismatch','projection_unavailable','build_unavailable','startup_failed')),
	  admission_build_sha text check(admission_build_sha ~ '^[a-f0-9]{40}$'),
	  admission_artifact_sha256 text check(admission_artifact_sha256 ~ '^[a-f0-9]{64}$'),
	  admission_catalog_revision text check(admission_catalog_revision ~ '^[A-Za-z0-9][A-Za-z0-9._:+-]{0,63}$'),
	  admission_catalog_sha256 text check(admission_catalog_sha256 ~ '^[a-f0-9]{64}$'),
	  admission_projector_revision text check(admission_projector_revision ~ '^[A-Za-z0-9][A-Za-z0-9._:+-]{0,63}$'),
	  admission_projector_sha256 text check(admission_projector_sha256 ~ '^[a-f0-9]{64}$'),
	  check((owner_id is null and lease_expires_at is null) or
	    (owner_id is not null and lease_expires_at is not null and isfinite(lease_expires_at)
	      and last_heartbeat_at is not null and started_at is not null and stopped_at is null
	      and lease_expires_at=last_heartbeat_at+interval '30 seconds'
	      and build_sha is not null and catalog_revision is not null and catalog_sha256 is not null
	      and projector_revision is not null and projector_sha256 is not null)),
	  check((admission_generation=0 and admission_owner_id is null and admission_checked_at is null
	    and admission_code is null and admission_build_sha is null and admission_artifact_sha256 is null
	    and admission_catalog_revision is null and admission_catalog_sha256 is null and admission_projector_revision is null and admission_projector_sha256 is null)
	    or (admission_generation>0 and admission_owner_id is not null and admission_checked_at is not null
	      and admission_code is not null))
	);
	insert into public.notification_worker_runtime(singleton) values(true);
	
	alter table public.notification_org_control enable row level security;
	alter table public.notification_org_control force row level security;
	alter table public.notification_scheduler_cursor enable row level security;
	alter table public.notification_scheduler_cursor force row level security;
	alter table public.notification_worker_runtime enable row level security;
	alter table public.notification_worker_runtime force row level security;
	create policy notification_control_coordinator on public.notification_org_control for all to notification_coordinator using(true) with check(true);
	create policy notification_cursor_coordinator on public.notification_scheduler_cursor for all to notification_coordinator using(true) with check(true);
	create policy notification_runtime_coordinator on public.notification_worker_runtime for all to notification_coordinator using(true) with check(true);
	create policy notification_discovery_coordinator on public.notification_outbox for select to notification_coordinator using(true);
	create policy notification_control_health on public.notification_org_control for select to notification_health_reader
	  using(organization_id=nullif(current_setting('app.current_org_id',true),'')::uuid);
	create policy notification_outbox_health on public.notification_outbox for select to notification_health_reader
	  using(organization_id=nullif(current_setting('app.current_org_id',true),'')::uuid);
	create policy notification_runtime_health on public.notification_worker_runtime for select to notification_health_reader using(true);
	
	-- New-object defaults must not give operational authority to unrelated principals.
	do $$
	declare r record; relation_name text;
	begin
	  foreach relation_name in array array['notification_org_control','notification_scheduler_cursor','notification_worker_runtime'] loop
	    execute format('revoke all on table public.%I from public',relation_name);
	    for r in select rolname from pg_roles where rolname<>current_user loop
	      execute format('revoke all on table public.%I from %I',relation_name,r.rolname);
	    end loop;
	  end loop;
	end $$;
	grant select,insert on public.notification_org_control to notification_coordinator;
	grant update(state,generation,owner_id,claimed_at,lease_expires_at,hard_deadline,renewal_count,next_due_at,
	  failure_streak,last_failure_code,last_result,last_completed_at,last_success_at) on public.notification_org_control to notification_coordinator;
	grant select on public.notification_scheduler_cursor,public.notification_worker_runtime to notification_coordinator;
	grant update(pending_after_org,processing_after_org,next_state,tick_generation) on public.notification_scheduler_cursor to notification_coordinator;
	grant update(generation,owner_id,lease_expires_at,last_heartbeat_at,started_at,stopped_at,build_sha,catalog_revision,
	  catalog_sha256,projector_revision,projector_sha256,admission_generation,admission_owner_id,admission_checked_at,
	  admission_code,admission_build_sha,admission_artifact_sha256,admission_catalog_revision,admission_catalog_sha256,admission_projector_revision,admission_projector_sha256)
	  on public.notification_worker_runtime to notification_coordinator;
	grant select(organization_id,state,catalog_revision,lease_expires_at) on public.notification_outbox to notification_coordinator;
	grant select(organization_id,state,catalog_revision,enqueued_at,event_id) on public.notification_outbox to notification_health_reader;
	grant select(organization_id,state,next_due_at,failure_streak,last_failure_code,last_result,last_completed_at,last_success_at)
	  on public.notification_org_control to notification_health_reader;
	grant select(singleton,schema_version,generation,owner_id,lease_expires_at,last_heartbeat_at,started_at,stopped_at,
	  build_sha,catalog_revision,catalog_sha256,projector_revision,projector_sha256,admission_generation,
	  admission_checked_at,admission_code,admission_build_sha,admission_artifact_sha256,admission_catalog_revision,admission_catalog_sha256,
	  admission_projector_revision,admission_projector_sha256) on public.notification_worker_runtime to notification_health_reader;
	
	create index notification_running_control_idx on public.notification_org_control(lease_expires_at,organization_id) where state='running';
	
	create function public.notification_runtime_transition_guard() returns trigger
	language plpgsql set search_path='' as $$
	declare now_at timestamptz:=clock_timestamp(); owner_text text:=current_setting('app.notification_runtime_owner',true);
	  generation_text text:=current_setting('app.notification_runtime_generation',true);
	  admission_fields text[]:=array['admission_generation','admission_owner_id','admission_checked_at','admission_code',
	    'admission_build_sha','admission_artifact_sha256','admission_catalog_revision','admission_catalog_sha256','admission_projector_revision','admission_projector_sha256'];
	begin
	  if tg_op<>'UPDATE' or current_user<>'notification_coordinator'
	    or not coalesce(owner_text ~ '^[0-9a-f]{8}-[0-9a-f]{4}-[0-9a-f]{4}-[0-9a-f]{4}-[0-9a-f]{12}$',false)
	    or new.singleton is distinct from old.singleton or new.schema_version is distinct from old.schema_version then
	    raise exception 'Notification runtime transition is forbidden';
	  end if;
	  if new.admission_generation is distinct from old.admission_generation then
	    if (to_jsonb(new)-admission_fields) is distinct from (to_jsonb(old)-admission_fields)
	      or new.admission_generation::numeric<>old.admission_generation::numeric+1
	      or new.admission_owner_id::text is distinct from owner_text
	      or new.admission_checked_at is null or new.admission_checked_at<statement_timestamp() or new.admission_checked_at>now_at
	      or old.lease_expires_at>now_at or old.admission_checked_at>now_at-interval '30 seconds' then
	      raise exception 'Notification admission observation is invalid';
	    end if;
	    return new;
	  end if;
	  if row(new.admission_generation,new.admission_owner_id,new.admission_checked_at,new.admission_code,
	      new.admission_build_sha,new.admission_artifact_sha256,new.admission_catalog_revision,new.admission_catalog_sha256,new.admission_projector_revision,new.admission_projector_sha256)
	    is distinct from row(old.admission_generation,old.admission_owner_id,old.admission_checked_at,old.admission_code,
	      old.admission_build_sha,old.admission_artifact_sha256,old.admission_catalog_revision,old.admission_catalog_sha256,old.admission_projector_revision,old.admission_projector_sha256) then
	    raise exception 'Notification admission evidence changed outside its generation';
	  end if;
	  if new.generation::numeric=old.generation::numeric+1 then
	    if old.lease_expires_at>now_at or new.owner_id::text is distinct from owner_text
	      or new.started_at is null or new.started_at<statement_timestamp() or new.started_at>now_at
	      or new.last_heartbeat_at is distinct from new.started_at or new.stopped_at is not null then
	      raise exception 'Notification runtime acquisition is invalid';
	    end if;
	    return new;
	  end if;
	  if new.generation<>old.generation or old.generation::text is distinct from generation_text
	    or old.owner_id::text is distinct from owner_text or old.lease_expires_at is null or old.lease_expires_at<=now_at
	    or new.started_at is distinct from old.started_at or new.build_sha is distinct from old.build_sha
	    or new.catalog_revision is distinct from old.catalog_revision or new.catalog_sha256 is distinct from old.catalog_sha256
	    or new.projector_revision is distinct from old.projector_revision or new.projector_sha256 is distinct from old.projector_sha256 then
	    raise exception 'Notification runtime lease is stale';
	  end if;
	  if new.owner_id is null then
	    if new.lease_expires_at is not null or new.last_heartbeat_at is distinct from old.last_heartbeat_at
	      or new.stopped_at is null or new.stopped_at<statement_timestamp() or new.stopped_at>now_at then
	      raise exception 'Notification runtime release is invalid';
	    end if;
	  elsif new.owner_id is distinct from old.owner_id or new.stopped_at is not null
	    or new.last_heartbeat_at is null or new.last_heartbeat_at<statement_timestamp() or new.last_heartbeat_at>now_at
	    or new.last_heartbeat_at<old.last_heartbeat_at then
	    raise exception 'Notification runtime heartbeat is invalid';
	  end if;
	  return new;
	end $$;
	create trigger notification_runtime_transition before insert or update or delete on public.notification_worker_runtime
	  for each row execute function public.notification_runtime_transition_guard();
	
	-- Both cursor publication and organization transitions require the live global lease.
	-- The coordinator also locks/checks this singleton before every transaction's final write.
	create function public.notification_scheduler_fence() returns boolean
	language sql volatile set search_path='' as $$
	  select exists(select 1 from public.notification_worker_runtime
	    where singleton and schema_version=1
	      and owner_id::text=current_setting('app.notification_runtime_owner',true)
	      and generation::text=current_setting('app.notification_runtime_generation',true)
	      and lease_expires_at>clock_timestamp())
	$$;
	
	create function public.notification_cursor_transition_guard() returns trigger
	language plpgsql set search_path='' as $$
	begin
	  if tg_op<>'UPDATE' or current_user<>'notification_coordinator' or not public.notification_scheduler_fence()
	    or new.singleton is distinct from old.singleton or new.schema_version is distinct from old.schema_version
	    or new.tick_generation::numeric<>old.tick_generation::numeric+1 then
	    raise exception 'Notification cursor transition is forbidden';
	  end if;
	  return new;
	end $$;
	create trigger notification_cursor_transition before insert or update or delete on public.notification_scheduler_cursor
	  for each row execute function public.notification_cursor_transition_guard();
	
	create function public.notification_control_transition_guard() returns trigger
	language plpgsql set search_path='' as $$
	declare now_at timestamptz:=clock_timestamp(); owner_text text:=current_setting('app.notification_runtime_owner',true);
	  backoff_seconds integer; running_count integer;
	begin
	  if tg_op='DELETE' or current_user<>'notification_coordinator' or not public.notification_scheduler_fence() then
	    raise exception 'Notification organization transition is forbidden';
	  end if;
	  if tg_op='INSERT' then
	    if new.state<>'idle' or new.generation<>0 or new.failure_streak<>0 or new.last_result is not null
	      or new.last_completed_at is not null or new.last_success_at is not null then
	      raise exception 'Notification organization initial state is invalid';
	    end if;
	    new.next_due_at:=now_at;
	    return new;
	  end if;
	  if new.organization_id is distinct from old.organization_id then
	    raise exception 'Notification organization identity is immutable';
	  end if;
	  -- An indexed discovery observation may postpone an idle unsupported/empty org
	  -- without claiming work, publishing completion, or changing its failure streak.
	  if old.state='idle' and new.state='idle' and new.generation=old.generation then
	    if old.next_due_at>now_at or new.last_result not in ('empty','unsupported')
	      or new.last_result is null or new.next_due_at<statement_timestamp()+interval '5 seconds'
	      or new.next_due_at>now_at+interval '5 seconds'
	      or (to_jsonb(new)-array['next_due_at','last_result']) is distinct from (to_jsonb(old)-array['next_due_at','last_result']) then
	      raise exception 'Notification idle observation is invalid';
	    end if;
	    return new;
	  end if;
	  if old.state='idle' or old.lease_expires_at<=now_at then
	    select count(*) into running_count from (
	      select organization_id from public.notification_org_control
	      where state='running' and lease_expires_at>now_at order by lease_expires_at,organization_id limit 4
	    ) admitted;
	    if running_count>=4 or old.next_due_at>now_at or new.state<>'running'
	      or new.generation::numeric<>old.generation::numeric+1 or new.owner_id::text is distinct from owner_text
	      or new.claimed_at is null or new.claimed_at<statement_timestamp() or new.claimed_at>now_at
	      or new.lease_expires_at is distinct from new.claimed_at+interval '30 seconds' or new.renewal_count<>0
	      or new.next_due_at is distinct from old.next_due_at or new.failure_streak<>old.failure_streak
	      or new.last_failure_code is distinct from old.last_failure_code or new.last_result is distinct from old.last_result
	      or new.last_completed_at is distinct from old.last_completed_at or new.last_success_at is distinct from old.last_success_at then
	      raise exception 'Notification organization claim is invalid';
	    end if;
	    return new;
	  end if;
	  if old.owner_id::text is distinct from owner_text or old.generation::text is distinct from current_setting('app.notification_org_generation',true)
	    or new.generation<>old.generation or old.lease_expires_at<=now_at then
	    raise exception 'Notification organization lease is stale';
	  end if;
	  if new.state='running' then
	    if new.owner_id is distinct from old.owner_id or new.claimed_at is distinct from old.claimed_at
	      or new.hard_deadline is distinct from old.hard_deadline or old.renewal_count<>0 or new.renewal_count<>1
	      or new.lease_expires_at is distinct from old.hard_deadline
	      or (to_jsonb(new)-array['renewal_count','lease_expires_at']) is distinct from (to_jsonb(old)-array['renewal_count','lease_expires_at']) then
	      raise exception 'Notification organization renewal is invalid';
	    end if;
	    return new;
	  end if;
	  -- Quiesce can race a COMMIT already sent by discovery. Release only the exact
	  -- still-live unstarted claim, preserving all projection completion history.
	  if current_setting('app.notification_abandon_unstarted',true)='1' then
	    if new.state<>'idle' or new.next_due_at<statement_timestamp() or new.next_due_at>now_at
	      or (to_jsonb(new)-array['state','owner_id','claimed_at','lease_expires_at','hard_deadline','renewal_count','next_due_at'])
	        is distinct from (to_jsonb(old)-array['state','owner_id','claimed_at','lease_expires_at','hard_deadline','renewal_count','next_due_at']) then
	      raise exception 'Notification unstarted claim release is invalid';
	    end if;
	    return new;
	  end if;
	  if new.last_completed_at is null or new.last_completed_at<statement_timestamp() or new.last_completed_at>now_at then
	    raise exception 'Notification organization completion is invalid';
	  end if;
	  if new.last_result='failed' then
	    backoff_seconds:=(array[5,30,120,300])[least(old.failure_streak+1,4)];
	    if new.failure_streak<>least(old.failure_streak+1,4) or new.last_failure_code is null
	      or new.next_due_at is distinct from new.last_completed_at+make_interval(secs=>backoff_seconds)
	      or new.last_success_at is distinct from old.last_success_at then
	      raise exception 'Notification failure backoff is invalid';
	    end if;
	  elsif new.last_result='completed' then
	    if new.failure_streak<>0 or new.last_failure_code is not null
	      or new.last_success_at is distinct from new.last_completed_at or new.next_due_at is distinct from new.last_completed_at then
	      raise exception 'Notification successful completion is invalid';
	    end if;
	  elsif new.last_result in ('empty','unsupported') then
	    if new.failure_streak<>old.failure_streak or new.last_failure_code is distinct from old.last_failure_code
	      or new.last_success_at is distinct from old.last_success_at
	      or new.next_due_at is distinct from new.last_completed_at+interval '5 seconds' then
	      raise exception 'Notification empty backoff is invalid';
	    end if;
	  else raise exception 'Notification completion result is invalid';
	  end if;
	  return new;
	end $$;
	create trigger notification_control_transition before insert or update or delete on public.notification_org_control
	  for each row execute function public.notification_control_transition_guard();
	
	do $$
	declare r record; function_name text;
	begin
	  foreach function_name in array array['notification_outbox_provenance_guard','notification_runtime_transition_guard',
	    'notification_scheduler_fence','notification_cursor_transition_guard','notification_control_transition_guard'] loop
	    execute format('revoke all on function public.%I() from public',function_name);
	    for r in select rolname from pg_roles where rolname<>current_user loop
	      execute format('revoke all on function public.%I() from %I',function_name,r.rolname);
	    end loop;
	  end loop;
	end $$;
	grant execute on function public.notification_scheduler_fence() to notification_coordinator;
	
	-- TODO(handoff): Register and qualify the real Slice5 projector before enabling the
	-- production notification worker. See meta proposals/2026-10-03-notification-recon.md.
	
172.17.0.1 2026-10-03 20:47:43.697 UTC [106] postgres@postgres LOG:  statement: -- Notification Slice5: exact-tuple audience projection under current authority.
	-- This migration creates no producer, inbox route, browser read path, or provider effect.
	
	do $$
	declare role_name text; policy_count integer; temporary_graph_count integer; app_graph_count integer;
	  server_major integer:=current_setting('server_version_num')::integer/10000;
	begin
	  if current_user in ('app_ledger','anon','authenticated','service_role','app_assistant_ro',
	    'notification_worker','notification_coordinator','notification_health_reader','notification_event_trigger') then
	    raise exception 'Notification projection requires the trusted backend owner';
	  end if;
	  if to_regclass('public.notification_events') is null
	    or to_regclass('public.notification_outbox') is null
	    or to_regclass('public.notification_worker_runtime') is null
	    or to_regclass('public.notification_org_control') is null then
	    raise exception 'Notification projection predecessor is unavailable';
	  end if;
	  if not exists(select 1 from pg_trigger where tgrelid='public.notification_outbox'::regclass
	      and tgname='notification_outbox_transition' and not tgisinternal)
	    or not exists(select 1 from pg_trigger where tgrelid='public.notification_events'::regclass
	      and tgname='notification_event_outbox' and not tgisinternal) then
	    raise exception 'Notification projection predecessor trigger is unavailable';
	  end if;
	  -- Freeze the complete reviewed source-policy set before creating either role.
	  select count(*) into policy_count from pg_policy p
	    where p.polrelid=any(array[
	      'public.organizations'::regclass,'public.organization_members'::regclass,
	      'public.profiles'::regclass,'public.member_roles'::regclass,
	      'public.permission_rules'::regclass,'public.join_request'::regclass]);
	  if policy_count<>12 then raise exception 'Notification projection source policy inventory changed'; end if;
	  select count(*) into policy_count from pg_policy p
	    where p.polrelid=any(array[
	      'public.organizations'::regclass,'public.organization_members'::regclass,
	      'public.profiles'::regclass,'public.member_roles'::regclass,
	      'public.permission_rules'::regclass,'public.join_request'::regclass])
	    and p.polname=any(array[
	      'organizations_admin_all','organizations_member_select',
	      'organization_members_admin_all','organization_members_self_select','organization_members_org_guc',
	      'profiles_self_select','profiles_self_update','member_roles_org_guc',
	      'permission_rules_org_guc','join_request_admin_all','join_request_self_insert','join_request_self_select']);
	  if policy_count<>12 then raise exception 'Notification projection source policy inventory changed'; end if;
	  if exists(
	    select 1 from pg_policy p where p.polrelid=any(array[
	      'public.organizations'::regclass,'public.organization_members'::regclass,
	      'public.profiles'::regclass,'public.permission_rules'::regclass,'public.join_request'::regclass])
	      and p.polname=any(array[
	        'organizations_admin_all','organizations_member_select',
	        'organization_members_admin_all','organization_members_self_select',
	        'profiles_self_select','profiles_self_update','permission_rules_org_guc',
	        'join_request_admin_all','join_request_self_insert','join_request_self_select'])
	      and (not p.polpermissive or p.polroles<>array[0::oid])
	  ) then raise exception 'Notification projection PUBLIC source policy changed'; end if;
	  if exists(
	    select 1 from pg_policy p where
	      (p.polrelid='public.organization_members'::regclass and p.polname='organization_members_org_guc'
	        or p.polrelid='public.member_roles'::regclass and p.polname='member_roles_org_guc')
	      and (not p.polpermissive or p.polroles<>array['app_ledger'::regrole::oid])
	  ) then raise exception 'Notification projection app-ledger source policy changed'; end if;
	  if exists(
	    select 1 from pg_class c where c.oid=any(array[
	      'public.organizations'::regclass,'public.organization_members'::regclass,
	      'public.profiles'::regclass,'public.member_roles'::regclass,
	      'public.permission_rules'::regclass,'public.join_request'::regclass])
	      and pg_get_userbyid(c.relowner)=any(array['app_notification_worker','notification_projection_finalizer'])
	  ) then raise exception 'Notification projection source ownership is invalid'; end if;
	  foreach role_name in array array[
	    'app_notification_worker','notification_projection_owner_bridge','notification_projection_finalizer'] loop
	    if exists(select 1 from pg_roles where rolname=role_name) then
	      raise exception 'Notification projection role reconciliation required';
	    end if;
	  end loop;
	  execute format('create role app_notification_worker nologin nosuperuser nobypassrls noinherit '
	    'nocreatedb nocreaterole noreplication role %I',current_user);
	  execute format('create role notification_projection_owner_bridge nologin nosuperuser nobypassrls '
	    'noinherit nocreatedb nocreaterole noreplication role %I',current_user);
	  execute 'create role notification_projection_finalizer nologin nosuperuser nobypassrls noinherit '
	    'nocreatedb nocreaterole noreplication role notification_projection_owner_bridge';
	
	  if exists(select 1 from pg_roles where rolname=any(array[
	      'app_notification_worker','notification_projection_owner_bridge','notification_projection_finalizer'])
	      and (rolcanlogin or rolsuper or rolbypassrls or rolinherit or rolcreatedb or rolcreaterole or rolreplication)) then
	    raise exception 'Notification projection role attributes are invalid';
	  end if;
	
	  select count(*) into temporary_graph_count
	  from pg_auth_members membership
	  join pg_roles target on target.oid=membership.roleid
	  join pg_roles member on member.oid=membership.member
	  where target.rolname in ('notification_projection_owner_bridge','notification_projection_finalizer')
	     or member.rolname in ('notification_projection_owner_bridge','notification_projection_finalizer');
	  select count(*) into app_graph_count from pg_auth_members
	    where roleid='app_notification_worker'::regrole;
	  if server_major=17 then
	    if current_user<>'postgres' or not exists(select 1 from pg_roles where rolname=current_user
	        and not rolsuper and rolcreaterole) or temporary_graph_count<>4 or app_graph_count<>2
	      or not exists(select 1 from pg_auth_members m
	        join pg_roles u on u.oid=m.member join pg_roles g on g.oid=m.grantor
	        where m.roleid='app_notification_worker'::regrole and u.rolname='postgres'
	          and g.rolname='postgres' and not m.admin_option and m.inherit_option and m.set_option)
	      or not exists(select 1 from pg_auth_members m
	        join pg_roles u on u.oid=m.member join pg_roles g on g.oid=m.grantor
	        where m.roleid='app_notification_worker'::regrole and u.rolname='postgres'
	          and g.rolname='supabase_admin' and m.admin_option and not m.inherit_option and not m.set_option)
	      or not exists(select 1 from pg_auth_members m
	        join pg_roles t on t.oid=m.roleid join pg_roles u on u.oid=m.member join pg_roles g on g.oid=m.grantor
	        where t.rolname='notification_projection_owner_bridge' and u.rolname='postgres'
	          and g.rolname='postgres' and not m.admin_option and m.inherit_option and m.set_option)
	      or not exists(select 1 from pg_auth_members m
	        join pg_roles t on t.oid=m.roleid join pg_roles u on u.oid=m.member join pg_roles g on g.oid=m.grantor
	        where t.rolname='notification_projection_owner_bridge' and u.rolname='postgres'
	          and g.rolname='supabase_admin' and m.admin_option and not m.inherit_option and not m.set_option)
	      or not exists(select 1 from pg_auth_members m
	        join pg_roles t on t.oid=m.roleid join pg_roles u on u.oid=m.member join pg_roles g on g.oid=m.grantor
	        where t.rolname='notification_projection_finalizer'
	          and u.rolname='notification_projection_owner_bridge' and g.rolname='postgres'
	          and not m.admin_option and not m.inherit_option and m.set_option)
	      or not exists(select 1 from pg_auth_members m
	        join pg_roles t on t.oid=m.roleid join pg_roles u on u.oid=m.member join pg_roles g on g.oid=m.grantor
	        where t.rolname='notification_projection_finalizer' and u.rolname='postgres'
	          and g.rolname='supabase_admin' and m.admin_option and not m.inherit_option and not m.set_option)
	    then raise exception 'Notification projection PostgreSQL 17 temporary role graph is invalid'; end if;
	  elsif server_major=18 then
	    if temporary_graph_count<>2 or app_graph_count<>1
	      or not exists(select 1 from pg_auth_members m
	        join pg_roles u on u.oid=m.member join pg_roles g on g.oid=m.grantor
	        where m.roleid='app_notification_worker'::regrole and u.rolname=current_user
	          and g.rolname=current_user and not m.admin_option and m.inherit_option and m.set_option)
	      or not exists(select 1 from pg_auth_members m
	        join pg_roles t on t.oid=m.roleid join pg_roles u on u.oid=m.member join pg_roles g on g.oid=m.grantor
	        where t.rolname='notification_projection_owner_bridge' and u.rolname=current_user
	          and g.rolname=current_user and not m.admin_option and m.inherit_option and m.set_option)
	      or not exists(select 1 from pg_auth_members m
	        join pg_roles t on t.oid=m.roleid join pg_roles u on u.oid=m.member join pg_roles g on g.oid=m.grantor
	        where t.rolname='notification_projection_finalizer'
	          and u.rolname='notification_projection_owner_bridge' and g.rolname=current_user
	          and not m.admin_option and not m.inherit_option and m.set_option)
	    then raise exception 'Notification projection PostgreSQL 18 temporary role graph is invalid'; end if;
	  else
	    raise exception 'Notification projection requires reviewed PostgreSQL 17 or 18';
	  end if;
	
	  create temporary table notification_projection_persistent_graph (
	    target text not null,member text not null,grantor text not null,
	    admin_option boolean not null,inherit_option boolean not null,set_option boolean not null,
	    primary key(target,member,grantor)
	  ) on commit drop;
	  insert into notification_projection_persistent_graph
	  select target.rolname,member.rolname,grantor.rolname,
	    membership.admin_option,membership.inherit_option,membership.set_option
	  from pg_auth_members membership
	  join pg_roles target on target.oid=membership.roleid
	  join pg_roles member on member.oid=membership.member
	  join pg_roles grantor on grantor.oid=membership.grantor
	  where (target.rolname='notification_projection_finalizer'
	      or member.rolname='notification_projection_finalizer')
	    and target.rolname<>'notification_projection_owner_bridge'
	    and member.rolname<>'notification_projection_owner_bridge';
	end $$;
	
	grant usage on schema public to app_notification_worker,notification_projection_finalizer;
	
	-- Add exact immutable routing and durable terminal-operation attribution.
	alter table public.notification_outbox disable trigger notification_outbox_transition;
	alter table public.notification_outbox
	  add column kind text,
	  add column schema_version integer,
	  add column terminal_owner_id uuid,
	  add column terminal_generation bigint;
	update public.notification_outbox o set kind=e.kind,schema_version=e.schema_version
	  from public.notification_events e
	  where e.organization_id=o.organization_id and e.id=o.event_id and e.catalog_revision=o.catalog_revision;
	do $$ begin
	  if exists(select 1 from public.notification_outbox where kind is null or schema_version is null) then
	    raise exception 'Notification projection routing backfill is incomplete';
	  end if;
	end $$;
	alter table public.notification_outbox
	  alter column kind set not null,
	  alter column schema_version set not null,
	  add constraint notification_outbox_kind_check
	    check(octet_length(kind) between 1 and 96 and kind ~ '^[a-z][a-z0-9_.]*$'),
	  add constraint notification_outbox_schema_version_check check(schema_version between 1 and 65535),
	  add constraint notification_outbox_terminal_identity_check check(
	    (state in ('pending','processing') and terminal_owner_id is null and terminal_generation is null)
	    or (state in ('projected','quarantined') and (
	      (terminal_owner_id is null and terminal_generation is null)
	      or (terminal_owner_id is not null and terminal_generation=generation and terminal_generation>0)
	    ))
	  );
	alter table public.notification_events
	  add constraint notification_events_projection_route_key
	  unique(organization_id,id,catalog_revision,kind,schema_version);
	alter table public.notification_outbox
	  drop constraint notification_outbox_organization_id_event_id_catalog_revis_fkey,
	  add constraint notification_outbox_projection_route_fkey
	    foreign key(organization_id,event_id,catalog_revision,kind,schema_version)
	    references public.notification_events(organization_id,id,catalog_revision,kind,schema_version)
	    on delete restrict;
	drop index public.notification_pending_claim_idx;
	drop index public.notification_expired_claim_idx;
	create index notification_pending_claim_idx on public.notification_outbox
	  (organization_id,catalog_revision collate "C",kind collate "C",schema_version,event_id)
	  where state='pending';
	create index notification_expired_claim_idx on public.notification_outbox
	  (organization_id,catalog_revision collate "C",kind collate "C",schema_version,lease_expires_at,event_id)
	  where state='processing';
	alter table public.notification_outbox drop constraint notification_outbox_quarantine_reason_check;
	alter table public.notification_outbox add constraint notification_outbox_quarantine_reason_check
	  check(quarantine_reason is null or (octet_length(quarantine_reason)<=32 and quarantine_reason in (
	    'payload_invalid','digest_mismatch','envelope_invalid','audience_overflow','subject_invalid',
	    'audience_authority_overflow','body_invalid','body_overflow','navigation_invalid')));
	
	create or replace function public.notification_event_enqueue() returns trigger
	language plpgsql security definer set search_path='' as $$
	begin
	  if tg_relid<>'public.notification_events'::regclass or tg_table_schema<>'public'
	    or tg_table_name<>'notification_events' or tg_op<>'INSERT' or tg_when<>'AFTER' then
	    raise exception 'Notification enqueue trigger source is invalid';
	  end if;
	  insert into public.notification_outbox(event_id,organization_id,catalog_revision,kind,schema_version)
	    values(new.id,new.organization_id,new.catalog_revision,new.kind,new.schema_version);
	  return new;
	end $$;
	
	create or replace function public.notification_outbox_transition_guard() returns trigger
	language plpgsql set search_path='' as $$
	declare now_at timestamptz:=clock_timestamp(); expected_owner text:=current_setting('app.notification_owner',true);
	  slice5_reason boolean;
	begin
	  if tg_op='DELETE' then raise exception 'Notification outbox retention is unavailable'; end if;
	  if tg_op='INSERT' then
	    if current_user<>'notification_event_trigger' or new.state<>'pending' or new.generation<>0 or new.claim_count<>0
	      or new.terminal_owner_id is not null or new.terminal_generation is not null then
	      raise exception 'Notification initial claim state is invalid';
	    end if;
	    return new;
	  end if;
	  if new.event_id is distinct from old.event_id or new.organization_id is distinct from old.organization_id
	    or new.catalog_revision is distinct from old.catalog_revision or new.kind is distinct from old.kind
	    or new.schema_version is distinct from old.schema_version
	    or old.state in ('projected','quarantined')
	    or old.terminal_owner_id is not null or old.terminal_generation is not null then
	    raise exception 'Notification claim transition is forbidden';
	  end if;
	  if current_user='notification_worker' then
	    if current_setting('app.notification_scope_mode',true)='projection_claim'
	      and (not exists(select 1 from public.notification_worker_runtime)
	        or not exists(select 1 from public.notification_org_control
	          where organization_id=new.organization_id)) then
	      raise exception 'Notification projection claim fence is unavailable';
	    end if;
	    if old.state='pending' or (old.state='processing' and old.lease_expires_at<=now_at) then
	      if new.state<>'processing' or new.lease_owner::text is distinct from expected_owner
	        or new.generation<>old.generation+1 or new.claim_count<>old.claim_count+1
	        or new.renewal_count<>0 or new.claimed_at is null or new.claimed_at>now_at
	        or new.claimed_at<statement_timestamp() or new.lease_expires_at<>new.claimed_at+interval '30 seconds'
	        or new.hard_deadline<>new.claimed_at+interval '60 seconds'
	        or new.terminal_owner_id is not null or new.terminal_generation is not null then
	        raise exception 'Notification claim admission is invalid';
	      end if;
	      return new;
	    end if;
	    if old.lease_owner::text is distinct from expected_owner
	      or old.generation::text is distinct from current_setting('app.notification_generation',true)
	      or old.lease_expires_at<=now_at or new.generation<>old.generation or new.claim_count<>old.claim_count then
	      raise exception 'Notification lease is stale';
	    end if;
	    if new.state='processing' then
	      if new.lease_owner<>old.lease_owner or new.claimed_at<>old.claimed_at or new.hard_deadline<>old.hard_deadline
	        or old.renewal_count<>0 or new.renewal_count<>1 or new.lease_expires_at<>old.hard_deadline
	        or new.terminal_owner_id is not null or new.terminal_generation is not null then
	        raise exception 'Notification renewal is invalid';
	      end if;
	      return new;
	    end if;
	    if new.state<>'quarantined' or new.quarantine_reason not in ('payload_invalid','digest_mismatch','envelope_invalid')
	      or new.completed_at is null or new.completed_at<statement_timestamp() or new.completed_at>now_at then
	      raise exception 'Notification settlement is invalid';
	    end if;
	    new.terminal_owner_id:=old.lease_owner;
	    new.terminal_generation:=old.generation;
	    return new;
	  end if;
	  if current_user<>'notification_projection_finalizer'
	    or old.state<>'processing' or old.lease_owner::text is distinct from expected_owner
	    or old.generation::text is distinct from current_setting('app.notification_generation',true)
	    or old.lease_expires_at<=now_at or new.generation<>old.generation or new.claim_count<>old.claim_count then
	    raise exception 'Notification projection transition is forbidden';
	  end if;
	  slice5_reason:=new.quarantine_reason in ('audience_overflow','subject_invalid','audience_authority_overflow',
	    'body_invalid','body_overflow','navigation_invalid');
	  if (new.state='projected' and new.quarantine_reason is not null)
	    or (new.state='quarantined' and not slice5_reason)
	    or new.state not in ('projected','quarantined')
	    or new.completed_at is null or new.completed_at<statement_timestamp() or new.completed_at>now_at
	    or new.lease_owner is not null or new.claimed_at is not null or new.hard_deadline is not null
	    or new.lease_expires_at is not null or new.renewal_count is not null then
	    raise exception 'Notification projection settlement is invalid';
	  end if;
	  new.terminal_owner_id:=old.lease_owner;
	  new.terminal_generation:=old.generation;
	  return new;
	end $$;
	alter table public.notification_outbox enable trigger notification_outbox_transition;
	
	-- Slice3 claim role can no longer synthesize successful projection.
	revoke update(state,completed_at,quarantine_reason,lease_owner,claimed_at,hard_deadline,
	  lease_expires_at,renewal_count) on public.notification_outbox from notification_worker;
	grant update(state,completed_at,quarantine_reason,lease_owner,claimed_at,hard_deadline,
	  lease_expires_at,renewal_count) on public.notification_outbox to notification_worker;
	
	create table public.notification_projection_receipts (
	  organization_id uuid not null,
	  event_id uuid not null,
	  catalog_revision text collate "C" not null,
	  kind text collate "C" not null,
	  schema_version integer not null,
	  projection_kind text not null check(projection_kind='inbox.v1'),
	  adapter_revision text not null check(octet_length(adapter_revision) between 1 and 64 and adapter_revision ~ '^[A-Za-z0-9][A-Za-z0-9._:+-]*$'),
	  claim_owner_id uuid not null,
	  claim_generation bigint not null check(claim_generation>0),
	  candidate_count integer not null check(candidate_count between 0 and 10000),
	  body_byte_total bigint not null check(body_byte_total between 0 and 81920000),
	  candidate_set_sha256 text not null check(candidate_set_sha256 ~ '^[a-f0-9]{64}$'),
	  created_at timestamptz not null default clock_timestamp() check(isfinite(created_at)),
	  finalized_at timestamptz check(isfinite(finalized_at)),
	  primary key(organization_id,event_id,projection_kind),
	  foreign key(organization_id,event_id,catalog_revision,kind,schema_version)
	    references public.notification_events(organization_id,id,catalog_revision,kind,schema_version) on delete restrict
	);
	
	create table public.notification_audience_candidates (
	  id uuid primary key default gen_random_uuid(),
	  organization_id uuid not null,
	  event_id uuid not null,
	  projection_kind text not null check(projection_kind='inbox.v1'),
	  recipient_profile_id uuid not null references public.profiles(id) on delete cascade,
	  audience_mode text not null check(audience_mode in ('users_manage','join_applicant')),
	  adapter_revision text not null check(octet_length(adapter_revision) between 1 and 64 and adapter_revision ~ '^[A-Za-z0-9][A-Za-z0-9._:+-]*$'),
	  authority_sha256 text not null check(authority_sha256 ~ '^[a-f0-9]{64}$'),
	  template_key text check(template_key is null or (octet_length(template_key) between 1 and 96 and template_key ~ '^[a-z][a-z0-9_.]*$')),
	  template_revision text not null check(octet_length(template_revision) between 1 and 64 and template_revision ~ '^[A-Za-z0-9][A-Za-z0-9._:+-]*$'),
	  template_sha256 text not null check(template_sha256 ~ '^[a-f0-9]{64}$'),
	  parameters_canonical text check(parameters_canonical is null or (octet_length(parameters_canonical)<=1024 and jsonb_typeof(parameters_canonical::jsonb)='object')),
	  navigation_id text check(navigation_id is null or (octet_length(navigation_id) between 1 and 64 and navigation_id ~ '^[a-z][a-z0-9_.]*$')),
	  body_sha256 text not null check(body_sha256 ~ '^[a-f0-9]{64}$'),
	  body_byte_count integer not null check(body_byte_count between 0 and 8192),
	  candidate_sha256 text not null check(candidate_sha256 ~ '^[a-f0-9]{64}$'),
	  state text not null default 'ready' check(state in ('ready','cancelled')),
	  created_at timestamptz not null default clock_timestamp() check(isfinite(created_at)),
	  cancelled_at timestamptz check(isfinite(cancelled_at)),
	  cancellation_reason text check(cancellation_reason in ('membership_revoked','capability_revoked','subject_changed',
	    'field_scope_changed','organization_inactive','authority_changed')),
	  foreign key(organization_id,event_id,projection_kind)
	    references public.notification_projection_receipts(organization_id,event_id,projection_kind) on delete restrict,
	  unique(organization_id,event_id,recipient_profile_id,projection_kind),
	  check((state='ready' and template_key is not null and parameters_canonical is not null and navigation_id is not null
	      and cancelled_at is null and cancellation_reason is null)
	    or (state='cancelled' and template_key is null and parameters_canonical is null and navigation_id is null
	      and cancelled_at is not null and cancellation_reason is not null))
	);
	create index notification_candidate_recipient_idx on public.notification_audience_candidates
	  (organization_id,recipient_profile_id,state,id);
	create index notification_candidate_event_idx on public.notification_audience_candidates
	  (organization_id,event_id,projection_kind,recipient_profile_id,candidate_sha256);
	
	alter table public.notification_projection_receipts enable row level security;
	alter table public.notification_projection_receipts force row level security;
	alter table public.notification_audience_candidates enable row level security;
	alter table public.notification_audience_candidates force row level security;
	
	create function public.notification_candidate_digest(
	  organization_id uuid,event_id uuid,projection_kind text,recipient_profile_id uuid,
	  audience_mode text,adapter_revision text,authority_sha256 text,template_key text,
	  template_revision text,template_sha256 text,parameters_canonical text,navigation_id text,
	  body_sha256 text,body_byte_count integer
	) returns text
	language sql immutable strict set search_path='' as $$
	  select encode(sha256(convert_to(jsonb_build_array(
	    organization_id::text,event_id::text,projection_kind,recipient_profile_id::text,
	    audience_mode,adapter_revision,authority_sha256,template_key,template_revision,
	    template_sha256,parameters_canonical,navigation_id,body_sha256,body_byte_count
	  )::text,'UTF8')),'hex')
	$$;
	
	create function public.notification_projection_receipt_guard() returns trigger
	language plpgsql set search_path='' as $$
	declare expected_at timestamptz;
	begin
	  if tg_op='DELETE' then raise exception 'Notification projection receipt retention is unavailable'; end if;
	  if tg_op='INSERT' then
	    if current_user<>'app_notification_worker' or new.finalized_at is not null then
	      raise exception 'Notification projection receipt admission is invalid';
	    end if;
	    new.created_at:=clock_timestamp();
	    return new;
	  end if;
	  if current_user<>'notification_projection_finalizer' or old.finalized_at is not null
	    or new.finalized_at is null
	    or (to_jsonb(new)-'finalized_at') is distinct from (to_jsonb(old)-'finalized_at') then
	    raise exception 'Notification projection receipt is immutable';
	  end if;
	  begin expected_at:=current_setting('app.notification_finalized_at',true)::timestamptz;
	  exception when others then raise exception 'Notification projection receipt finalization is invalid'; end;
	  if new.finalized_at is distinct from expected_at or new.finalized_at<statement_timestamp()
	    or new.finalized_at>clock_timestamp() then
	    raise exception 'Notification projection receipt finalization is invalid';
	  end if;
	  return new;
	end $$;
	create trigger notification_projection_receipt_guard
	  before insert or update or delete on public.notification_projection_receipts
	  for each row execute function public.notification_projection_receipt_guard();
	
	create function public.notification_candidate_guard() returns trigger
	language plpgsql set search_path='' as $$
	begin
	  if tg_op='INSERT' then
	    if current_user<>'app_notification_worker' or new.state<>'ready'
	      or new.candidate_sha256 is distinct from public.notification_candidate_digest(
	        new.organization_id,new.event_id,new.projection_kind,new.recipient_profile_id,
	        new.audience_mode,new.adapter_revision,new.authority_sha256,new.template_key,
	        new.template_revision,new.template_sha256,new.parameters_canonical,new.navigation_id,
	        new.body_sha256,new.body_byte_count) then
	      raise exception 'Notification candidate admission is invalid';
	    end if;
	    new.created_at:=clock_timestamp();
	    return new;
	  end if;
	  if tg_op<>'UPDATE' or current_user<>'app_notification_worker' or old.state<>'ready'
	    or new.state<>'cancelled' or new.cancelled_at is null
	    or new.cancelled_at<statement_timestamp() or new.cancelled_at>clock_timestamp()
	    or new.cancellation_reason not in ('membership_revoked','capability_revoked','subject_changed',
	      'field_scope_changed','organization_inactive','authority_changed')
	    or new.template_key is not null or new.parameters_canonical is not null or new.navigation_id is not null
	    or (to_jsonb(new)-array['state','cancelled_at','cancellation_reason','template_key','parameters_canonical','navigation_id'])
	       is distinct from
	       (to_jsonb(old)-array['state','cancelled_at','cancellation_reason','template_key','parameters_canonical','navigation_id']) then
	    raise exception 'Notification candidate transition is forbidden';
	  end if;
	  return new;
	end $$;
	create trigger notification_candidate_transition before insert or update on public.notification_audience_candidates
	  for each row execute function public.notification_candidate_guard();
	
	-- Projection application scope. Every equality is text-to-text so malformed
	-- custom settings produce no row rather than reaching an unsafe cast.
	create policy notification_projection_runtime_select on public.notification_worker_runtime
	  for select to app_notification_worker using(
	    current_setting('app.notification_scope_mode',true)='projection' and singleton and schema_version=1
	    and owner_id::text=current_setting('app.notification_runtime_owner',true)
	    and generation::text=current_setting('app.notification_runtime_generation',true)
	    and build_sha=current_setting('app.notification_build_sha',true)
	    and catalog_revision=current_setting('app.notification_catalog_revision',true)
	    and catalog_sha256=current_setting('app.notification_catalog_sha256',true)
	    and projector_revision=current_setting('app.notification_projector_revision',true)
	    and projector_sha256=current_setting('app.notification_projector_sha256',true)
	    and lease_expires_at>clock_timestamp());
	create policy notification_projection_org_select on public.notification_org_control
	  for select to app_notification_worker using(
	    current_setting('app.notification_scope_mode',true)='projection'
	    and organization_id::text=current_setting('app.current_org_id',true) and state='running'
	    and owner_id::text=current_setting('app.notification_runtime_owner',true)
	    and generation::text=current_setting('app.notification_org_generation',true)
	    and lease_expires_at>clock_timestamp() and hard_deadline>clock_timestamp());
	create policy notification_projection_claim_runtime_select on public.notification_worker_runtime
	  for select to notification_worker using(
	    current_setting('app.notification_scope_mode',true)='projection_claim' and singleton and schema_version=1
	    and owner_id::text=current_setting('app.notification_runtime_owner',true)
	    and generation::text=current_setting('app.notification_runtime_generation',true)
	    and build_sha=current_setting('app.notification_build_sha',true)
	    and catalog_revision=current_setting('app.notification_catalog_revision',true)
	    and catalog_sha256=current_setting('app.notification_catalog_sha256',true)
	    and projector_revision=current_setting('app.notification_projector_revision',true)
	    and projector_sha256=current_setting('app.notification_projector_sha256',true)
	    and lease_expires_at>clock_timestamp());
	create policy notification_projection_claim_org_select on public.notification_org_control
	  for select to notification_worker using(
	    current_setting('app.notification_scope_mode',true)='projection_claim'
	    and organization_id::text=current_setting('app.current_org_id',true) and state='running'
	    and owner_id::text=current_setting('app.notification_runtime_owner',true)
	    and generation::text=current_setting('app.notification_org_generation',true)
	    and lease_expires_at>clock_timestamp() and hard_deadline>clock_timestamp());
	create policy notification_projection_outbox_select on public.notification_outbox
	  for select to app_notification_worker using(
	    current_setting('app.notification_scope_mode',true)='projection'
	    and organization_id::text=current_setting('app.current_org_id',true)
	    and event_id::text=current_setting('app.notification_event_id',true)
	    and state='processing' and lease_owner::text=current_setting('app.notification_owner',true)
	    and generation::text=current_setting('app.notification_generation',true)
	    and lease_expires_at>clock_timestamp()
	    and exists(select 1 from public.notification_worker_runtime)
	    and exists(select 1 from public.notification_org_control));
	create policy notification_projection_event_select on public.notification_events
	  for select to app_notification_worker using(
	    (current_setting('app.notification_scope_mode',true)='projection'
	      and organization_id::text=current_setting('app.current_org_id',true)
	      and id::text=current_setting('app.notification_event_id',true)
	      and exists(select 1 from public.notification_outbox o where o.organization_id=notification_events.organization_id
	        and o.event_id=notification_events.id and o.catalog_revision=notification_events.catalog_revision
	        and o.kind=notification_events.kind and o.schema_version=notification_events.schema_version))
	    or
	    (current_setting('app.notification_scope_mode',true)='revalidation'
	      and organization_id::text=current_setting('app.current_org_id',true)
	      and exists(select 1 from public.notification_projection_receipts r
	        join public.notification_audience_candidates c using(organization_id,event_id,projection_kind)
	        where r.organization_id=notification_events.organization_id and r.event_id=notification_events.id
	          and c.id::text=current_setting('app.notification_candidate_id',true)
	          and c.recipient_profile_id::text=current_setting('app.notification_recipient_profile_id',true)
	          and c.authority_sha256=current_setting('app.notification_authority_sha256',true)
	          and c.state='ready')));
	
	create policy notification_projection_receipt_insert on public.notification_projection_receipts
	  for insert to app_notification_worker with check(
	    current_setting('app.notification_scope_mode',true)='projection'
	    and organization_id::text=current_setting('app.current_org_id',true)
	    and event_id::text=current_setting('app.notification_event_id',true)
	    and claim_owner_id::text=current_setting('app.notification_owner',true)
	    and claim_generation::text=current_setting('app.notification_generation',true)
	    and finalized_at is null
	    and exists(select 1 from public.notification_outbox o where o.organization_id=notification_projection_receipts.organization_id
	      and o.event_id=notification_projection_receipts.event_id and o.catalog_revision=notification_projection_receipts.catalog_revision
	      and o.kind=notification_projection_receipts.kind and o.schema_version=notification_projection_receipts.schema_version));
	create policy notification_projection_receipt_revalidate on public.notification_projection_receipts
	  for select to app_notification_worker using(
	    current_setting('app.notification_scope_mode',true)='revalidation'
	    and organization_id::text=current_setting('app.current_org_id',true)
	    and exists(select 1 from public.notification_audience_candidates c
	      where c.organization_id=notification_projection_receipts.organization_id
	        and c.event_id=notification_projection_receipts.event_id
	        and c.projection_kind=notification_projection_receipts.projection_kind
	        and c.id::text=current_setting('app.notification_candidate_id',true)
	        and c.recipient_profile_id::text=current_setting('app.notification_recipient_profile_id',true)
	        and c.authority_sha256=current_setting('app.notification_authority_sha256',true)
	        and c.state='ready'));
	create policy notification_projection_receipt_live_select on public.notification_projection_receipts
	  for select to app_notification_worker using(
	    current_setting('app.notification_scope_mode',true)='projection'
	    and organization_id::text=current_setting('app.current_org_id',true)
	    and event_id::text=current_setting('app.notification_event_id',true)
	    and claim_owner_id::text=current_setting('app.notification_owner',true)
	    and claim_generation::text=current_setting('app.notification_generation',true)
	    and finalized_at is null);
	create policy notification_projection_candidate_insert on public.notification_audience_candidates
	  for insert to app_notification_worker with check(
	    current_setting('app.notification_scope_mode',true)='projection'
	    and organization_id::text=current_setting('app.current_org_id',true)
	    and event_id::text=current_setting('app.notification_event_id',true)
	    and state='ready'
	    and exists(select 1 from public.notification_projection_receipts r
	      where r.organization_id=notification_audience_candidates.organization_id
	        and r.event_id=notification_audience_candidates.event_id
	        and r.projection_kind=notification_audience_candidates.projection_kind
	        and r.claim_owner_id::text=current_setting('app.notification_owner',true)
	        and r.claim_generation::text=current_setting('app.notification_generation',true)
	        and r.finalized_at is null));
	create policy notification_projection_candidate_revalidate_select on public.notification_audience_candidates
	  for select to app_notification_worker using(
	    current_setting('app.notification_scope_mode',true)='revalidation'
	    and organization_id::text=current_setting('app.current_org_id',true)
	    and id::text=current_setting('app.notification_candidate_id',true)
	    and recipient_profile_id::text=current_setting('app.notification_recipient_profile_id',true)
	    and authority_sha256=current_setting('app.notification_authority_sha256',true)
	    and state='ready');
	create policy notification_projection_candidate_revalidate_update on public.notification_audience_candidates
	  for update to app_notification_worker
	  using(current_setting('app.notification_scope_mode',true)='revalidation'
	    and organization_id::text=current_setting('app.current_org_id',true)
	    and id::text=current_setting('app.notification_candidate_id',true)
	    and recipient_profile_id::text=current_setting('app.notification_recipient_profile_id',true)
	    and authority_sha256=current_setting('app.notification_authority_sha256',true) and state='ready')
	  with check(current_setting('app.notification_scope_mode',true)='revalidation'
	    and organization_id::text=current_setting('app.current_org_id',true)
	    and id::text=current_setting('app.notification_candidate_id',true)
	    and recipient_profile_id::text=current_setting('app.notification_recipient_profile_id',true)
	    and authority_sha256=current_setting('app.notification_authority_sha256',true) and state='cancelled');
	
	create function public.notification_projection_source_fence(expected_org uuid) returns boolean
	language sql volatile set search_path='' as $$
	  select case current_setting('app.notification_scope_mode',true)
	    when 'projection' then expected_org::text=current_setting('app.current_org_id',true)
	      and exists(select 1 from public.notification_worker_runtime)
	      and exists(select 1 from public.notification_org_control where organization_id=expected_org)
	      and exists(select 1 from public.notification_outbox where organization_id=expected_org)
	    when 'revalidation' then expected_org::text=current_setting('app.current_org_id',true)
	      and exists(select 1 from public.notification_audience_candidates c
	        where c.organization_id=expected_org
	          and c.id::text=current_setting('app.notification_candidate_id',true)
	          and c.recipient_profile_id::text=current_setting('app.notification_recipient_profile_id',true)
	          and c.authority_sha256=current_setting('app.notification_authority_sha256',true)
	          and c.state='ready')
	    else false end
	$$;
	
	-- Final publication is the only operation that takes all three authority locks.
	create policy notification_finalizer_runtime_select on public.notification_worker_runtime
	  for select to notification_projection_finalizer using(
	    current_setting('app.notification_scope_mode',true)='projection' and singleton and schema_version=1
	    and owner_id::text=current_setting('app.notification_runtime_owner',true)
	    and generation::text=current_setting('app.notification_runtime_generation',true)
	    and build_sha=current_setting('app.notification_build_sha',true)
	    and catalog_revision=current_setting('app.notification_catalog_revision',true)
	    and catalog_sha256=current_setting('app.notification_catalog_sha256',true)
	    and projector_revision=current_setting('app.notification_projector_revision',true)
	    and projector_sha256=current_setting('app.notification_projector_sha256',true));
	create policy notification_finalizer_runtime_update on public.notification_worker_runtime
	  for update to notification_projection_finalizer
	  using(current_setting('app.notification_scope_mode',true)='projection' and singleton and schema_version=1
	    and owner_id::text=current_setting('app.notification_runtime_owner',true)
	    and generation::text=current_setting('app.notification_runtime_generation',true)
	    and build_sha=current_setting('app.notification_build_sha',true)
	    and catalog_revision=current_setting('app.notification_catalog_revision',true)
	    and catalog_sha256=current_setting('app.notification_catalog_sha256',true)
	    and projector_revision=current_setting('app.notification_projector_revision',true)
	    and projector_sha256=current_setting('app.notification_projector_sha256',true))
	  with check(singleton and schema_version=1
	    and owner_id::text=current_setting('app.notification_runtime_owner',true)
	    and generation::text=current_setting('app.notification_runtime_generation',true));
	create policy notification_finalizer_org_select on public.notification_org_control
	  for select to notification_projection_finalizer using(
	    current_setting('app.notification_scope_mode',true)='projection'
	    and organization_id::text=current_setting('app.current_org_id',true) and state='running'
	    and owner_id::text=current_setting('app.notification_runtime_owner',true)
	    and generation::text=current_setting('app.notification_org_generation',true));
	create policy notification_finalizer_org_update on public.notification_org_control
	  for update to notification_projection_finalizer
	  using(current_setting('app.notification_scope_mode',true)='projection'
	    and organization_id::text=current_setting('app.current_org_id',true) and state='running'
	    and owner_id::text=current_setting('app.notification_runtime_owner',true)
	    and generation::text=current_setting('app.notification_org_generation',true))
	  with check(organization_id::text=current_setting('app.current_org_id',true) and state='running'
	    and owner_id::text=current_setting('app.notification_runtime_owner',true)
	    and generation::text=current_setting('app.notification_org_generation',true));
	create policy notification_finalizer_outbox_select on public.notification_outbox
	  for select to notification_projection_finalizer using(
	    (current_setting('app.notification_scope_mode',true)='projection'
	      and organization_id::text=current_setting('app.current_org_id',true)
	      and event_id::text=current_setting('app.notification_event_id',true)
	      and catalog_revision=current_setting('app.notification_event_catalog_revision',true)
	      and kind=current_setting('app.notification_event_kind',true)
	      and schema_version::text=current_setting('app.notification_event_schema_version',true)
	      and state='processing' and lease_owner::text=current_setting('app.notification_owner',true)
	      and generation::text=current_setting('app.notification_generation',true))
	    or (current_setting('app.notification_scope_mode',true)='projection_reconcile'
	      and organization_id::text=current_setting('app.current_org_id',true)
	      and event_id::text=current_setting('app.notification_event_id',true)
	      and catalog_revision=current_setting('app.notification_event_catalog_revision',true)
	      and kind=current_setting('app.notification_event_kind',true)
	      and schema_version::text=current_setting('app.notification_event_schema_version',true))
	    or (current_setting('app.notification_scope_mode',true)='projection_commit_guard'
	      and organization_id::text=current_setting('app.current_org_id',true)
	      and event_id::text=current_setting('app.notification_event_id',true)
	      and catalog_revision=current_setting('app.notification_event_catalog_revision',true)
	      and kind=current_setting('app.notification_event_kind',true)
	      and schema_version::text=current_setting('app.notification_event_schema_version',true)
	      and state='projected'
	      and terminal_owner_id::text=current_setting('app.notification_owner',true)
	      and terminal_generation::text=current_setting('app.notification_generation',true)));
	create policy notification_finalizer_outbox_update on public.notification_outbox
	  for update to notification_projection_finalizer
	  using(current_setting('app.notification_scope_mode',true)='projection'
	    and organization_id::text=current_setting('app.current_org_id',true)
	    and event_id::text=current_setting('app.notification_event_id',true)
	    and catalog_revision=current_setting('app.notification_event_catalog_revision',true)
	    and kind=current_setting('app.notification_event_kind',true)
	    and schema_version::text=current_setting('app.notification_event_schema_version',true)
	    and state='processing' and lease_owner::text=current_setting('app.notification_owner',true)
	    and generation::text=current_setting('app.notification_generation',true))
	  with check(organization_id::text=current_setting('app.current_org_id',true)
	    and event_id::text=current_setting('app.notification_event_id',true)
	    and catalog_revision=current_setting('app.notification_event_catalog_revision',true)
	    and kind=current_setting('app.notification_event_kind',true)
	    and schema_version::text=current_setting('app.notification_event_schema_version',true)
	    and state in ('projected','quarantined')
	    and terminal_owner_id::text=current_setting('app.notification_owner',true)
	    and terminal_generation::text=current_setting('app.notification_generation',true));
	create policy notification_finalizer_receipt_select on public.notification_projection_receipts
	  for select to notification_projection_finalizer using(
	    organization_id::text=current_setting('app.current_org_id',true)
	    and event_id::text=current_setting('app.notification_event_id',true)
	    and catalog_revision=current_setting('app.notification_event_catalog_revision',true)
	    and kind=current_setting('app.notification_event_kind',true)
	    and schema_version::text=current_setting('app.notification_event_schema_version',true)
	    and projection_kind=current_setting('app.notification_projection_kind',true)
	    and claim_owner_id::text=current_setting('app.notification_owner',true)
	    and claim_generation::text=current_setting('app.notification_generation',true)
	    and ((current_setting('app.notification_scope_mode',true)='projection' and finalized_at is null)
	      or current_setting('app.notification_scope_mode',true) in ('projection_reconcile','projection_commit_guard')));
	create policy notification_finalizer_receipt_update on public.notification_projection_receipts
	  for update to notification_projection_finalizer
	  using(current_setting('app.notification_scope_mode',true)='projection'
	    and organization_id::text=current_setting('app.current_org_id',true)
	    and event_id::text=current_setting('app.notification_event_id',true)
	    and projection_kind=current_setting('app.notification_projection_kind',true)
	    and claim_owner_id::text=current_setting('app.notification_owner',true)
	    and claim_generation::text=current_setting('app.notification_generation',true)
	    and finalized_at is null)
	  with check(organization_id::text=current_setting('app.current_org_id',true)
	    and event_id::text=current_setting('app.notification_event_id',true)
	    and projection_kind=current_setting('app.notification_projection_kind',true)
	    and claim_owner_id::text=current_setting('app.notification_owner',true)
	    and claim_generation::text=current_setting('app.notification_generation',true)
	    and finalized_at is not null);
	create policy notification_finalizer_candidate_select on public.notification_audience_candidates
	  for select to notification_projection_finalizer using(
	    current_setting('app.notification_scope_mode',true)='projection'
	    and organization_id::text=current_setting('app.current_org_id',true)
	    and event_id::text=current_setting('app.notification_event_id',true)
	    and projection_kind=current_setting('app.notification_projection_kind',true));
	
	create function public.notification_finalize_audience(outcome text) returns boolean
	language plpgsql volatile security definer set search_path='' as $$
	declare runtime_row record; org_row record; outbox_row record; receipt_row record; aggregate_row record;
	  now_at timestamptz; updated integer; quarantine_reason text;
	begin
	  if outcome is null or outcome<>lower(outcome) or octet_length(outcome)>32
	    or outcome not in ('projected','audience_overflow','subject_invalid','audience_authority_overflow',
	      'body_invalid','body_overflow','navigation_invalid')
	    or current_setting('app.notification_scope_mode',true)<>'projection' then return false; end if;
	  select lease_expires_at into runtime_row from public.notification_worker_runtime
	    where singleton and schema_version=1 for update;
	  if not found then return false; end if;
	  select lease_expires_at,hard_deadline into org_row from public.notification_org_control
	    where organization_id::text=current_setting('app.current_org_id',true) for update;
	  if not found then return false; end if;
	  select organization_id,event_id,catalog_revision,kind,schema_version,state,lease_owner,generation,
	      lease_expires_at,hard_deadline into outbox_row from public.notification_outbox
	    where organization_id::text=current_setting('app.current_org_id',true)
	      and event_id::text=current_setting('app.notification_event_id',true) for update;
	  if not found then return false; end if;
	  now_at:=clock_timestamp();
	  if runtime_row.lease_expires_at<=now_at+interval '3 seconds'
	    or org_row.lease_expires_at<=now_at+interval '3 seconds'
	    or org_row.hard_deadline<=now_at+interval '3 seconds'
	    or outbox_row.lease_expires_at<=now_at+interval '3 seconds'
	    or outbox_row.hard_deadline<=now_at+interval '3 seconds' then return false; end if;
	
	  select count(*)::integer as candidate_count,coalesce(sum(body_byte_count),0)::bigint as body_bytes,
	    encode(sha256(convert_to('['||coalesce(string_agg(to_json(candidate_sha256)::text,','
	      order by recipient_profile_id::text collate "C",candidate_sha256 collate "C"),'')||']','UTF8')),'hex') as set_sha
	    into aggregate_row from public.notification_audience_candidates
	    where organization_id=outbox_row.organization_id and event_id=outbox_row.event_id
	      and projection_kind=current_setting('app.notification_projection_kind',true);
	  select claim_owner_id,claim_generation,candidate_count,body_byte_total,candidate_set_sha256,finalized_at
	    into receipt_row from public.notification_projection_receipts
	    where organization_id=outbox_row.organization_id and event_id=outbox_row.event_id
	      and projection_kind=current_setting('app.notification_projection_kind',true);
	  if outcome='projected' then
	    if receipt_row is null or receipt_row.finalized_at is not null
	      or receipt_row.claim_owner_id is distinct from outbox_row.lease_owner
	      or receipt_row.claim_generation is distinct from outbox_row.generation
	      or receipt_row.candidate_count is distinct from aggregate_row.candidate_count
	      or receipt_row.body_byte_total is distinct from aggregate_row.body_bytes
	      or receipt_row.candidate_set_sha256 is distinct from aggregate_row.set_sha then return false; end if;
	    perform set_config('app.notification_finalized_at',now_at::text,true);
	    update public.notification_projection_receipts set finalized_at=now_at
	      where organization_id=outbox_row.organization_id and event_id=outbox_row.event_id
	        and projection_kind=current_setting('app.notification_projection_kind',true) and finalized_at is null;
	    get diagnostics updated=row_count;
	    if updated<>1 then return false; end if;
	    quarantine_reason:=null;
	  else
	    if receipt_row is not null or aggregate_row.candidate_count<>0 then return false; end if;
	    quarantine_reason:=outcome;
	  end if;
	  update public.notification_outbox set state=case when outcome='projected' then 'projected' else 'quarantined' end,
	    completed_at=now_at,quarantine_reason=quarantine_reason,lease_owner=null,claimed_at=null,
	    hard_deadline=null,lease_expires_at=null,renewal_count=null,
	    terminal_owner_id=outbox_row.lease_owner,terminal_generation=outbox_row.generation
	    where organization_id=outbox_row.organization_id and event_id=outbox_row.event_id
	      and state='processing' and generation=outbox_row.generation;
	  get diagnostics updated=row_count;
	  return updated=1;
	end $$;
	
	create function public.notification_observe_audience() returns text
	language plpgsql volatile security definer set search_path='' as $$
	declare outbox_row record; receipt_row record;
	begin
	  if current_setting('app.notification_scope_mode',true)<>'projection_reconcile' then return 'absent'; end if;
	  select organization_id,event_id,catalog_revision,kind,schema_version,state,lease_owner,generation,
	      terminal_owner_id,terminal_generation into outbox_row from public.notification_outbox
	    where organization_id::text=current_setting('app.current_org_id',true)
	      and event_id::text=current_setting('app.notification_event_id',true)
	      and catalog_revision=current_setting('app.notification_event_catalog_revision',true)
	      and kind=current_setting('app.notification_event_kind',true)
	      and schema_version::text=current_setting('app.notification_event_schema_version',true);
	  if not found then return 'absent'; end if;
	  select claim_owner_id,claim_generation,finalized_at into receipt_row
	    from public.notification_projection_receipts
	    where organization_id=outbox_row.organization_id and event_id=outbox_row.event_id
	      and projection_kind=current_setting('app.notification_projection_kind',true);
	  if (outbox_row.terminal_owner_id is null)<>(outbox_row.terminal_generation is null) then return 'integrity_failed'; end if;
	  if outbox_row.state='pending' then
	    if receipt_row is not null then return 'integrity_failed'; end if;
	    return 'pending';
	  end if;
	  if outbox_row.state='processing' then
	    if receipt_row is not null and receipt_row.finalized_at is not null then return 'integrity_failed'; end if;
	    if outbox_row.lease_owner::text=current_setting('app.notification_owner',true)
	      and outbox_row.generation::text=current_setting('app.notification_generation',true) then
	      return 'same_generation_processing';
	    end if;
	    return 'superseded';
	  end if;
	  if outbox_row.terminal_owner_id is null then return 'terminal_unattributed'; end if;
	  if outbox_row.terminal_owner_id::text<>current_setting('app.notification_owner',true)
	    or outbox_row.terminal_generation::text<>current_setting('app.notification_generation',true) then
	    return 'superseded';
	  end if;
	  if outbox_row.state='quarantined' then
	    if receipt_row is not null and receipt_row.finalized_at is not null then return 'integrity_failed'; end if;
	    return 'quarantined';
	  end if;
	  if outbox_row.state='projected' then
	    if receipt_row is null or receipt_row.finalized_at is null
	      or receipt_row.claim_owner_id is distinct from outbox_row.terminal_owner_id
	      or receipt_row.claim_generation is distinct from outbox_row.terminal_generation then
	      return 'integrity_failed';
	    end if;
	    return 'committed';
	  end if;
	  return 'integrity_failed';
	end $$;
	
	create function public.notification_projection_commit_guard() returns trigger
	language plpgsql volatile security definer set search_path='' as $$
	declare valid boolean;
	begin
	  if tg_relid<>'public.notification_projection_receipts'::regclass
	    or tg_op<>'INSERT' or tg_when<>'AFTER'
	    or tg_name<>'notification_projection_receipt_commit_guard' or tg_nargs<>0 then
	    raise exception 'Notification projection commit guard source is invalid';
	  end if;
	  perform set_config('app.notification_scope_mode','projection_commit_guard',true);
	  perform set_config('app.current_org_id',new.organization_id::text,true);
	  perform set_config('app.notification_event_id',new.event_id::text,true);
	  perform set_config('app.notification_event_catalog_revision',new.catalog_revision,true);
	  perform set_config('app.notification_event_kind',new.kind,true);
	  perform set_config('app.notification_event_schema_version',new.schema_version::text,true);
	  perform set_config('app.notification_projection_kind',new.projection_kind,true);
	  perform set_config('app.notification_owner',new.claim_owner_id::text,true);
	  perform set_config('app.notification_generation',new.claim_generation::text,true);
	  select exists(
	    select 1 from public.notification_projection_receipts r
	    join public.notification_outbox o using(organization_id,event_id,catalog_revision,kind,schema_version)
	    where r.organization_id=new.organization_id and r.event_id=new.event_id
	      and r.projection_kind=new.projection_kind and r.adapter_revision=new.adapter_revision
	      and r.claim_owner_id=new.claim_owner_id and r.claim_generation=new.claim_generation
	      and r.candidate_count=new.candidate_count and r.body_byte_total=new.body_byte_total
	      and r.candidate_set_sha256=new.candidate_set_sha256 and r.created_at=new.created_at
	      and r.finalized_at is not null and o.state='projected'
	      and o.terminal_owner_id=r.claim_owner_id and o.terminal_generation=r.claim_generation
	      and clock_timestamp()<=r.finalized_at+interval '3 seconds'
	  ) into valid;
	  if not valid then raise exception 'Notification projection commit is incomplete'; end if;
	  return new;
	end $$;
	
	create constraint trigger notification_projection_receipt_commit_guard
	  after insert on public.notification_projection_receipts deferrable initially deferred
	  for each row execute function public.notification_projection_commit_guard();
	
	-- Strip default relation and function ACLs before installing the finite grants.
	do $$
	declare role_row record; relation_name text; signature text;
	begin
	  foreach relation_name in array array['notification_projection_receipts','notification_audience_candidates'] loop
	    execute format('revoke all on table public.%I from public',relation_name);
	    for role_row in select rolname from pg_roles where rolname<>current_user loop
	      execute format('revoke all on table public.%I from %I',relation_name,role_row.rolname);
	    end loop;
	  end loop;
	  foreach signature in array array[
	    'public.notification_candidate_digest(uuid,uuid,text,uuid,text,text,text,text,text,text,text,text,text,integer)',
	    'public.notification_projection_receipt_guard()',
	    'public.notification_candidate_guard()',
	    'public.notification_projection_source_fence(uuid)',
	    'public.notification_finalize_audience(text)',
	    'public.notification_observe_audience()',
	    'public.notification_projection_commit_guard()'] loop
	    execute format('revoke all on function %s from public',signature);
	    for role_row in select rolname from pg_roles where rolname<>current_user loop
	      execute format('revoke all on function %s from %I',signature,role_row.rolname);
	    end loop;
	  end loop;
	end $$;
	
	grant select(singleton,schema_version,owner_id,generation,lease_expires_at,build_sha,catalog_revision,
	  catalog_sha256,projector_revision,projector_sha256) on public.notification_worker_runtime to app_notification_worker;
	grant select(organization_id,state,owner_id,generation,lease_expires_at,hard_deadline)
	  on public.notification_org_control to app_notification_worker;
	grant select(event_id,organization_id,catalog_revision,kind,schema_version,state,lease_owner,generation,
	  claimed_at,hard_deadline,lease_expires_at,renewal_count,terminal_owner_id,terminal_generation)
	  on public.notification_outbox to app_notification_worker;
	grant select(id,organization_id,kind,schema_version,catalog_revision,producer_id,subject_type,subject_id,
	  subject_revision,source_identity,occurred_at,dedupe_key,payload_canonical,payload_sha256,semantic_sha256)
	  on public.notification_events to app_notification_worker;
	grant insert(organization_id,event_id,catalog_revision,kind,schema_version,projection_kind,adapter_revision,
	  claim_owner_id,claim_generation,candidate_count,body_byte_total,candidate_set_sha256)
	  on public.notification_projection_receipts to app_notification_worker;
	grant select(organization_id,event_id,catalog_revision,kind,schema_version,projection_kind,adapter_revision,
	  claim_owner_id,claim_generation,candidate_count,body_byte_total,candidate_set_sha256,created_at,finalized_at)
	  on public.notification_projection_receipts to app_notification_worker;
	grant insert(organization_id,event_id,projection_kind,recipient_profile_id,audience_mode,adapter_revision,
	  authority_sha256,template_key,template_revision,template_sha256,parameters_canonical,navigation_id,
	  body_sha256,body_byte_count,candidate_sha256)
	  on public.notification_audience_candidates to app_notification_worker;
	grant select(id,organization_id,event_id,projection_kind,recipient_profile_id,audience_mode,adapter_revision,
	  authority_sha256,template_key,template_revision,template_sha256,parameters_canonical,navigation_id,
	  body_sha256,body_byte_count,candidate_sha256,state,created_at,cancelled_at,cancellation_reason)
	  on public.notification_audience_candidates to app_notification_worker;
	grant update(state,cancelled_at,cancellation_reason,template_key,parameters_canonical,navigation_id)
	  on public.notification_audience_candidates to app_notification_worker;
	grant select(singleton,schema_version,owner_id,generation,lease_expires_at,build_sha,catalog_revision,
	  catalog_sha256,projector_revision,projector_sha256) on public.notification_worker_runtime to notification_worker;
	grant select(organization_id,state,owner_id,generation,lease_expires_at,hard_deadline)
	  on public.notification_org_control to notification_worker;
	
	grant select(singleton,schema_version,owner_id,generation,lease_expires_at,build_sha,catalog_revision,
	  catalog_sha256,projector_revision,projector_sha256) on public.notification_worker_runtime to notification_projection_finalizer;
	grant update(generation) on public.notification_worker_runtime to notification_projection_finalizer;
	grant select(organization_id,state,owner_id,generation,lease_expires_at,hard_deadline)
	  on public.notification_org_control to notification_projection_finalizer;
	grant update(generation) on public.notification_org_control to notification_projection_finalizer;
	grant select(event_id,organization_id,catalog_revision,kind,schema_version,state,lease_owner,generation,
	  lease_expires_at,hard_deadline,terminal_owner_id,terminal_generation)
	  on public.notification_outbox to notification_projection_finalizer;
	grant update(state,completed_at,quarantine_reason,lease_owner,claimed_at,hard_deadline,lease_expires_at,
	  renewal_count,terminal_owner_id,terminal_generation) on public.notification_outbox to notification_projection_finalizer;
	grant select(organization_id,event_id,catalog_revision,kind,schema_version,projection_kind,adapter_revision,
	  claim_owner_id,claim_generation,candidate_count,body_byte_total,candidate_set_sha256,created_at,finalized_at)
	  on public.notification_projection_receipts to notification_projection_finalizer;
	grant update(finalized_at) on public.notification_projection_receipts to notification_projection_finalizer;
	grant select(organization_id,event_id,projection_kind,recipient_profile_id,candidate_sha256,body_byte_count)
	  on public.notification_audience_candidates to notification_projection_finalizer;
	
	grant execute on function public.notification_candidate_digest(uuid,uuid,text,uuid,text,text,text,text,text,text,text,text,text,integer)
	  to app_notification_worker;
	grant execute on function public.notification_projection_source_fence(uuid) to app_notification_worker;
	grant execute on function public.notification_finalize_audience(text) to app_notification_worker;
	grant execute on function public.notification_observe_audience() to app_notification_worker;
	
	-- Transfer exactly the three fixed definer functions through the admitted initial-membership
	-- bridge. A direct second finalizer GRANT/REVOKE crashes the supported Supabase PostgreSQL 17 image.
	grant create on schema public to notification_projection_finalizer;
	alter function public.notification_finalize_audience(text) owner to notification_projection_finalizer;
	alter function public.notification_observe_audience() owner to notification_projection_finalizer;
	alter function public.notification_projection_commit_guard() owner to notification_projection_finalizer;
	revoke create on schema public from notification_projection_finalizer;
	drop role notification_projection_owner_bridge;
	
	do $$
	declare forbidden text; finalizer_edge_count integer; app_edge_count integer; exact_owner_count integer;
	  server_major integer:=current_setting('server_version_num')::integer/10000;
	begin
	  foreach forbidden in array array['app_ledger','notification_worker','notification_coordinator',
	    'notification_health_reader','notification_event_trigger','anon','authenticated','service_role',
	    'app_assistant_ro','brain_vector_worker'] loop
	    if to_regrole(forbidden) is not null and (
	      pg_has_role(to_regrole(forbidden),to_regrole('app_notification_worker'),'MEMBER')
	      or pg_has_role(to_regrole(forbidden),to_regrole('notification_projection_finalizer'),'MEMBER')) then
	      raise exception 'Notification projection role is reachable from an application principal';
	    end if;
	  end loop;
	  if to_regrole('notification_projection_owner_bridge') is not null
	    or has_schema_privilege('notification_projection_finalizer','public','CREATE') then
	    raise exception 'Notification projection finalizer runtime authority was retained';
	  end if;
	  if not (select rolsuper from pg_roles where rolname=current_user)
	    and (pg_has_role(current_user,'notification_projection_finalizer','SET')
	      or pg_has_role(current_user,'notification_projection_finalizer','USAGE')) then
	    raise exception 'Notification projection migration actor retained finalizer authority';
	  end if;
	  if exists(
	    (select target.rolname,member.rolname,grantor.rolname,
	        membership.admin_option,membership.inherit_option,membership.set_option
	      from pg_auth_members membership
	      join pg_roles target on target.oid=membership.roleid
	      join pg_roles member on member.oid=membership.member
	      join pg_roles grantor on grantor.oid=membership.grantor
	      where target.rolname='notification_projection_finalizer'
	         or member.rolname='notification_projection_finalizer')
	    except
	    (select target,member,grantor,admin_option,inherit_option,set_option
	      from pg_temp.notification_projection_persistent_graph)
	  ) or exists(
	    (select target,member,grantor,admin_option,inherit_option,set_option
	      from pg_temp.notification_projection_persistent_graph)
	    except
	    (select target.rolname,member.rolname,grantor.rolname,
	        membership.admin_option,membership.inherit_option,membership.set_option
	      from pg_auth_members membership
	      join pg_roles target on target.oid=membership.roleid
	      join pg_roles member on member.oid=membership.member
	      join pg_roles grantor on grantor.oid=membership.grantor
	      where target.rolname='notification_projection_finalizer'
	         or member.rolname='notification_projection_finalizer')
	  ) then raise exception 'Notification projection persistent finalizer graph changed'; end if;
	  select count(*) into exact_owner_count from pg_proc
	    where proowner='notification_projection_finalizer'::regrole
	      and oid=any(array[
	        'public.notification_finalize_audience(text)'::regprocedure,
	        'public.notification_observe_audience()'::regprocedure,
	        'public.notification_projection_commit_guard()'::regprocedure]);
	  if exact_owner_count<>3 or (select count(*) from pg_proc
	      where proowner='notification_projection_finalizer'::regrole)<>3
	    or exists(select 1 from pg_class where relowner='notification_projection_finalizer'::regrole)
	    or exists(select 1 from pg_namespace where nspowner='notification_projection_finalizer'::regrole) then
	    raise exception 'Notification projection finalizer ownership is invalid';
	  end if;
	  select count(*) into finalizer_edge_count from pg_auth_members
	    where roleid='notification_projection_finalizer'::regrole;
	  select count(*) into app_edge_count from pg_auth_members
	    where roleid='app_notification_worker'::regrole;
	  if server_major=18 then
	    if finalizer_edge_count<>0 or app_edge_count<>1 or not exists(
	      select 1 from pg_auth_members membership
	      join pg_roles member_role on member_role.oid=membership.member
	      join pg_roles grantor_role on grantor_role.oid=membership.grantor
	      where membership.roleid='app_notification_worker'::regrole
	        and member_role.rolname=current_user and grantor_role.rolname=current_user
	        and not membership.admin_option and membership.inherit_option and membership.set_option
	    ) then
	      raise exception 'Notification projection finalizer creator edge changed';
	    end if;
	  elsif server_major=17 and (finalizer_edge_count<>1 or app_edge_count<>2 or not exists(
	    select 1 from pg_auth_members membership
	    join pg_roles member_role on member_role.oid=membership.member
	    join pg_roles grantor_role on grantor_role.oid=membership.grantor
	    where membership.roleid='notification_projection_finalizer'::regrole
	      and member_role.rolname='postgres' and grantor_role.rolname='supabase_admin'
	      and membership.admin_option and not membership.inherit_option and not membership.set_option
	  ) or not exists(
	    select 1 from pg_auth_members membership
	    join pg_roles member_role on member_role.oid=membership.member
	    join pg_roles grantor_role on grantor_role.oid=membership.grantor
	    where membership.roleid='app_notification_worker'::regrole
	      and member_role.rolname='postgres' and grantor_role.rolname='postgres'
	      and not membership.admin_option and membership.inherit_option and membership.set_option
	  ) or not exists(
	    select 1 from pg_auth_members membership
	    join pg_roles member_role on member_role.oid=membership.member
	    join pg_roles grantor_role on grantor_role.oid=membership.grantor
	    where membership.roleid='app_notification_worker'::regrole
	      and member_role.rolname='postgres' and grantor_role.rolname='supabase_admin'
	      and membership.admin_option and not membership.inherit_option and not membership.set_option
	  ) or pg_has_role('postgres','notification_projection_finalizer','USAGE')
	    or pg_has_role('postgres','notification_projection_finalizer','SET')) then
	    raise exception 'Notification projection finalizer creator edge changed';
	  elsif server_major not in (17,18) then
	    raise exception 'Notification projection requires reviewed PostgreSQL 17 or 18';
	  end if;
	  drop table pg_temp.notification_projection_persistent_graph;
	end $$;
	
	-- Retarget only the ten reviewed PUBLIC policies. ALTER POLICY changes only the
	-- role array: command, permissiveness and USING/WITH CHECK expressions stay byte-for-byte catalog
	-- equivalents. The actual relation owner is retained explicitly and can never be a Slice5 role.
	do $$
	declare owner_name text;
	begin
	  select pg_get_userbyid(relowner) into owner_name from pg_class where oid='public.organizations'::regclass;
	  if owner_name in ('app_notification_worker','notification_projection_finalizer') then
	    raise exception 'Notification projection source ownership is invalid';
	  end if;
	  execute format('alter policy organizations_admin_all on public.organizations to anon,authenticated,service_role,%I',owner_name);
	  execute format('alter policy organizations_member_select on public.organizations to anon,authenticated,service_role,%I',owner_name);
	
	  select pg_get_userbyid(relowner) into owner_name from pg_class where oid='public.organization_members'::regclass;
	  if owner_name in ('app_notification_worker','notification_projection_finalizer') then
	    raise exception 'Notification projection source ownership is invalid';
	  end if;
	  execute format('alter policy organization_members_admin_all on public.organization_members to anon,authenticated,service_role,app_ledger,%I',owner_name);
	  execute format('alter policy organization_members_self_select on public.organization_members to anon,authenticated,service_role,app_ledger,%I',owner_name);
	
	  select pg_get_userbyid(relowner) into owner_name from pg_class where oid='public.profiles'::regclass;
	  if owner_name in ('app_notification_worker','notification_projection_finalizer') then
	    raise exception 'Notification projection source ownership is invalid';
	  end if;
	  execute format('alter policy profiles_self_select on public.profiles to anon,authenticated,service_role,app_ledger,%I',owner_name);
	  execute format('alter policy profiles_self_update on public.profiles to anon,authenticated,service_role,%I',owner_name);
	
	  select pg_get_userbyid(relowner) into owner_name from pg_class where oid='public.permission_rules'::regclass;
	  if owner_name in ('app_notification_worker','notification_projection_finalizer') then
	    raise exception 'Notification projection source ownership is invalid';
	  end if;
	  execute format('alter policy permission_rules_org_guc on public.permission_rules to anon,authenticated,service_role,app_ledger,%I',owner_name);
	
	  select pg_get_userbyid(relowner) into owner_name from pg_class where oid='public.join_request'::regclass;
	  if owner_name in ('app_notification_worker','notification_projection_finalizer') then
	    raise exception 'Notification projection source ownership is invalid';
	  end if;
	  execute format('alter policy join_request_admin_all on public.join_request to anon,authenticated,service_role,%I',owner_name);
	  execute format('alter policy join_request_self_insert on public.join_request to anon,authenticated,service_role,%I',owner_name);
	  execute format('alter policy join_request_self_select on public.join_request to anon,authenticated,service_role,%I',owner_name);
	end $$;
	
	grant select(id,status) on public.organizations to app_notification_worker;
	grant select(organization_id,profile_id,role) on public.organization_members to app_notification_worker;
	grant select(id,role) on public.profiles to app_notification_worker;
	grant select(org_id,profile_id,role_key) on public.member_roles to app_notification_worker;
	grant select(org_id,role_key,module,can_manage,field_level,if_owner)
	  on public.permission_rules to app_notification_worker;
	grant select(id,organization_id,supabase_id,user_id,status,created_at,reviewed_at)
	  on public.join_request to app_notification_worker;
	
	-- One nonrecursive policy per source relation. Every branch derives its subject from the exact
	-- live event or immutable projected receipt through notification_projection_source_fence().
	create policy notification_projection_organizations_select on public.organizations
	  as permissive for select to app_notification_worker
	  using(id::text=current_setting('app.current_org_id',true)
	    and public.notification_projection_source_fence(id));
	
	create policy notification_projection_organization_members_select on public.organization_members
	  as permissive for select to app_notification_worker
	  using(organization_id::text=current_setting('app.current_org_id',true)
	    and public.notification_projection_source_fence(organization_id));
	
	create policy notification_projection_member_roles_select on public.member_roles
	  as permissive for select to app_notification_worker
	  using(org_id::text=current_setting('app.current_org_id',true)
	    and public.notification_projection_source_fence(org_id));
	
	create policy notification_projection_permission_rules_select on public.permission_rules
	  as permissive for select to app_notification_worker
	  using(org_id::text=current_setting('app.current_org_id',true) and module='users'
	    and public.notification_projection_source_fence(org_id));
	
	create policy notification_projection_join_request_select on public.join_request
	  as permissive for select to app_notification_worker
	  using(join_request.organization_id=current_setting('app.current_org_id',true)
	    and join_request.organization_id ~* '^[0-9a-f]{8}-[0-9a-f]{4}-[0-9a-f]{4}-[0-9a-f]{4}-[0-9a-f]{12}$'
	    and public.notification_projection_source_fence(join_request.organization_id::uuid)
	    and exists(select 1 from public.notification_events e
	      where e.organization_id::text=join_request.organization_id and e.subject_type='join_request'
	        and e.subject_id=join_request.id));
	
	create policy notification_projection_profiles_select on public.profiles
	  as permissive for select to app_notification_worker
	  using(public.notification_projection_source_fence(
	      case when current_setting('app.current_org_id',true)
	        ~* '^[0-9a-f]{8}-[0-9a-f]{4}-[0-9a-f]{4}-[0-9a-f]{4}-[0-9a-f]{12}$'
	      then current_setting('app.current_org_id',true)::uuid else null::uuid end)
	    and (
	      exists(select 1 from public.organization_members m
	        where m.organization_id::text=current_setting('app.current_org_id',true) and m.profile_id=profiles.id)
	      or exists(select 1 from public.join_request j join public.notification_events e
	          on e.organization_id::text=j.organization_id and e.subject_type='join_request' and e.subject_id=j.id
	        where j.organization_id=current_setting('app.current_org_id',true)
	          and j.supabase_id=profiles.id and j.user_id=j.supabase_id::text)
	    ));
	
	-- No source policy can remain globally applicable after the exact retarget.
	do $$
	declare source_policy_count integer;
	begin
	  if exists(select 1 from pg_policy p where p.polrelid=any(array[
	      'public.organizations'::regclass,'public.organization_members'::regclass,
	      'public.profiles'::regclass,'public.member_roles'::regclass,
	      'public.permission_rules'::regclass,'public.join_request'::regclass])
	      and 0=any(p.polroles)) then
	    raise exception 'Notification projection source policy remains PUBLIC';
	  end if;
	  select count(*) into source_policy_count from pg_policy p
	    where p.polrelid=any(array[
	      'public.organizations'::regclass,'public.organization_members'::regclass,
	      'public.profiles'::regclass,'public.member_roles'::regclass,
	      'public.permission_rules'::regclass,'public.join_request'::regclass])
	      and p.polname like 'notification_projection_%_select'
	      and p.polroles=array['app_notification_worker'::regrole::oid]
	      and p.polpermissive and p.polcmd='r';
	  if source_policy_count<>6 then
	    raise exception 'Notification projection source policy installation is incomplete';
	  end if;
	end $$;
	
172.17.0.1 2026-10-03 20:47:43.724 UTC [106] postgres@postgres ERROR:  must be owner of function notification_event_enqueue
172.17.0.1 2026-10-03 20:47:43.724 UTC [106] postgres@postgres STATEMENT:  -- Notification Slice5: exact-tuple audience projection under current authority.
	-- This migration creates no producer, inbox route, browser read path, or provider effect.
	
	do $$
	declare role_name text; policy_count integer; temporary_graph_count integer; app_graph_count integer;
	  server_major integer:=current_setting('server_version_num')::integer/10000;
	begin
	  if current_user in ('app_ledger','anon','authenticated','service_role','app_assistant_ro',
	    'notification_worker','notification_coordinator','notification_health_reader','notification_event_trigger') then
	    raise exception 'Notification projection requires the trusted backend owner';
	  end if;
	  if to_regclass('public.notification_events') is null
	    or to_regclass('public.notification_outbox') is null
	    or to_regclass('public.notification_worker_runtime') is null
	    or to_regclass('public.notification_org_control') is null then
	    raise exception 'Notification projection predecessor is unavailable';
	  end if;
	  if not exists(select 1 from pg_trigger where tgrelid='public.notification_outbox'::regclass
	      and tgname='notification_outbox_transition' and not tgisinternal)
	    or not exists(select 1 from pg_trigger where tgrelid='public.notification_events'::regclass
	      and tgname='notification_event_outbox' and not tgisinternal) then
	    raise exception 'Notification projection predecessor trigger is unavailable';
	  end if;
	  -- Freeze the complete reviewed source-policy set before creating either role.
	  select count(*) into policy_count from pg_policy p
	    where p.polrelid=any(array[
	      'public.organizations'::regclass,'public.organization_members'::regclass,
	      'public.profiles'::regclass,'public.member_roles'::regclass,
	      'public.permission_rules'::regclass,'public.join_request'::regclass]);
	  if policy_count<>12 then raise exception 'Notification projection source policy inventory changed'; end if;
	  select count(*) into policy_count from pg_policy p
	    where p.polrelid=any(array[
	      'public.organizations'::regclass,'public.organization_members'::regclass,
	      'public.profiles'::regclass,'public.member_roles'::regclass,
	      'public.permission_rules'::regclass,'public.join_request'::regclass])
	    and p.polname=any(array[
	      'organizations_admin_all','organizations_member_select',
	      'organization_members_admin_all','organization_members_self_select','organization_members_org_guc',
	      'profiles_self_select','profiles_self_update','member_roles_org_guc',
	      'permission_rules_org_guc','join_request_admin_all','join_request_self_insert','join_request_self_select']);
	  if policy_count<>12 then raise exception 'Notification projection source policy inventory changed'; end if;
	  if exists(
	    select 1 from pg_policy p where p.polrelid=any(array[
	      'public.organizations'::regclass,'public.organization_members'::regclass,
	      'public.profiles'::regclass,'public.permission_rules'::regclass,'public.join_request'::regclass])
	      and p.polname=any(array[
	        'organizations_admin_all','organizations_member_select',
	        'organization_members_admin_all','organization_members_self_select',
	        'profiles_self_select','profiles_self_update','permission_rules_org_guc',
	        'join_request_admin_all','join_request_self_insert','join_request_self_select'])
	      and (not p.polpermissive or p.polroles<>array[0::oid])
	  ) then raise exception 'Notification projection PUBLIC source policy changed'; end if;
	  if exists(
	    select 1 from pg_policy p where
	      (p.polrelid='public.organization_members'::regclass and p.polname='organization_members_org_guc'
	        or p.polrelid='public.member_roles'::regclass and p.polname='member_roles_org_guc')
	      and (not p.polpermissive or p.polroles<>array['app_ledger'::regrole::oid])
	  ) then raise exception 'Notification projection app-ledger source policy changed'; end if;
	  if exists(
	    select 1 from pg_class c where c.oid=any(array[
	      'public.organizations'::regclass,'public.organization_members'::regclass,
	      'public.profiles'::regclass,'public.member_roles'::regclass,
	      'public.permission_rules'::regclass,'public.join_request'::regclass])
	      and pg_get_userbyid(c.relowner)=any(array['app_notification_worker','notification_projection_finalizer'])
	  ) then raise exception 'Notification projection source ownership is invalid'; end if;
	  foreach role_name in array array[
	    'app_notification_worker','notification_projection_owner_bridge','notification_projection_finalizer'] loop
	    if exists(select 1 from pg_roles where rolname=role_name) then
	      raise exception 'Notification projection role reconciliation required';
	    end if;
	  end loop;
	  execute format('create role app_notification_worker nologin nosuperuser nobypassrls noinherit '
	    'nocreatedb nocreaterole noreplication role %I',current_user);
	  execute format('create role notification_projection_owner_bridge nologin nosuperuser nobypassrls '
	    'noinherit nocreatedb nocreaterole noreplication role %I',current_user);
	  execute 'create role notification_projection_finalizer nologin nosuperuser nobypassrls noinherit '
	    'nocreatedb nocreaterole noreplication role notification_projection_owner_bridge';
	
	  if exists(select 1 from pg_roles where rolname=any(array[
	      'app_notification_worker','notification_projection_owner_bridge','notification_projection_finalizer'])
	      and (rolcanlogin or rolsuper or rolbypassrls or rolinherit or rolcreatedb or rolcreaterole or rolreplication)) then
	    raise exception 'Notification projection role attributes are invalid';
	  end if;
	
	  select count(*) into temporary_graph_count
	  from pg_auth_members membership
	  join pg_roles target on target.oid=membership.roleid
	  join pg_roles member on member.oid=membership.member
	  where target.rolname in ('notification_projection_owner_bridge','notification_projection_finalizer')
	     or member.rolname in ('notification_projection_owner_bridge','notification_projection_finalizer');
	  select count(*) into app_graph_count from pg_auth_members
	    where roleid='app_notification_worker'::regrole;
	  if server_major=17 then
	    if current_user<>'postgres' or not exists(select 1 from pg_roles where rolname=current_user
	        and not rolsuper and rolcreaterole) or temporary_graph_count<>4 or app_graph_count<>2
	      or not exists(select 1 from pg_auth_members m
	        join pg_roles u on u.oid=m.member join pg_roles g on g.oid=m.grantor
	        where m.roleid='app_notification_worker'::regrole and u.rolname='postgres'
	          and g.rolname='postgres' and not m.admin_option and m.inherit_option and m.set_option)
	      or not exists(select 1 from pg_auth_members m
	        join pg_roles u on u.oid=m.member join pg_roles g on g.oid=m.grantor
	        where m.roleid='app_notification_worker'::regrole and u.rolname='postgres'
	          and g.rolname='supabase_admin' and m.admin_option and not m.inherit_option and not m.set_option)
	      or not exists(select 1 from pg_auth_members m
	        join pg_roles t on t.oid=m.roleid join pg_roles u on u.oid=m.member join pg_roles g on g.oid=m.grantor
	        where t.rolname='notification_projection_owner_bridge' and u.rolname='postgres'
	          and g.rolname='postgres' and not m.admin_option and m.inherit_option and m.set_option)
	      or not exists(select 1 from pg_auth_members m
	        join pg_roles t on t.oid=m.roleid join pg_roles u on u.oid=m.member join pg_roles g on g.oid=m.grantor
	        where t.rolname='notification_projection_owner_bridge' and u.rolname='postgres'
	          and g.rolname='supabase_admin' and m.admin_option and not m.inherit_option and not m.set_option)
	      or not exists(select 1 from pg_auth_members m
	        join pg_roles t on t.oid=m.roleid join pg_roles u on u.oid=m.member join pg_roles g on g.oid=m.grantor
	        where t.rolname='notification_projection_finalizer'
	          and u.rolname='notification_projection_owner_bridge' and g.rolname='postgres'
	          and not m.admin_option and not m.inherit_option and m.set_option)
	      or not exists(select 1 from pg_auth_members m
	        join pg_roles t on t.oid=m.roleid join pg_roles u on u.oid=m.member join pg_roles g on g.oid=m.grantor
	        where t.rolname='notification_projection_finalizer' and u.rolname='postgres'
	          and g.rolname='supabase_admin' and m.admin_option and not m.inherit_option and not m.set_option)
	    then raise exception 'Notification projection PostgreSQL 17 temporary role graph is invalid'; end if;
	  elsif server_major=18 then
	    if temporary_graph_count<>2 or app_graph_count<>1
	      or not exists(select 1 from pg_auth_members m
	        join pg_roles u on u.oid=m.member join pg_roles g on g.oid=m.grantor
	        where m.roleid='app_notification_worker'::regrole and u.rolname=current_user
	          and g.rolname=current_user and not m.admin_option and m.inherit_option and m.set_option)
	      or not exists(select 1 from pg_auth_members m
	        join pg_roles t on t.oid=m.roleid join pg_roles u on u.oid=m.member join pg_roles g on g.oid=m.grantor
	        where t.rolname='notification_projection_owner_bridge' and u.rolname=current_user
	          and g.rolname=current_user and not m.admin_option and m.inherit_option and m.set_option)
	      or not exists(select 1 from pg_auth_members m
	        join pg_roles t on t.oid=m.roleid join pg_roles u on u.oid=m.member join pg_roles g on g.oid=m.grantor
	        where t.rolname='notification_projection_finalizer'
	          and u.rolname='notification_projection_owner_bridge' and g.rolname=current_user
	          and not m.admin_option and not m.inherit_option and m.set_option)
	    then raise exception 'Notification projection PostgreSQL 18 temporary role graph is invalid'; end if;
	  else
	    raise exception 'Notification projection requires reviewed PostgreSQL 17 or 18';
	  end if;
	
	  create temporary table notification_projection_persistent_graph (
	    target text not null,member text not null,grantor text not null,
	    admin_option boolean not null,inherit_option boolean not null,set_option boolean not null,
	    primary key(target,member,grantor)
	  ) on commit drop;
	  insert into notification_projection_persistent_graph
	  select target.rolname,member.rolname,grantor.rolname,
	    membership.admin_option,membership.inherit_option,membership.set_option
	  from pg_auth_members membership
	  join pg_roles target on target.oid=membership.roleid
	  join pg_roles member on member.oid=membership.member
	  join pg_roles grantor on grantor.oid=membership.grantor
	  where (target.rolname='notification_projection_finalizer'
	      or member.rolname='notification_projection_finalizer')
	    and target.rolname<>'notification_projection_owner_bridge'
	    and member.rolname<>'notification_projection_owner_bridge';
	end $$;
	
	grant usage on schema public to app_notification_worker,notification_projection_finalizer;
	
	-- Add exact immutable routing and durable terminal-operation attribution.
	alter table public.notification_outbox disable trigger notification_outbox_transition;
	alter table public.notification_outbox
	  add column kind text,
	  add column schema_version integer,
	  add column terminal_owner_id uuid,
	  add column terminal_generation bigint;
	update public.notification_outbox o set kind=e.kind,schema_version=e.schema_version
	  from public.notification_events e
	  where e.organization_id=o.organization_id and e.id=o.event_id and e.catalog_revision=o.catalog_revision;
	do $$ begin
	  if exists(select 1 from public.notification_outbox where kind is null or schema_version is null) then
	    raise exception 'Notification projection routing backfill is incomplete';
	  end if;
	end $$;
	alter table public.notification_outbox
	  alter column kind set not null,
	  alter column schema_version set not null,
	  add constraint notification_outbox_kind_check
	    check(octet_length(kind) between 1 and 96 and kind ~ '^[a-z][a-z0-9_.]*$'),
	  add constraint notification_outbox_schema_version_check check(schema_version between 1 and 65535),
	  add constraint notification_outbox_terminal_identity_check check(
	    (state in ('pending','processing') and terminal_owner_id is null and terminal_generation is null)
	    or (state in ('projected','quarantined') and (
	      (terminal_owner_id is null and terminal_generation is null)
	      or (terminal_owner_id is not null and terminal_generation=generation and terminal_generation>0)
	    ))
	  );
	alter table public.notification_events
	  add constraint notification_events_projection_route_key
	  unique(organization_id,id,catalog_revision,kind,schema_version);
	alter table public.notification_outbox
	  drop constraint notification_outbox_organization_id_event_id_catalog_revis_fkey,
	  add constraint notification_outbox_projection_route_fkey
	    foreign key(organization_id,event_id,catalog_revision,kind,schema_version)
	    references public.notification_events(organization_id,id,catalog_revision,kind,schema_version)
	    on delete restrict;
	drop index public.notification_pending_claim_idx;
	drop index public.notification_expired_claim_idx;
	create index notification_pending_claim_idx on public.notification_outbox
	  (organization_id,catalog_revision collate "C",kind collate "C",schema_version,event_id)
	  where state='pending';
	create index notification_expired_claim_idx on public.notification_outbox
	  (organization_id,catalog_revision collate "C",kind collate "C",schema_version,lease_expires_at,event_id)
	  where state='processing';
	alter table public.notification_outbox drop constraint notification_outbox_quarantine_reason_check;
	alter table public.notification_outbox add constraint notification_outbox_quarantine_reason_check
	  check(quarantine_reason is null or (octet_length(quarantine_reason)<=32 and quarantine_reason in (
	    'payload_invalid','digest_mismatch','envelope_invalid','audience_overflow','subject_invalid',
	    'audience_authority_overflow','body_invalid','body_overflow','navigation_invalid')));
	
	create or replace function public.notification_event_enqueue() returns trigger
	language plpgsql security definer set search_path='' as $$
	begin
	  if tg_relid<>'public.notification_events'::regclass or tg_table_schema<>'public'
	    or tg_table_name<>'notification_events' or tg_op<>'INSERT' or tg_when<>'AFTER' then
	    raise exception 'Notification enqueue trigger source is invalid';
	  end if;
	  insert into public.notification_outbox(event_id,organization_id,catalog_revision,kind,schema_version)
	    values(new.id,new.organization_id,new.catalog_revision,new.kind,new.schema_version);
	  return new;
	end $$;
	
	create or replace function public.notification_outbox_transition_guard() returns trigger
	language plpgsql set search_path='' as $$
	declare now_at timestamptz:=clock_timestamp(); expected_owner text:=current_setting('app.notification_owner',true);
	  slice5_reason boolean;
	begin
	  if tg_op='DELETE' then raise exception 'Notification outbox retention is unavailable'; end if;
	  if tg_op='INSERT' then
	    if current_user<>'notification_event_trigger' or new.state<>'pending' or new.generation<>0 or new.claim_count<>0
	      or new.terminal_owner_id is not null or new.terminal_generation is not null then
	      raise exception 'Notification initial claim state is invalid';
	    end if;
	    return new;
	  end if;
	  if new.event_id is distinct from old.event_id or new.organization_id is distinct from old.organization_id
	    or new.catalog_revision is distinct from old.catalog_revision or new.kind is distinct from old.kind
	    or new.schema_version is distinct from old.schema_version
	    or old.state in ('projected','quarantined')
	    or old.terminal_owner_id is not null or old.terminal_generation is not null then
	    raise exception 'Notification claim transition is forbidden';
	  end if;
	  if current_user='notification_worker' then
	    if current_setting('app.notification_scope_mode',true)='projection_claim'
	      and (not exists(select 1 from public.notification_worker_runtime)
	        or not exists(select 1 from public.notification_org_control
	          where organization_id=new.organization_id)) then
	      raise exception 'Notification projection claim fence is unavailable';
	    end if;
	    if old.state='pending' or (old.state='processing' and old.lease_expires_at<=now_at) then
	      if new.state<>'processing' or new.lease_owner::text is distinct from expected_owner
	        or new.generation<>old.generation+1 or new.claim_count<>old.claim_count+1
	        or new.renewal_count<>0 or new.claimed_at is null or new.claimed_at>now_at
	        or new.claimed_at<statement_timestamp() or new.lease_expires_at<>new.claimed_at+interval '30 seconds'
	        or new.hard_deadline<>new.claimed_at+interval '60 seconds'
	        or new.terminal_owner_id is not null or new.terminal_generation is not null then
	        raise exception 'Notification claim admission is invalid';
	      end if;
	      return new;
	    end if;
	    if old.lease_owner::text is distinct from expected_owner
	      or old.generation::text is distinct from current_setting('app.notification_generation',true)
	      or old.lease_expires_at<=now_at or new.generation<>old.generation or new.claim_count<>old.claim_count then
	      raise exception 'Notification lease is stale';
	    end if;
	    if new.state='processing' then
	      if new.lease_owner<>old.lease_owner or new.claimed_at<>old.claimed_at or new.hard_deadline<>old.hard_deadline
	        or old.renewal_count<>0 or new.renewal_count<>1 or new.lease_expires_at<>old.hard_deadline
	        or new.terminal_owner_id is not null or new.terminal_generation is not null then
	        raise exception 'Notification renewal is invalid';
	      end if;
	      return new;
	    end if;
	    if new.state<>'quarantined' or new.quarantine_reason not in ('payload_invalid','digest_mismatch','envelope_invalid')
	      or new.completed_at is null or new.completed_at<statement_timestamp() or new.completed_at>now_at then
	      raise exception 'Notification settlement is invalid';
	    end if;
	    new.terminal_owner_id:=old.lease_owner;
	    new.terminal_generation:=old.generation;
	    return new;
	  end if;
	  if current_user<>'notification_projection_finalizer'
	    or old.state<>'processing' or old.lease_owner::text is distinct from expected_owner
	    or old.generation::text is distinct from current_setting('app.notification_generation',true)
	    or old.lease_expires_at<=now_at or new.generation<>old.generation or new.claim_count<>old.claim_count then
	    raise exception 'Notification projection transition is forbidden';
	  end if;
	  slice5_reason:=new.quarantine_reason in ('audience_overflow','subject_invalid','audience_authority_overflow',
	    'body_invalid','body_overflow','navigation_invalid');
	  if (new.state='projected' and new.quarantine_reason is not null)
	    or (new.state='quarantined' and not slice5_reason)
	    or new.state not in ('projected','quarantined')
	    or new.completed_at is null or new.completed_at<statement_timestamp() or new.completed_at>now_at
	    or new.lease_owner is not null or new.claimed_at is not null or new.hard_deadline is not null
	    or new.lease_expires_at is not null or new.renewal_count is not null then
	    raise exception 'Notification projection settlement is invalid';
	  end if;
	  new.terminal_owner_id:=old.lease_owner;
	  new.terminal_generation:=old.generation;
	  return new;
	end $$;
	alter table public.notification_outbox enable trigger notification_outbox_transition;
	
	-- Slice3 claim role can no longer synthesize successful projection.
	revoke update(state,completed_at,quarantine_reason,lease_owner,claimed_at,hard_deadline,
	  lease_expires_at,renewal_count) on public.notification_outbox from notification_worker;
	grant update(state,completed_at,quarantine_reason,lease_owner,claimed_at,hard_deadline,
	  lease_expires_at,renewal_count) on public.notification_outbox to notification_worker;
	
	create table public.notification_projection_receipts (
	  organization_id uuid not null,
	  event_id uuid not null,
	  catalog_revision text collate "C" not null,
	  kind text collate "C" not null,
	  schema_version integer not null,
	  projection_kind text not null check(projection_kind='inbox.v1'),
	  adapter_revision text not null check(octet_length(adapter_revision) between 1 and 64 and adapter_revision ~ '^[A-Za-z0-9][A-Za-z0-9._:+-]*$'),
	  claim_owner_id uuid not null,
	  claim_generation bigint not null check(claim_generation>0),
	  candidate_count integer not null check(candidate_count between 0 and 10000),
	  body_byte_total bigint not null check(body_byte_total between 0 and 81920000),
	  candidate_set_sha256 text not null check(candidate_set_sha256 ~ '^[a-f0-9]{64}$'),
	  created_at timestamptz not null default clock_timestamp() check(isfinite(created_at)),
	  finalized_at timestamptz check(isfinite(finalized_at)),
	  primary key(organization_id,event_id,projection_kind),
	  foreign key(organization_id,event_id,catalog_revision,kind,schema_version)
	    references public.notification_events(organization_id,id,catalog_revision,kind,schema_version) on delete restrict
	);
	
	create table public.notification_audience_candidates (
	  id uuid primary key default gen_random_uuid(),
	  organization_id uuid not null,
	  event_id uuid not null,
	  projection_kind text not null check(projection_kind='inbox.v1'),
	  recipient_profile_id uuid not null references public.profiles(id) on delete cascade,
	  audience_mode text not null check(audience_mode in ('users_manage','join_applicant')),
	  adapter_revision text not null check(octet_length(adapter_revision) between 1 and 64 and adapter_revision ~ '^[A-Za-z0-9][A-Za-z0-9._:+-]*$'),
	  authority_sha256 text not null check(authority_sha256 ~ '^[a-f0-9]{64}$'),
	  template_key text check(template_key is null or (octet_length(template_key) between 1 and 96 and template_key ~ '^[a-z][a-z0-9_.]*$')),
	  template_revision text not null check(octet_length(template_revision) between 1 and 64 and template_revision ~ '^[A-Za-z0-9][A-Za-z0-9._:+-]*$'),
	  template_sha256 text not null check(template_sha256 ~ '^[a-f0-9]{64}$'),
	  parameters_canonical text check(parameters_canonical is null or (octet_length(parameters_canonical)<=1024 and jsonb_typeof(parameters_canonical::jsonb)='object')),
	  navigation_id text check(navigation_id is null or (octet_length(navigation_id) between 1 and 64 and navigation_id ~ '^[a-z][a-z0-9_.]*$')),
	  body_sha256 text not null check(body_sha256 ~ '^[a-f0-9]{64}$'),
	  body_byte_count integer not null check(body_byte_count between 0 and 8192),
	  candidate_sha256 text not null check(candidate_sha256 ~ '^[a-f0-9]{64}$'),
	  state text not null default 'ready' check(state in ('ready','cancelled')),
	  created_at timestamptz not null default clock_timestamp() check(isfinite(created_at)),
	  cancelled_at timestamptz check(isfinite(cancelled_at)),
	  cancellation_reason text check(cancellation_reason in ('membership_revoked','capability_revoked','subject_changed',
	    'field_scope_changed','organization_inactive','authority_changed')),
	  foreign key(organization_id,event_id,projection_kind)
	    references public.notification_projection_receipts(organization_id,event_id,projection_kind) on delete restrict,
	  unique(organization_id,event_id,recipient_profile_id,projection_kind),
	  check((state='ready' and template_key is not null and parameters_canonical is not null and navigation_id is not null
	      and cancelled_at is null and cancellation_reason is null)
	    or (state='cancelled' and template_key is null and parameters_canonical is null and navigation_id is null
	      and cancelled_at is not null and cancellation_reason is not null))
	);
	create index notification_candidate_recipient_idx on public.notification_audience_candidates
	  (organization_id,recipient_profile_id,state,id);
	create index notification_candidate_event_idx on public.notification_audience_candidates
	  (organization_id,event_id,projection_kind,recipient_profile_id,candidate_sha256);
	
	alter table public.notification_projection_receipts enable row level security;
	alter table public.notification_projection_receipts force row level security;
	alter table public.notification_audience_candidates enable row level security;
	alter table public.notification_audience_candidates force row level security;
	
	create function public.notification_candidate_digest(
	  organization_id uuid,event_id uuid,projection_kind text,recipient_profile_id uuid,
	  audience_mode text,adapter_revision text,authority_sha256 text,template_key text,
	  template_revision text,template_sha256 text,parameters_canonical text,navigation_id text,
	  body_sha256 text,body_byte_count integer
	) returns text
	language sql immutable strict set search_path='' as $$
	  select encode(sha256(convert_to(jsonb_build_array(
	    organization_id::text,event_id::text,projection_kind,recipient_profile_id::text,
	    audience_mode,adapter_revision,authority_sha256,template_key,template_revision,
	    template_sha256,parameters_canonical,navigation_id,body_sha256,body_byte_count
	  )::text,'UTF8')),'hex')
	$$;
	
	create function public.notification_projection_receipt_guard() returns trigger
	language plpgsql set search_path='' as $$
	declare expected_at timestamptz;
	begin
	  if tg_op='DELETE' then raise exception 'Notification projection receipt retention is unavailable'; end if;
	  if tg_op='INSERT' then
	    if current_user<>'app_notification_worker' or new.finalized_at is not null then
	      raise exception 'Notification projection receipt admission is invalid';
	    end if;
	    new.created_at:=clock_timestamp();
	    return new;
	  end if;
	  if current_user<>'notification_projection_finalizer' or old.finalized_at is not null
	    or new.finalized_at is null
	    or (to_jsonb(new)-'finalized_at') is distinct from (to_jsonb(old)-'finalized_at') then
	    raise exception 'Notification projection receipt is immutable';
	  end if;
	  begin expected_at:=current_setting('app.notification_finalized_at',true)::timestamptz;
	  exception when others then raise exception 'Notification projection receipt finalization is invalid'; end;
	  if new.finalized_at is distinct from expected_at or new.finalized_at<statement_timestamp()
	    or new.finalized_at>clock_timestamp() then
	    raise exception 'Notification projection receipt finalization is invalid';
	  end if;
	  return new;
	end $$;
	create trigger notification_projection_receipt_guard
	  before insert or update or delete on public.notification_projection_receipts
	  for each row execute function public.notification_projection_receipt_guard();
	
	create function public.notification_candidate_guard() returns trigger
	language plpgsql set search_path='' as $$
	begin
	  if tg_op='INSERT' then
	    if current_user<>'app_notification_worker' or new.state<>'ready'
	      or new.candidate_sha256 is distinct from public.notification_candidate_digest(
	        new.organization_id,new.event_id,new.projection_kind,new.recipient_profile_id,
	        new.audience_mode,new.adapter_revision,new.authority_sha256,new.template_key,
	        new.template_revision,new.template_sha256,new.parameters_canonical,new.navigation_id,
	        new.body_sha256,new.body_byte_count) then
	      raise exception 'Notification candidate admission is invalid';
	    end if;
	    new.created_at:=clock_timestamp();
	    return new;
	  end if;
	  if tg_op<>'UPDATE' or current_user<>'app_notification_worker' or old.state<>'ready'
	    or new.state<>'cancelled' or new.cancelled_at is null
	    or new.cancelled_at<statement_timestamp() or new.cancelled_at>clock_timestamp()
	    or new.cancellation_reason not in ('membership_revoked','capability_revoked','subject_changed',
	      'field_scope_changed','organization_inactive','authority_changed')
	    or new.template_key is not null or new.parameters_canonical is not null or new.navigation_id is not null
	    or (to_jsonb(new)-array['state','cancelled_at','cancellation_reason','template_key','parameters_canonical','navigation_id'])
	       is distinct from
	       (to_jsonb(old)-array['state','cancelled_at','cancellation_reason','template_key','parameters_canonical','navigation_id']) then
	    raise exception 'Notification candidate transition is forbidden';
	  end if;
	  return new;
	end $$;
	create trigger notification_candidate_transition before insert or update on public.notification_audience_candidates
	  for each row execute function public.notification_candidate_guard();
	
	-- Projection application scope. Every equality is text-to-text so malformed
	-- custom settings produce no row rather than reaching an unsafe cast.
	create policy notification_projection_runtime_select on public.notification_worker_runtime
	  for select to app_notification_worker using(
	    current_setting('app.notification_scope_mode',true)='projection' and singleton and schema_version=1
	    and owner_id::text=current_setting('app.notification_runtime_owner',true)
	    and generation::text=current_setting('app.notification_runtime_generation',true)
	    and build_sha=current_setting('app.notification_build_sha',true)
	    and catalog_revision=current_setting('app.notification_catalog_revision',true)
	    and catalog_sha256=current_setting('app.notification_catalog_sha256',true)
	    and projector_revision=current_setting('app.notification_projector_revision',true)
	    and projector_sha256=current_setting('app.notification_projector_sha256',true)
	    and lease_expires_at>clock_timestamp());
	create policy notification_projection_org_select on public.notification_org_control
	  for select to app_notification_worker using(
	    current_setting('app.notification_scope_mode',true)='projection'
	    and organization_id::text=current_setting('app.current_org_id',true) and state='running'
	    and owner_id::text=current_setting('app.notification_runtime_owner',true)
	    and generation::text=current_setting('app.notification_org_generation',true)
	    and lease_expires_at>clock_timestamp() and hard_deadline>clock_timestamp());
	create policy notification_projection_claim_runtime_select on public.notification_worker_runtime
	  for select to notification_worker using(
	    current_setting('app.notification_scope_mode',true)='projection_claim' and singleton and schema_version=1
	    and owner_id::text=current_setting('app.notification_runtime_owner',true)
	    and generation::text=current_setting('app.notification_runtime_generation',true)
	    and build_sha=current_setting('app.notification_build_sha',true)
	    and catalog_revision=current_setting('app.notification_catalog_revision',true)
	    and catalog_sha256=current_setting('app.notification_catalog_sha256',true)
	    and projector_revision=current_setting('app.notification_projector_revision',true)
	    and projector_sha256=current_setting('app.notification_projector_sha256',true)
	    and lease_expires_at>clock_timestamp());
	create policy notification_projection_claim_org_select on public.notification_org_control
	  for select to notification_worker using(
	    current_setting('app.notification_scope_mode',true)='projection_claim'
	    and organization_id::text=current_setting('app.current_org_id',true) and state='running'
	    and owner_id::text=current_setting('app.notification_runtime_owner',true)
	    and generation::text=current_setting('app.notification_org_generation',true)
	    and lease_expires_at>clock_timestamp() and hard_deadline>clock_timestamp());
	create policy notification_projection_outbox_select on public.notification_outbox
	  for select to app_notification_worker using(
	    current_setting('app.notification_scope_mode',true)='projection'
	    and organization_id::text=current_setting('app.current_org_id',true)
	    and event_id::text=current_setting('app.notification_event_id',true)
	    and state='processing' and lease_owner::text=current_setting('app.notification_owner',true)
	    and generation::text=current_setting('app.notification_generation',true)
	    and lease_expires_at>clock_timestamp()
	    and exists(select 1 from public.notification_worker_runtime)
	    and exists(select 1 from public.notification_org_control));
	create policy notification_projection_event_select on public.notification_events
	  for select to app_notification_worker using(
	    (current_setting('app.notification_scope_mode',true)='projection'
	      and organization_id::text=current_setting('app.current_org_id',true)
	      and id::text=current_setting('app.notification_event_id',true)
	      and exists(select 1 from public.notification_outbox o where o.organization_id=notification_events.organization_id
	        and o.event_id=notification_events.id and o.catalog_revision=notification_events.catalog_revision
	        and o.kind=notification_events.kind and o.schema_version=notification_events.schema_version))
	    or
	    (current_setting('app.notification_scope_mode',true)='revalidation'
	      and organization_id::text=current_setting('app.current_org_id',true)
	      and exists(select 1 from public.notification_projection_receipts r
	        join public.notification_audience_candidates c using(organization_id,event_id,projection_kind)
	        where r.organization_id=notification_events.organization_id and r.event_id=notification_events.id
	          and c.id::text=current_setting('app.notification_candidate_id',true)
	          and c.recipient_profile_id::text=current_setting('app.notification_recipient_profile_id',true)
	          and c.authority_sha256=current_setting('app.notification_authority_sha256',true)
	          and c.state='ready')));
	
	create policy notification_projection_receipt_insert on public.notification_projection_receipts
	  for insert to app_notification_worker with check(
	    current_setting('app.notification_scope_mode',true)='projection'
	    and organization_id::text=current_setting('app.current_org_id',true)
	    and event_id::text=current_setting('app.notification_event_id',true)
	    and claim_owner_id::text=current_setting('app.notification_owner',true)
	    and claim_generation::text=current_setting('app.notification_generation',true)
	    and finalized_at is null
	    and exists(select 1 from public.notification_outbox o where o.organization_id=notification_projection_receipts.organization_id
	      and o.event_id=notification_projection_receipts.event_id and o.catalog_revision=notification_projection_receipts.catalog_revision
	      and o.kind=notification_projection_receipts.kind and o.schema_version=notification_projection_receipts.schema_version));
	create policy notification_projection_receipt_revalidate on public.notification_projection_receipts
	  for select to app_notification_worker using(
	    current_setting('app.notification_scope_mode',true)='revalidation'
	    and organization_id::text=current_setting('app.current_org_id',true)
	    and exists(select 1 from public.notification_audience_candidates c
	      where c.organization_id=notification_projection_receipts.organization_id
	        and c.event_id=notification_projection_receipts.event_id
	        and c.projection_kind=notification_projection_receipts.projection_kind
	        and c.id::text=current_setting('app.notification_candidate_id',true)
	        and c.recipient_profile_id::text=current_setting('app.notification_recipient_profile_id',true)
	        and c.authority_sha256=current_setting('app.notification_authority_sha256',true)
	        and c.state='ready'));
	create policy notification_projection_receipt_live_select on public.notification_projection_receipts
	  for select to app_notification_worker using(
	    current_setting('app.notification_scope_mode',true)='projection'
	    and organization_id::text=current_setting('app.current_org_id',true)
	    and event_id::text=current_setting('app.notification_event_id',true)
	    and claim_owner_id::text=current_setting('app.notification_owner',true)
	    and claim_generation::text=current_setting('app.notification_generation',true)
	    and finalized_at is null);
	create policy notification_projection_candidate_insert on public.notification_audience_candidates
	  for insert to app_notification_worker with check(
	    current_setting('app.notification_scope_mode',true)='projection'
	    and organization_id::text=current_setting('app.current_org_id',true)
	    and event_id::text=current_setting('app.notification_event_id',true)
	    and state='ready'
	    and exists(select 1 from public.notification_projection_receipts r
	      where r.organization_id=notification_audience_candidates.organization_id
	        and r.event_id=notification_audience_candidates.event_id
	        and r.projection_kind=notification_audience_candidates.projection_kind
	        and r.claim_owner_id::text=current_setting('app.notification_owner',true)
	        and r.claim_generation::text=current_setting('app.notification_generation',true)
	        and r.finalized_at is null));
	create policy notification_projection_candidate_revalidate_select on public.notification_audience_candidates
	  for select to app_notification_worker using(
	    current_setting('app.notification_scope_mode',true)='revalidation'
	    and organization_id::text=current_setting('app.current_org_id',true)
	    and id::text=current_setting('app.notification_candidate_id',true)
	    and recipient_profile_id::text=current_setting('app.notification_recipient_profile_id',true)
	    and authority_sha256=current_setting('app.notification_authority_sha256',true)
	    and state='ready');
	create policy notification_projection_candidate_revalidate_update on public.notification_audience_candidates
	  for update to app_notification_worker
	  using(current_setting('app.notification_scope_mode',true)='revalidation'
	    and organization_id::text=current_setting('app.current_org_id',true)
	    and id::text=current_setting('app.notification_candidate_id',true)
	    and recipient_profile_id::text=current_setting('app.notification_recipient_profile_id',true)
	    and authority_sha256=current_setting('app.notification_authority_sha256',true) and state='ready')
	  with check(current_setting('app.notification_scope_mode',true)='revalidation'
	    and organization_id::text=current_setting('app.current_org_id',true)
	    and id::text=current_setting('app.notification_candidate_id',true)
	    and recipient_profile_id::text=current_setting('app.notification_recipient_profile_id',true)
	    and authority_sha256=current_setting('app.notification_authority_sha256',true) and state='cancelled');
	
	create function public.notification_projection_source_fence(expected_org uuid) returns boolean
	language sql volatile set search_path='' as $$
	  select case current_setting('app.notification_scope_mode',true)
	    when 'projection' then expected_org::text=current_setting('app.current_org_id',true)
	      and exists(select 1 from public.notification_worker_runtime)
	      and exists(select 1 from public.notification_org_control where organization_id=expected_org)
	      and exists(select 1 from public.notification_outbox where organization_id=expected_org)
	    when 'revalidation' then expected_org::text=current_setting('app.current_org_id',true)
	      and exists(select 1 from public.notification_audience_candidates c
	        where c.organization_id=expected_org
	          and c.id::text=current_setting('app.notification_candidate_id',true)
	          and c.recipient_profile_id::text=current_setting('app.notification_recipient_profile_id',true)
	          and c.authority_sha256=current_setting('app.notification_authority_sha256',true)
	          and c.state='ready')
	    else false end
	$$;
	
	-- Final publication is the only operation that takes all three authority locks.
	create policy notification_finalizer_runtime_select on public.notification_worker_runtime
	  for select to notification_projection_finalizer using(
	    current_setting('app.notification_scope_mode',true)='projection' and singleton and schema_version=1
	    and owner_id::text=current_setting('app.notification_runtime_owner',true)
	    and generation::text=current_setting('app.notification_runtime_generation',true)
	    and build_sha=current_setting('app.notification_build_sha',true)
	    and catalog_revision=current_setting('app.notification_catalog_revision',true)
	    and catalog_sha256=current_setting('app.notification_catalog_sha256',true)
	    and projector_revision=current_setting('app.notification_projector_revision',true)
	    and projector_sha256=current_setting('app.notification_projector_sha256',true));
	create policy notification_finalizer_runtime_update on public.notification_worker_runtime
	  for update to notification_projection_finalizer
	  using(current_setting('app.notification_scope_mode',true)='projection' and singleton and schema_version=1
	    and owner_id::text=current_setting('app.notification_runtime_owner',true)
	    and generation::text=current_setting('app.notification_runtime_generation',true)
	    and build_sha=current_setting('app.notification_build_sha',true)
	    and catalog_revision=current_setting('app.notification_catalog_revision',true)
	    and catalog_sha256=current_setting('app.notification_catalog_sha256',true)
	    and projector_revision=current_setting('app.notification_projector_revision',true)
	    and projector_sha256=current_setting('app.notification_projector_sha256',true))
	  with check(singleton and schema_version=1
	    and owner_id::text=current_setting('app.notification_runtime_owner',true)
	    and generation::text=current_setting('app.notification_runtime_generation',true));
	create policy notification_finalizer_org_select on public.notification_org_control
	  for select to notification_projection_finalizer using(
	    current_setting('app.notification_scope_mode',true)='projection'
	    and organization_id::text=current_setting('app.current_org_id',true) and state='running'
	    and owner_id::text=current_setting('app.notification_runtime_owner',true)
	    and generation::text=current_setting('app.notification_org_generation',true));
	create policy notification_finalizer_org_update on public.notification_org_control
	  for update to notification_projection_finalizer
	  using(current_setting('app.notification_scope_mode',true)='projection'
	    and organization_id::text=current_setting('app.current_org_id',true) and state='running'
	    and owner_id::text=current_setting('app.notification_runtime_owner',true)
	    and generation::text=current_setting('app.notification_org_generation',true))
	  with check(organization_id::text=current_setting('app.current_org_id',true) and state='running'
	    and owner_id::text=current_setting('app.notification_runtime_owner',true)
	    and generation::text=current_setting('app.notification_org_generation',true));
	create policy notification_finalizer_outbox_select on public.notification_outbox
	  for select to notification_projection_finalizer using(
	    (current_setting('app.notification_scope_mode',true)='projection'
	      and organization_id::text=current_setting('app.current_org_id',true)
	      and event_id::text=current_setting('app.notification_event_id',true)
	      and catalog_revision=current_setting('app.notification_event_catalog_revision',true)
	      and kind=current_setting('app.notification_event_kind',true)
	      and schema_version::text=current_setting('app.notification_event_schema_version',true)
	      and state='processing' and lease_owner::text=current_setting('app.notification_owner',true)
	      and generation::text=current_setting('app.notification_generation',true))
	    or (current_setting('app.notification_scope_mode',true)='projection_reconcile'
	      and organization_id::text=current_setting('app.current_org_id',true)
	      and event_id::text=current_setting('app.notification_event_id',true)
	      and catalog_revision=current_setting('app.notification_event_catalog_revision',true)
	      and kind=current_setting('app.notification_event_kind',true)
	      and schema_version::text=current_setting('app.notification_event_schema_version',true))
	    or (current_setting('app.notification_scope_mode',true)='projection_commit_guard'
	      and organization_id::text=current_setting('app.current_org_id',true)
	      and event_id::text=current_setting('app.notification_event_id',true)
	      and catalog_revision=current_setting('app.notification_event_catalog_revision',true)
	      and kind=current_setting('app.notification_event_kind',true)
	      and schema_version::text=current_setting('app.notification_event_schema_version',true)
	      and state='projected'
	      and terminal_owner_id::text=current_setting('app.notification_owner',true)
	      and terminal_generation::text=current_setting('app.notification_generation',true)));
	create policy notification_finalizer_outbox_update on public.notification_outbox
	  for update to notification_projection_finalizer
	  using(current_setting('app.notification_scope_mode',true)='projection'
	    and organization_id::text=current_setting('app.current_org_id',true)
	    and event_id::text=current_setting('app.notification_event_id',true)
	    and catalog_revision=current_setting('app.notification_event_catalog_revision',true)
	    and kind=current_setting('app.notification_event_kind',true)
	    and schema_version::text=current_setting('app.notification_event_schema_version',true)
	    and state='processing' and lease_owner::text=current_setting('app.notification_owner',true)
	    and generation::text=current_setting('app.notification_generation',true))
	  with check(organization_id::text=current_setting('app.current_org_id',true)
	    and event_id::text=current_setting('app.notification_event_id',true)
	    and catalog_revision=current_setting('app.notification_event_catalog_revision',true)
	    and kind=current_setting('app.notification_event_kind',true)
	    and schema_version::text=current_setting('app.notification_event_schema_version',true)
	    and state in ('projected','quarantined')
	    and terminal_owner_id::text=current_setting('app.notification_owner',true)
	    and terminal_generation::text=current_setting('app.notification_generation',true));
	create policy notification_finalizer_receipt_select on public.notification_projection_receipts
	  for select to notification_projection_finalizer using(
	    organization_id::text=current_setting('app.current_org_id',true)
	    and event_id::text=current_setting('app.notification_event_id',true)
	    and catalog_revision=current_setting('app.notification_event_catalog_revision',true)
	    and kind=current_setting('app.notification_event_kind',true)
	    and schema_version::text=current_setting('app.notification_event_schema_version',true)
	    and projection_kind=current_setting('app.notification_projection_kind',true)
	    and claim_owner_id::text=current_setting('app.notification_owner',true)
	    and claim_generation::text=current_setting('app.notification_generation',true)
	    and ((current_setting('app.notification_scope_mode',true)='projection' and finalized_at is null)
	      or current_setting('app.notification_scope_mode',true) in ('projection_reconcile','projection_commit_guard')));
	create policy notification_finalizer_receipt_update on public.notification_projection_receipts
	  for update to notification_projection_finalizer
	  using(current_setting('app.notification_scope_mode',true)='projection'
	    and organization_id::text=current_setting('app.current_org_id',true)
	    and event_id::text=current_setting('app.notification_event_id',true)
	    and projection_kind=current_setting('app.notification_projection_kind',true)
	    and claim_owner_id::text=current_setting('app.notification_owner',true)
	    and claim_generation::text=current_setting('app.notification_generation',true)
	    and finalized_at is null)
	  with check(organization_id::text=current_setting('app.current_org_id',true)
	    and event_id::text=current_setting('app.notification_event_id',true)
	    and projection_kind=current_setting('app.notification_projection_kind',true)
	    and claim_owner_id::text=current_setting('app.notification_owner',true)
	    and claim_generation::text=current_setting('app.notification_generation',true)
	    and finalized_at is not null);
	create policy notification_finalizer_candidate_select on public.notification_audience_candidates
	  for select to notification_projection_finalizer using(
	    current_setting('app.notification_scope_mode',true)='projection'
	    and organization_id::text=current_setting('app.current_org_id',true)
	    and event_id::text=current_setting('app.notification_event_id',true)
	    and projection_kind=current_setting('app.notification_projection_kind',true));
	
	create function public.notification_finalize_audience(outcome text) returns boolean
	language plpgsql volatile security definer set search_path='' as $$
	declare runtime_row record; org_row record; outbox_row record; receipt_row record; aggregate_row record;
	  now_at timestamptz; updated integer; quarantine_reason text;
	begin
	  if outcome is null or outcome<>lower(outcome) or octet_length(outcome)>32
	    or outcome not in ('projected','audience_overflow','subject_invalid','audience_authority_overflow',
	      'body_invalid','body_overflow','navigation_invalid')
	    or current_setting('app.notification_scope_mode',true)<>'projection' then return false; end if;
	  select lease_expires_at into runtime_row from public.notification_worker_runtime
	    where singleton and schema_version=1 for update;
	  if not found then return false; end if;
	  select lease_expires_at,hard_deadline into org_row from public.notification_org_control
	    where organization_id::text=current_setting('app.current_org_id',true) for update;
	  if not found then return false; end if;
	  select organization_id,event_id,catalog_revision,kind,schema_version,state,lease_owner,generation,
	      lease_expires_at,hard_deadline into outbox_row from public.notification_outbox
	    where organization_id::text=current_setting('app.current_org_id',true)
	      and event_id::text=current_setting('app.notification_event_id',true) for update;
	  if not found then return false; end if;
	  now_at:=clock_timestamp();
	  if runtime_row.lease_expires_at<=now_at+interval '3 seconds'
	    or org_row.lease_expires_at<=now_at+interval '3 seconds'
	    or org_row.hard_deadline<=now_at+interval '3 seconds'
	    or outbox_row.lease_expires_at<=now_at+interval '3 seconds'
	    or outbox_row.hard_deadline<=now_at+interval '3 seconds' then return false; end if;
	
	  select count(*)::integer as candidate_count,coalesce(sum(body_byte_count),0)::bigint as body_bytes,
	    encode(sha256(convert_to('['||coalesce(string_agg(to_json(candidate_sha256)::text,','
	      order by recipient_profile_id::text collate "C",candidate_sha256 collate "C"),'')||']','UTF8')),'hex') as set_sha
	    into aggregate_row from public.notification_audience_candidates
	    where organization_id=outbox_row.organization_id and event_id=outbox_row.event_id
	      and projection_kind=current_setting('app.notification_projection_kind',true);
	  select claim_owner_id,claim_generation,candidate_count,body_byte_total,candidate_set_sha256,finalized_at
	    into receipt_row from public.notification_projection_receipts
	    where organization_id=outbox_row.organization_id and event_id=outbox_row.event_id
	      and projection_kind=current_setting('app.notification_projection_kind',true);
	  if outcome='projected' then
	    if receipt_row is null or receipt_row.finalized_at is not null
	      or receipt_row.claim_owner_id is distinct from outbox_row.lease_owner
	      or receipt_row.claim_generation is distinct from outbox_row.generation
	      or receipt_row.candidate_count is distinct from aggregate_row.candidate_count
	      or receipt_row.body_byte_total is distinct from aggregate_row.body_bytes
	      or receipt_row.candidate_set_sha256 is distinct from aggregate_row.set_sha then return false; end if;
	    perform set_config('app.notification_finalized_at',now_at::text,true);
	    update public.notification_projection_receipts set finalized_at=now_at
	      where organization_id=outbox_row.organization_id and event_id=outbox_row.event_id
	        and projection_kind=current_setting('app.notification_projection_kind',true) and finalized_at is null;
	    get diagnostics updated=row_count;
	    if updated<>1 then return false; end if;
	    quarantine_reason:=null;
	  else
	    if receipt_row is not null or aggregate_row.candidate_count<>0 then return false; end if;
	    quarantine_reason:=outcome;
	  end if;
	  update public.notification_outbox set state=case when outcome='projected' then 'projected' else 'quarantined' end,
	    completed_at=now_at,quarantine_reason=quarantine_reason,lease_owner=null,claimed_at=null,
	    hard_deadline=null,lease_expires_at=null,renewal_count=null,
	    terminal_owner_id=outbox_row.lease_owner,terminal_generation=outbox_row.generation
	    where organization_id=outbox_row.organization_id and event_id=outbox_row.event_id
	      and state='processing' and generation=outbox_row.generation;
	  get diagnostics updated=row_count;
	  return updated=1;
	end $$;
	
	create function public.notification_observe_audience() returns text
	language plpgsql volatile security definer set search_path='' as $$
	declare outbox_row record; receipt_row record;
	begin
	  if current_setting('app.notification_scope_mode',true)<>'projection_reconcile' then return 'absent'; end if;
	  select organization_id,event_id,catalog_revision,kind,schema_version,state,lease_owner,generation,
	      terminal_owner_id,terminal_generation into outbox_row from public.notification_outbox
	    where organization_id::text=current_setting('app.current_org_id',true)
	      and event_id::text=current_setting('app.notification_event_id',true)
	      and catalog_revision=current_setting('app.notification_event_catalog_revision',true)
	      and kind=current_setting('app.notification_event_kind',true)
	      and schema_version::text=current_setting('app.notification_event_schema_version',true);
	  if not found then return 'absent'; end if;
	  select claim_owner_id,claim_generation,finalized_at into receipt_row
	    from public.notification_projection_receipts
	    where organization_id=outbox_row.organization_id and event_id=outbox_row.event_id
	      and projection_kind=current_setting('app.notification_projection_kind',true);
	  if (outbox_row.terminal_owner_id is null)<>(outbox_row.terminal_generation is null) then return 'integrity_failed'; end if;
	  if outbox_row.state='pending' then
	    if receipt_row is not null then return 'integrity_failed'; end if;
	    return 'pending';
	  end if;
	  if outbox_row.state='processing' then
	    if receipt_row is not null and receipt_row.finalized_at is not null then return 'integrity_failed'; end if;
	    if outbox_row.lease_owner::text=current_setting('app.notification_owner',true)
	      and outbox_row.generation::text=current_setting('app.notification_generation',true) then
	      return 'same_generation_processing';
	    end if;
	    return 'superseded';
	  end if;
	  if outbox_row.terminal_owner_id is null then return 'terminal_unattributed'; end if;
	  if outbox_row.terminal_owner_id::text<>current_setting('app.notification_owner',true)
	    or outbox_row.terminal_generation::text<>current_setting('app.notification_generation',true) then
	    return 'superseded';
	  end if;
	  if outbox_row.state='quarantined' then
	    if receipt_row is not null and receipt_row.finalized_at is not null then return 'integrity_failed'; end if;
	    return 'quarantined';
	  end if;
	  if outbox_row.state='projected' then
	    if receipt_row is null or receipt_row.finalized_at is null
	      or receipt_row.claim_owner_id is distinct from outbox_row.terminal_owner_id
	      or receipt_row.claim_generation is distinct from outbox_row.terminal_generation then
	      return 'integrity_failed';
	    end if;
	    return 'committed';
	  end if;
	  return 'integrity_failed';
	end $$;
	
	create function public.notification_projection_commit_guard() returns trigger
	language plpgsql volatile security definer set search_path='' as $$
	declare valid boolean;
	begin
	  if tg_relid<>'public.notification_projection_receipts'::regclass
	    or tg_op<>'INSERT' or tg_when<>'AFTER'
	    or tg_name<>'notification_projection_receipt_commit_guard' or tg_nargs<>0 then
	    raise exception 'Notification projection commit guard source is invalid';
	  end if;
	  perform set_config('app.notification_scope_mode','projection_commit_guard',true);
	  perform set_config('app.current_org_id',new.organization_id::text,true);
	  perform set_config('app.notification_event_id',new.event_id::text,true);
	  perform set_config('app.notification_event_catalog_revision',new.catalog_revision,true);
	  perform set_config('app.notification_event_kind',new.kind,true);
	  perform set_config('app.notification_event_schema_version',new.schema_version::text,true);
	  perform set_config('app.notification_projection_kind',new.projection_kind,true);
	  perform set_config('app.notification_owner',new.claim_owner_id::text,true);
	  perform set_config('app.notification_generation',new.claim_generation::text,true);
	  select exists(
	    select 1 from public.notification_projection_receipts r
	    join public.notification_outbox o using(organization_id,event_id,catalog_revision,kind,schema_version)
	    where r.organization_id=new.organization_id and r.event_id=new.event_id
	      and r.projection_kind=new.projection_kind and r.adapter_revision=new.adapter_revision
	      and r.claim_owner_id=new.claim_owner_id and r.claim_generation=new.claim_generation
	      and r.candidate_count=new.candidate_count and r.body_byte_total=new.body_byte_total
	      and r.candidate_set_sha256=new.candidate_set_sha256 and r.created_at=new.created_at
	      and r.finalized_at is not null and o.state='projected'
	      and o.terminal_owner_id=r.claim_owner_id and o.terminal_generation=r.claim_generation
	      and clock_timestamp()<=r.finalized_at+interval '3 seconds'
	  ) into valid;
	  if not valid then raise exception 'Notification projection commit is incomplete'; end if;
	  return new;
	end $$;
	
	create constraint trigger notification_projection_receipt_commit_guard
	  after insert on public.notification_projection_receipts deferrable initially deferred
	  for each row execute function public.notification_projection_commit_guard();
	
	-- Strip default relation and function ACLs before installing the finite grants.
	do $$
	declare role_row record; relation_name text; signature text;
	begin
	  foreach relation_name in array array['notification_projection_receipts','notification_audience_candidates'] loop
	    execute format('revoke all on table public.%I from public',relation_name);
	    for role_row in select rolname from pg_roles where rolname<>current_user loop
	      execute format('revoke all on table public.%I from %I',relation_name,role_row.rolname);
	    end loop;
	  end loop;
	  foreach signature in array array[
	    'public.notification_candidate_digest(uuid,uuid,text,uuid,text,text,text,text,text,text,text,text,text,integer)',
	    'public.notification_projection_receipt_guard()',
	    'public.notification_candidate_guard()',
	    'public.notification_projection_source_fence(uuid)',
	    'public.notification_finalize_audience(text)',
	    'public.notification_observe_audience()',
	    'public.notification_projection_commit_guard()'] loop
	    execute format('revoke all on function %s from public',signature);
	    for role_row in select rolname from pg_roles where rolname<>current_user loop
	      execute format('revoke all on function %s from %I',signature,role_row.rolname);
	    end loop;
	  end loop;
	end $$;
	
	grant select(singleton,schema_version,owner_id,generation,lease_expires_at,build_sha,catalog_revision,
	  catalog_sha256,projector_revision,projector_sha256) on public.notification_worker_runtime to app_notification_worker;
	grant select(organization_id,state,owner_id,generation,lease_expires_at,hard_deadline)
	  on public.notification_org_control to app_notification_worker;
	grant select(event_id,organization_id,catalog_revision,kind,schema_version,state,lease_owner,generation,
	  claimed_at,hard_deadline,lease_expires_at,renewal_count,terminal_owner_id,terminal_generation)
	  on public.notification_outbox to app_notification_worker;
	grant select(id,organization_id,kind,schema_version,catalog_revision,producer_id,subject_type,subject_id,
	  subject_revision,source_identity,occurred_at,dedupe_key,payload_canonical,payload_sha256,semantic_sha256)
	  on public.notification_events to app_notification_worker;
	grant insert(organization_id,event_id,catalog_revision,kind,schema_version,projection_kind,adapter_revision,
	  claim_owner_id,claim_generation,candidate_count,body_byte_total,candidate_set_sha256)
	  on public.notification_projection_receipts to app_notification_worker;
	grant select(organization_id,event_id,catalog_revision,kind,schema_version,projection_kind,adapter_revision,
	  claim_owner_id,claim_generation,candidate_count,body_byte_total,candidate_set_sha256,created_at,finalized_at)
	  on public.notification_projection_receipts to app_notification_worker;
	grant insert(organization_id,event_id,projection_kind,recipient_profile_id,audience_mode,adapter_revision,
	  authority_sha256,template_key,template_revision,template_sha256,parameters_canonical,navigation_id,
	  body_sha256,body_byte_count,candidate_sha256)
	  on public.notification_audience_candidates to app_notification_worker;
	grant select(id,organization_id,event_id,projection_kind,recipient_profile_id,audience_mode,adapter_revision,
	  authority_sha256,template_key,template_revision,template_sha256,parameters_canonical,navigation_id,
	  body_sha256,body_byte_count,candidate_sha256,state,created_at,cancelled_at,cancellation_reason)
	  on public.notification_audience_candidates to app_notification_worker;
	grant update(state,cancelled_at,cancellation_reason,template_key,parameters_canonical,navigation_id)
	  on public.notification_audience_candidates to app_notification_worker;
	grant select(singleton,schema_version,owner_id,generation,lease_expires_at,build_sha,catalog_revision,
	  catalog_sha256,projector_revision,projector_sha256) on public.notification_worker_runtime to notification_worker;
	grant select(organization_id,state,owner_id,generation,lease_expires_at,hard_deadline)
	  on public.notification_org_control to notification_worker;
	
	grant select(singleton,schema_version,owner_id,generation,lease_expires_at,build_sha,catalog_revision,
	  catalog_sha256,projector_revision,projector_sha256) on public.notification_worker_runtime to notification_projection_finalizer;
	grant update(generation) on public.notification_worker_runtime to notification_projection_finalizer;
	grant select(organization_id,state,owner_id,generation,lease_expires_at,hard_deadline)
	  on public.notification_org_control to notification_projection_finalizer;
	grant update(generation) on public.notification_org_control to notification_projection_finalizer;
	grant select(event_id,organization_id,catalog_revision,kind,schema_version,state,lease_owner,generation,
	  lease_expires_at,hard_deadline,terminal_owner_id,terminal_generation)
	  on public.notification_outbox to notification_projection_finalizer;
	grant update(state,completed_at,quarantine_reason,lease_owner,claimed_at,hard_deadline,lease_expires_at,
	  renewal_count,terminal_owner_id,terminal_generation) on public.notification_outbox to notification_projection_finalizer;
	grant select(organization_id,event_id,catalog_revision,kind,schema_version,projection_kind,adapter_revision,
	  claim_owner_id,claim_generation,candidate_count,body_byte_total,candidate_set_sha256,created_at,finalized_at)
	  on public.notification_projection_receipts to notification_projection_finalizer;
	grant update(finalized_at) on public.notification_projection_receipts to notification_projection_finalizer;
	grant select(organization_id,event_id,projection_kind,recipient_profile_id,candidate_sha256,body_byte_count)
	  on public.notification_audience_candidates to notification_projection_finalizer;
	
	grant execute on function public.notification_candidate_digest(uuid,uuid,text,uuid,text,text,text,text,text,text,text,text,text,integer)
	  to app_notification_worker;
	grant execute on function public.notification_projection_source_fence(uuid) to app_notification_worker;
	grant execute on function public.notification_finalize_audience(text) to app_notification_worker;
	grant execute on function public.notification_observe_audience() to app_notification_worker;
	
	-- Transfer exactly the three fixed definer functions through the admitted initial-membership
	-- bridge. A direct second finalizer GRANT/REVOKE crashes the supported Supabase PostgreSQL 17 image.
	grant create on schema public to notification_projection_finalizer;
	alter function public.notification_finalize_audience(text) owner to notification_projection_finalizer;
	alter function public.notification_observe_audience() owner to notification_projection_finalizer;
	alter function public.notification_projection_commit_guard() owner to notification_projection_finalizer;
	revoke create on schema public from notification_projection_finalizer;
	drop role notification_projection_owner_bridge;
	
	do $$
	declare forbidden text; finalizer_edge_count integer; app_edge_count integer; exact_owner_count integer;
	  server_major integer:=current_setting('server_version_num')::integer/10000;
	begin
	  foreach forbidden in array array['app_ledger','notification_worker','notification_coordinator',
	    'notification_health_reader','notification_event_trigger','anon','authenticated','service_role',
	    'app_assistant_ro','brain_vector_worker'] loop
	    if to_regrole(forbidden) is not null and (
	      pg_has_role(to_regrole(forbidden),to_regrole('app_notification_worker'),'MEMBER')
	      or pg_has_role(to_regrole(forbidden),to_regrole('notification_projection_finalizer'),'MEMBER')) then
	      raise exception 'Notification projection role is reachable from an application principal';
	    end if;
	  end loop;
	  if to_regrole('notification_projection_owner_bridge') is not null
	    or has_schema_privilege('notification_projection_finalizer','public','CREATE') then
	    raise exception 'Notification projection finalizer runtime authority was retained';
	  end if;
	  if not (select rolsuper from pg_roles where rolname=current_user)
	    and (pg_has_role(current_user,'notification_projection_finalizer','SET')
	      or pg_has_role(current_user,'notification_projection_finalizer','USAGE')) then
	    raise exception 'Notification projection migration actor retained finalizer authority';
	  end if;
	  if exists(
	    (select target.rolname,member.rolname,grantor.rolname,
	        membership.admin_option,membership.inherit_option,membership.set_option
	      from pg_auth_members membership
	      join pg_roles target on target.oid=membership.roleid
	      join pg_roles member on member.oid=membership.member
	      join pg_roles grantor on grantor.oid=membership.grantor
	      where target.rolname='notification_projection_finalizer'
	         or member.rolname='notification_projection_finalizer')
	    except
	    (select target,member,grantor,admin_option,inherit_option,set_option
	      from pg_temp.notification_projection_persistent_graph)
	  ) or exists(
	    (select target,member,grantor,admin_option,inherit_option,set_option
	      from pg_temp.notification_projection_persistent_graph)
	    except
	    (select target.rolname,member.rolname,grantor.rolname,
	        membership.admin_option,membership.inherit_option,membership.set_option
	      from pg_auth_members membership
	      join pg_roles target on target.oid=membership.roleid
	      join pg_roles member on member.oid=membership.member
	      join pg_roles grantor on grantor.oid=membership.grantor
	      where target.rolname='notification_projection_finalizer'
	         or member.rolname='notification_projection_finalizer')
	  ) then raise exception 'Notification projection persistent finalizer graph changed'; end if;
	  select count(*) into exact_owner_count from pg_proc
	    where proowner='notification_projection_finalizer'::regrole
	      and oid=any(array[
	        'public.notification_finalize_audience(text)'::regprocedure,
	        'public.notification_observe_audience()'::regprocedure,
	        'public.notification_projection_commit_guard()'::regprocedure]);
	  if exact_owner_count<>3 or (select count(*) from pg_proc
	      where proowner='notification_projection_finalizer'::regrole)<>3
	    or exists(select 1 from pg_class where relowner='notification_projection_finalizer'::regrole)
	    or exists(select 1 from pg_namespace where nspowner='notification_projection_finalizer'::regrole) then
	    raise exception 'Notification projection finalizer ownership is invalid';
	  end if;
	  select count(*) into finalizer_edge_count from pg_auth_members
	    where roleid='notification_projection_finalizer'::regrole;
	  select count(*) into app_edge_count from pg_auth_members
	    where roleid='app_notification_worker'::regrole;
	  if server_major=18 then
	    if finalizer_edge_count<>0 or app_edge_count<>1 or not exists(
	      select 1 from pg_auth_members membership
	      join pg_roles member_role on member_role.oid=membership.member
	      join pg_roles grantor_role on grantor_role.oid=membership.grantor
	      where membership.roleid='app_notification_worker'::regrole
	        and member_role.rolname=current_user and grantor_role.rolname=current_user
	        and not membership.admin_option and membership.inherit_option and membership.set_option
	    ) then
	      raise exception 'Notification projection finalizer creator edge changed';
	    end if;
	  elsif server_major=17 and (finalizer_edge_count<>1 or app_edge_count<>2 or not exists(
	    select 1 from pg_auth_members membership
	    join pg_roles member_role on member_role.oid=membership.member
	    join pg_roles grantor_role on grantor_role.oid=membership.grantor
	    where membership.roleid='notification_projection_finalizer'::regrole
	      and member_role.rolname='postgres' and grantor_role.rolname='supabase_admin'
	      and membership.admin_option and not membership.inherit_option and not membership.set_option
	  ) or not exists(
	    select 1 from pg_auth_members membership
	    join pg_roles member_role on member_role.oid=membership.member
	    join pg_roles grantor_role on grantor_role.oid=membership.grantor
	    where membership.roleid='app_notification_worker'::regrole
	      and member_role.rolname='postgres' and grantor_role.rolname='postgres'
	      and not membership.admin_option and membership.inherit_option and membership.set_option
	  ) or not exists(
	    select 1 from pg_auth_members membership
	    join pg_roles member_role on member_role.oid=membership.member
	    join pg_roles grantor_role on grantor_role.oid=membership.grantor
	    where membership.roleid='app_notification_worker'::regrole
	      and member_role.rolname='postgres' and grantor_role.rolname='supabase_admin'
	      and membership.admin_option and not membership.inherit_option and not membership.set_option
	  ) or pg_has_role('postgres','notification_projection_finalizer','USAGE')
	    or pg_has_role('postgres','notification_projection_finalizer','SET')) then
	    raise exception 'Notification projection finalizer creator edge changed';
	  elsif server_major not in (17,18) then
	    raise exception 'Notification projection requires reviewed PostgreSQL 17 or 18';
	  end if;
	  drop table pg_temp.notification_projection_persistent_graph;
	end $$;
	
	-- Retarget only the ten reviewed PUBLIC policies. ALTER POLICY changes only the
	-- role array: command, permissiveness and USING/WITH CHECK expressions stay byte-for-byte catalog
	-- equivalents. The actual relation owner is retained explicitly and can never be a Slice5 role.
	do $$
	declare owner_name text;
	begin
	  select pg_get_userbyid(relowner) into owner_name from pg_class where oid='public.organizations'::regclass;
	  if owner_name in ('app_notification_worker','notification_projection_finalizer') then
	    raise exception 'Notification projection source ownership is invalid';
	  end if;
	  execute format('alter policy organizations_admin_all on public.organizations to anon,authenticated,service_role,%I',owner_name);
	  execute format('alter policy organizations_member_select on public.organizations to anon,authenticated,service_role,%I',owner_name);
	
	  select pg_get_userbyid(relowner) into owner_name from pg_class where oid='public.organization_members'::regclass;
	  if owner_name in ('app_notification_worker','notification_projection_finalizer') then
	    raise exception 'Notification projection source ownership is invalid';
	  end if;
	  execute format('alter policy organization_members_admin_all on public.organization_members to anon,authenticated,service_role,app_ledger,%I',owner_name);
	  execute format('alter policy organization_members_self_select on public.organization_members to anon,authenticated,service_role,app_ledger,%I',owner_name);
	
	  select pg_get_userbyid(relowner) into owner_name from pg_class where oid='public.profiles'::regclass;
	  if owner_name in ('app_notification_worker','notification_projection_finalizer') then
	    raise exception 'Notification projection source ownership is invalid';
	  end if;
	  execute format('alter policy profiles_self_select on public.profiles to anon,authenticated,service_role,app_ledger,%I',owner_name);
	  execute format('alter policy profiles_self_update on public.profiles to anon,authenticated,service_role,%I',owner_name);
	
	  select pg_get_userbyid(relowner) into owner_name from pg_class where oid='public.permission_rules'::regclass;
	  if owner_name in ('app_notification_worker','notification_projection_finalizer') then
	    raise exception 'Notification projection source ownership is invalid';
	  end if;
	  execute format('alter policy permission_rules_org_guc on public.permission_rules to anon,authenticated,service_role,app_ledger,%I',owner_name);
	
	  select pg_get_userbyid(relowner) into owner_name from pg_class where oid='public.join_request'::regclass;
	  if owner_name in ('app_notification_worker','notification_projection_finalizer') then
	    raise exception 'Notification projection source ownership is invalid';
	  end if;
	  execute format('alter policy join_request_admin_all on public.join_request to anon,authenticated,service_role,%I',owner_name);
	  execute format('alter policy join_request_self_insert on public.join_request to anon,authenticated,service_role,%I',owner_name);
	  execute format('alter policy join_request_self_select on public.join_request to anon,authenticated,service_role,%I',owner_name);
	end $$;
	
	grant select(id,status) on public.organizations to app_notification_worker;
	grant select(organization_id,profile_id,role) on public.organization_members to app_notification_worker;
	grant select(id,role) on public.profiles to app_notification_worker;
	grant select(org_id,profile_id,role_key) on public.member_roles to app_notification_worker;
	grant select(org_id,role_key,module,can_manage,field_level,if_owner)
	  on public.permission_rules to app_notification_worker;
	grant select(id,organization_id,supabase_id,user_id,status,created_at,reviewed_at)
	  on public.join_request to app_notification_worker;
	
	-- One nonrecursive policy per source relation. Every branch derives its subject from the exact
	-- live event or immutable projected receipt through notification_projection_source_fence().
	create policy notification_projection_organizations_select on public.organizations
	  as permissive for select to app_notification_worker
	  using(id::text=current_setting('app.current_org_id',true)
	    and public.notification_projection_source_fence(id));
	
	create policy notification_projection_organization_members_select on public.organization_members
	  as permissive for select to app_notification_worker
	  using(organization_id::text=current_setting('app.current_org_id',true)
	    and public.notification_projection_source_fence(organization_id));
	
	create policy notification_projection_member_roles_select on public.member_roles
	  as permissive for select to app_notification_worker
	  using(org_id::text=current_setting('app.current_org_id',true)
	    and public.notification_projection_source_fence(org_id));
	
	create policy notification_projection_permission_rules_select on public.permission_rules
	  as permissive for select to app_notification_worker
	  using(org_id::text=current_setting('app.current_org_id',true) and module='users'
	    and public.notification_projection_source_fence(org_id));
	
	create policy notification_projection_join_request_select on public.join_request
	  as permissive for select to app_notification_worker
	  using(join_request.organization_id=current_setting('app.current_org_id',true)
	    and join_request.organization_id ~* '^[0-9a-f]{8}-[0-9a-f]{4}-[0-9a-f]{4}-[0-9a-f]{4}-[0-9a-f]{12}$'
	    and public.notification_projection_source_fence(join_request.organization_id::uuid)
	    and exists(select 1 from public.notification_events e
	      where e.organization_id::text=join_request.organization_id and e.subject_type='join_request'
	        and e.subject_id=join_request.id));
	
	create policy notification_projection_profiles_select on public.profiles
	  as permissive for select to app_notification_worker
	  using(public.notification_projection_source_fence(
	      case when current_setting('app.current_org_id',true)
	        ~* '^[0-9a-f]{8}-[0-9a-f]{4}-[0-9a-f]{4}-[0-9a-f]{4}-[0-9a-f]{12}$'
	      then current_setting('app.current_org_id',true)::uuid else null::uuid end)
	    and (
	      exists(select 1 from public.organization_members m
	        where m.organization_id::text=current_setting('app.current_org_id',true) and m.profile_id=profiles.id)
	      or exists(select 1 from public.join_request j join public.notification_events e
	          on e.organization_id::text=j.organization_id and e.subject_type='join_request' and e.subject_id=j.id
	        where j.organization_id=current_setting('app.current_org_id',true)
	          and j.supabase_id=profiles.id and j.user_id=j.supabase_id::text)
	    ));
	
	-- No source policy can remain globally applicable after the exact retarget.
	do $$
	declare source_policy_count integer;
	begin
	  if exists(select 1 from pg_policy p where p.polrelid=any(array[
	      'public.organizations'::regclass,'public.organization_members'::regclass,
	      'public.profiles'::regclass,'public.member_roles'::regclass,
	      'public.permission_rules'::regclass,'public.join_request'::regclass])
	      and 0=any(p.polroles)) then
	    raise exception 'Notification projection source policy remains PUBLIC';
	  end if;
	  select count(*) into source_policy_count from pg_policy p
	    where p.polrelid=any(array[
	      'public.organizations'::regclass,'public.organization_members'::regclass,
	      'public.profiles'::regclass,'public.member_roles'::regclass,
	      'public.permission_rules'::regclass,'public.join_request'::regclass])
	      and p.polname like 'notification_projection_%_select'
	      and p.polroles=array['app_notification_worker'::regrole::oid]
	      and p.polpermissive and p.polcmd='r';
	  if source_policy_count<>6 then
	    raise exception 'Notification projection source policy installation is incomplete';
	  end if;
	end $$;
	
172.17.0.1 2026-10-03 20:47:43.775 UTC [114] postgres@postgres LOG:  statement: create temporary table pg_temp.s5_failure_event_graph_before on commit preserve rows as
	select target.rolname as target,member.rolname as member,grantor.rolname as grantor,
	  membership.admin_option,membership.inherit_option,membership.set_option
	from pg_auth_members membership
	join pg_roles target on target.oid=membership.roleid
	join pg_roles member on member.oid=membership.member
	join pg_roles grantor on grantor.oid=membership.grantor
	where target.rolname='notification_event_trigger' or member.rolname='notification_event_trigger';
172.17.0.1 2026-10-03 20:47:43.785 UTC [114] postgres@postgres LOG:  statement: create temporary table pg_temp.s5_failure_enqueue_before on commit preserve rows as
	select pg_get_userbyid(proowner) as owner_name,prosecdef,proconfig::text as proconfig,
	  proacl::text as proacl,pg_get_functiondef(oid) as definition
	from pg_proc where oid='public.notification_event_enqueue()'::regprocedure;
172.17.0.1 2026-10-03 20:47:43.794 UTC [114] postgres@postgres LOG:  statement: create temporary table pg_temp.s5_failure_schema_before on commit preserve rows as
	select nspacl::text as nspacl from pg_namespace where nspname='public';
172.17.0.1 2026-10-03 20:47:43.802 UTC [114] postgres@postgres LOG:  statement: grant create on schema public to notification_event_trigger;
172.17.0.1 2026-10-03 20:47:43.802 UTC [114] postgres@postgres LOG:  statement: create or replace function public.notification_event_enqueue() returns trigger
	language plpgsql security definer set search_path='' as $$
	begin
	  raise exception 'mutation must roll back';
	end $$;
172.17.0.1 2026-10-03 20:47:43.803 UTC [114] postgres@postgres LOG:  statement: revoke create on schema public from notification_event_trigger;
172.17.0.1 2026-10-03 20:47:43.803 UTC [114] postgres@postgres ERROR:  notification_projection_injected_after_event_owner_replacement
172.17.0.1 2026-10-03 20:47:43.803 UTC [114] postgres@postgres CONTEXT:  PL/pgSQL function inline_code_block line 1 at RAISE
172.17.0.1 2026-10-03 20:47:43.803 UTC [114] postgres@postgres STATEMENT:  do $$ begin raise exception 'notification_projection_injected_after_event_owner_replacement'; end $$;
172.17.0.1 2026-10-03 20:47:43.804 UTC [114] postgres@postgres WARNING:  there is no transaction in progress
172.17.0.1 2026-10-03 20:47:43.837 UTC [115] postgres@postgres LOG:  statement: create temporary table pg_temp.s5_event_graph_before on commit preserve rows as
	select target.rolname as target,member.rolname as member,grantor.rolname as grantor,
	  membership.admin_option,membership.inherit_option,membership.set_option
	from pg_auth_members membership
	join pg_roles target on target.oid=membership.roleid
	join pg_roles member on member.oid=membership.member
	join pg_roles grantor on grantor.oid=membership.grantor
	where target.rolname='notification_event_trigger' or member.rolname='notification_event_trigger';
172.17.0.1 2026-10-03 20:47:43.843 UTC [115] postgres@postgres LOG:  statement: create temporary table pg_temp.s5_enqueue_before on commit preserve rows as
	select pg_get_userbyid(proowner) as owner_name,prosecdef,proconfig,
	  proacl::text as proacl,pg_get_functiondef(oid) as definition
	from pg_proc where oid='public.notification_event_enqueue()'::regprocedure;
172.17.0.1 2026-10-03 20:47:43.846 UTC [115] postgres@postgres LOG:  statement: create temporary table pg_temp.s5_schema_before on commit preserve rows as
	select nspacl::text as nspacl from pg_namespace where nspname='public';
172.17.0.1 2026-10-03 20:47:43.859 UTC [115] postgres@postgres LOG:  statement: grant create on schema public to notification_event_trigger;
172.17.0.1 2026-10-03 20:47:43.860 UTC [115] postgres@postgres LOG:  statement: create or replace function public.notification_event_enqueue() returns trigger
	language plpgsql security definer set search_path='' as $$
	begin
	  if tg_relid<>'public.notification_events'::regclass or tg_table_schema<>'public'
	    or tg_table_name<>'notification_events' or tg_op<>'INSERT' or tg_when<>'AFTER' then
	    raise exception 'Notification enqueue trigger source is invalid';
	  end if;
	  insert into public.notification_outbox(event_id,organization_id,catalog_revision,kind,schema_version)
	    values(new.id,new.organization_id,new.catalog_revision,new.kind,new.schema_version);
	  return new;
	end $$;
172.17.0.1 2026-10-03 20:47:43.862 UTC [115] postgres@postgres LOG:  statement: revoke create on schema public from notification_event_trigger;
172.17.0.1 2026-10-03 20:47:43.862 UTC [115] postgres@postgres LOG:  statement: drop role notification_projection_owner_bridge;
